case_id,ticker,cik,sector,market_cap_at_entry,entry_date,entry_cross_section,outcome_class,forward_return_3yr,sp500_return_3yr,alpha_3yr,baseline_v1_confidence,baseline_v1_trajectory,baseline_v2_confidence,baseline_v2_trajectory,enriched_v2_confidence,enriched_v2_trajectory,classification_changed_v2,most_impactful_source_v2,key_insight_v2,form4_data_found,form4_purchases_count,form4_purchases_value,form4_sales_count,form4_sales_value,form4_net_direction,form4_net_value,form4_buy_sell_ratio,customer_conc_found,customer_conc_summary,management_14a_found,management_14a_summary
MC-NEU-2022-03-31,NEU,0001282637,Materials,5992235209,2022-03-31,2022-Q1,winner,0.7463,0.28,0.4663,medium,deteriorating,medium,stable,medium,stable,false,CUSTOMER_CONCENTRATION,"High customer concentration in lubricant/fuel industries is a notable risk amplifier, but small routine insider selling ($387K by one executive) provides no directional signal.",true,0,0,2,387458,NET_SELLING,-387458,0,true,"Found 5 customer concentration references. Key excerpts: [1] ""petitors may be able to better withstand changes in conditions within our industry, changes in the prices for raw materials, and changes in general economic conditions. 

We rely on a small number of significant customers concentrated in the lubricant and fuel industries. The loss of sales to any of..."" [2] "", and consumer confidence in future economic conditions. A sudden or protracted downturn in these industries could adversely aff",true,"DEF 14A filed 2022-03-11. Executive changes detected in compensation section. Excerpt: ""nt of Independent Registered Public
Accounting Firm 

32 

Proposal 3: Advisory Vote on Approval of Executive Compensation (Say-on-Pay) 

33 

Shareholder Proposals 

34 

Certain Matters Relating to Proxy Materials and Annual
Reports 

36 

Other Matters 

36 

Annex A: NewMarket Corporation Independence Determination
Guidelines 

A-1 

Table of Contents 

PROXY STATEMENT 

FOR 

ANNUAL MEETING OF
SHAREHOLDE"
MC-OLN-2020-09-30,OLN,0000074303,Materials,3301122440,2020-09-30,2020-Q3,winner,3.0372,0.3,2.7372,high,deteriorating,medium,improving,high,improving,false,INSIDER_TRADING,Strong NET_BUYING ($601K) by COO and multiple C-suite during COVID trough confirms improving trajectory with high conviction — insiders buying with own money at depressed prices.,true,6,601105,0,0,NET_BUYING,601105,999,true,"Found 3 customer concentration references. Key excerpts: [1] ""f operations. In addition, our operating results could be adversely affected by increased costs due to increased competition for employees or higher employee turnover, which may result in the loss of significant customer business or increased costs. 

Pension Plans The impact of declines in global e..."" [2] ""ch as chlorine and chlorinated organics, in substantial quantities to a relatively small number of industrial users. Olin has si",true,"DEF 14A filed 2020-03-20. Executive changes detected in compensation section. Excerpt: ""ARE AND SUSTAINABILITY 

26 

EXECUTIVE OFFICERS 

27 

COMPENSATION DISCUSSION AND ANALYSIS 

29 

EXECUTIVE COMPENSATION 

43 

PAY RATIO DISCLOSURE 

61 

DIRECTOR COMPENSATION 

62 

COMPENSATION COMMITTEE REPORT 

65 

ITEM 2 PROPOSAL TO CONDUCT AN ADVISORY VOTE TO APPROVE THE COMPENSATION FOR NAMED EXECUTIVE OFFICERS 

65 

Vote Required for Approval 

65 

ITEM 3 PROPOSAL TO RATIFY APPOINTMENT OF INDEP"
MC-VKTX-2020-09-30,VKTX,0001607678,Health Care,3844487458,2020-09-30,2020-Q3,winner,0.9021,0.3,0.6021,high,deteriorating,low,stable,low,stable,false,INSIDER_TRADING,"NET_SELLING ($1.6M) driven by Ligand Pharmaceuticals reducing its stake is a large-shareholder portfolio action, not a management signal for this pre-revenue biotech.",true,0,0,8,1643227,NET_SELLING,-1643227,0,true,"Found 1 customer concentration references. Key excerpts: [1] ""r income (expense). The cost of securities sold is based on the specific identification method. Interest and dividends on securities classified as available-for-sale are included in interest income.

Concentration of Credit Risk

Financial instruments, which potentially subject the Company to concen...""",true,"DEF 14A filed 2020-04-06. No obvious executive changes in compensation section. Excerpt: ""reviewing and recommending to our Board for approval the frequency with which we conduct a vote on executive compensation, taking into account the results of the most recent stockholder advisory vote on the frequency of the vote on executive compensation, and reviewing and approving the proposals regarding the frequency of the vote on executive compensation to be included in our annual meeting proxy stateme"
MC-PSN-2020-09-30,PSN,0000275880,Industrials,5725389382,2020-09-30,2020-Q3,winner,0.6205,0.3,0.3205,high,stable,medium,stable,medium,improving,true,INSIDER_TRADING,President and COO open-market purchase ($265K) during COVID combined with stable US government contract base signals management confidence in recovery trajectory.,true,1,265367,0,0,NET_BUYING,265367,999,true,"Found 4 customer concentration references. Key excerpts: [1] ""re not consistent with applicable laws and regulations and result in adjustments to contract costs and mandatory customer refunds. Such adjustments can be applied retroactively, which could result in significant customer refunds, and those refunds would negatively impact our revenue. Receipt of adve..."" [2] ""nt were harmed, our future revenues and cash flows would be adversely affected. 

The U.S. federal government and its agencies, ",true,"DEF 14A filed 2020-03-10. No obvious executive changes in compensation section. Excerpt: ""tement;

4. A non-binding, advisory vote on the
frequency of future advisory votes to approve named executive compensation;

5. The approval of the Employee Stock Purchase Plan; and

6. The transaction of any other business that may properly be brought before the
annual meeting.

The Board of Directors recommends that you vote FOR Proposals 1, 2, 3 and 5 and EVERY YEAR for Proposal 4. 

Record Date: 

Only "
MC-CXT-2020-09-30,CXT,0000025445,Information Technology,2370155216,2020-09-30,2020-Q3,winner,2.1918,0.3,1.8918,high,stable,medium,stable,medium,stable,false,CUSTOMER_CONCENTRATION,No customer exceeds 10% of revenue providing strong diversification; CEO purchased shares but amount is small ($80K) while VP-level selling dominates — net neutral enrichment.,true,2,79609,9,1917500,NET_SELLING,-1837891,0.042,true,"Found 1 customer concentration references. Key excerpts: [1] ""of which is of such importance that termination would materially affect our business. From time to time, however, we do engage in litigation to protect our intellectual property. 

Our Customers 

No customer accounted for more than 10% of our consolidated revenues in 2019, 2018 or 2017. 

Backlog 
...""",true,"DEF 14A filed 2020-03-13. No obvious executive changes in compensation section. Excerpt: ""ces 

The Management Organization and Compensation Committee is firmly committed to implementing an executive compensation program that aligns management and stockholder interests, encourages executives to
drive sustainable stockholder value creation, and helps retain key personnel. Key elements of our pay practices are as follows: 

WHAT WE DO 

WHAT WE DON T DO 

Pay for performance, aligning
executive pa"
MC-ADC-2016-03-31,ADC,0000917251,Real Estate,7979303816,2016-03-31,2016-Q1,winner,0.7751,0.44,0.3351,high,deteriorating,medium,stable,high,improving,true,INSIDER_TRADING,"CEO, Executive Chairman, and board member collectively purchased $1.4M in open-market buys with a 2.17 buy/sell ratio — strong bullish conviction from the top for this net-lease REIT.",true,10,1440848,4,664619,NET_BUYING,776229,2.168,true,"Found 1 customer concentration references. Key excerpts: [1] ""cash equivalents consist of
cash and money market accounts. The account balances periodically exceed the Federal Deposit Insurance Corporation (""FDIC"")
insurance coverage, and as a result, there is a concentration of credit risk related to amounts on deposit in excess of FDIC insurance
coverage. As ...""",true,"DEF 14A filed 2016-03-18. No obvious executive changes in compensation section. Excerpt: ""LP as our independent registered public accounting firm for 2016;

To approve, by non-binding vote, executive compensation;

To consider and approve an amendment to our Articles of Incorporation, as amended and supplemented (our Charter ) to increase the number of authorized shares of our common stock from 28 million shares to 45 million shares, as set forth in the form of Articles of Amendment attached as "
MC-VKTX-2022-03-31,VKTX,0001607678,Health Care,3844487458,2022-03-31,2022-Q1,winner,7.05,0.28,6.77,high,deteriorating,low,stable,low,stable,false,INSIDER_TRADING,Mixed insider activity (one $114K purchase vs $646K in sales) at small dollar amounts is uninformative for a clinical-stage biotech where pipeline outcomes dominate trajectory.,true,1,113800,10,646456,NET_SELLING,-532656,0.176,true,"Found 1 customer concentration references. Key excerpts: [1] ""r income (expense). The cost of securities sold is based on the specific identification method. Interest and dividends on securities classified as available-for-sale are included in interest income.

Concentration of Credit Risk

Financial instruments, which potentially subject the Company to concen...""",true,"DEF 14A filed 2021-04-08. No obvious executive changes in compensation section. Excerpt: ""r record of stockholder engagement, will consider the results in making future decisions concerning executive compensation and the frequency of future advisory votes to approve the compensation of our named executive officers.

What is the effect of abstentions and broker non-votes?

Abstentions : Under Delaware law (under which Viking is incorporated), withheld votes and abstentions are counted as shares p"
MC-ELF-2020-09-30,ELF,0001600033,Consumer Staples,3771938748,2020-09-30,2020-Q3,winner,4.9788,0.3,4.6788,medium,stable,medium,stable,medium,stable,false,INSIDER_TRADING,"NET_SELLING ($4M) across multiple executives with zero purchases looks concerning in isolation, but for a high-growth consumer staples company this reflects routine equity-compensation monetization.",true,0,0,16,3970099,NET_SELLING,-3970099,0,false,No customer concentration language found in 10-K.,true,"DEF 14A filed 2020-07-17. No obvious executive changes in compensation section. Excerpt: ""rs 

8 

Compensation Committee report 

54 

Proposal 1: Election of three class I directors 

8 

Executive compensation tables 

55 

Nominees 

9 

Summary compensation table 

55 

Continuing directors 

12 

Grants of plan-based awards 

56 

Our board 

18 

Outstanding awards at fiscal year-end 

57 

Membership and key attributes 

18 

Stock option exercises and stock vested 

58 

The role and re"
MC-KNSL-2020-09-30,KNSL,0001669162,Financials,7804444967,2020-09-30,2020-Q3,winner,1.1776,0.3,0.8776,high,stable,high,improving,medium,improving,false,INSIDER_TRADING,"Massive coordinated C-suite selling ($16.3M by CEO, COO, CFO across 63 transactions) tempers confidence in improving trajectory — likely profit-taking in a fast-growing specialty insurer but scale warrants monitoring.",true,2,394239,63,16693791,NET_SELLING,-16299552,0.024,true,"Found 2 customer concentration references. Key excerpts: [1] ""or unwilling to perform under the reinsurance contracts. In establishing our reinsurance allowance for amounts deemed uncollectible, we evaluate the financial condition of our reinsurers and monitor concentration of credit risk arising from our exposure to individual reinsurers. To determine if an a..."" [2] ""16.1 million , at December 31, 2019 and 2018 , respectively. Allowances are established for amounts deemed uncollectible. The Co",true,"DEF 14A filed 2020-04-13. No obvious executive changes in compensation section. Excerpt: ""rve a one-year term until the 2021 Annual Meeting of Stockholders; 

2. To hold an advisory vote on executive compensation; 

3. To ratify the appointment of KPMG LLP as our independent registered public accounting firm for our fiscal year 2020; and 

4. To transact any other business as may properly come before the Annual Meeting and any adjournment or postponement thereof. 

Record Date 

You are entitled"
MC-WEX-2022-03-31,WEX,0001309108,Financials,6020282736,2022-03-31,2022-Q1,trap,-0.1201,0.28,-0.4001,medium,deteriorating,medium,stable,medium,stable,false,CUSTOMER_CONCENTRATION,All selling is option-exercise-related (38 exercises matching 38 sales) which is the most routine form of insider selling; no customer exceeds 10% providing good diversification.,true,0,0,38,2551099,NET_SELLING,-2551099,0,true,"Found 2 customer concentration references. Key excerpts: [1] ""r revenue 

171,334 

19,062 

46,833 

237,229 

Total revenues 

$ 

1,038,395 

$ 

367,826 

$ 

317,470 

$ 

1,723,691 

Interest income 

$ 

6,249 

$ 

1,521 

$ 

1,534 

$ 

9,304 

No one customer accounted for more than 10 percent of the total consolidated revenue in 2021, 2020 or 2019...."" [2] "", the majority of the Travel and Corporate Solutions segment charge-offs is associated with the sale of the WEX Latin America bu",true,"DEF 14A filed 2021-04-21. Executive changes detected in compensation section. Excerpt: ""d Practices, Policies , and Processes 

31 

Director Compensation 

35 

Executive Officers 

39 

Executive Compensation 

41 

Proposal 2 Advisory (Non-Binding) Vote on the Compensation of Our Named Executive Officers 

41 

Certain statements in this proxy statement, other than purely historical information, including estimates, projections, statements relating to our business plans, objectives and expect"
MC-KNSL-2018-12-31,KNSL,0001669162,Financials,7804444967,2018-12-31,2018-Q4,winner,3.2817,0.58,2.7017,medium,stable,high,improving,high,improving,false,INSIDER_TRADING,NET_SELLING ($3.8M) by CEO and others is more moderate than the 2020 snapshot and consistent with early-growth-stage monetization — does not undermine improving trajectory at this phase.,true,0,0,13,3817733,NET_SELLING,-3817733,0,true,"Found 2 customer concentration references. Key excerpts: [1] ""or unwilling to perform under the reinsurance contracts. In establishing our reinsurance allowance for amounts deemed uncollectible, we evaluate the financial condition of our reinsurers and monitor concentration of credit risk arising from our exposure to individual reinsurers. To determine if an a..."" [2] ""$13.5 million , at December 31, 2017 and 2016 , respectively. Allowances are established for amounts deemed uncollectible. The C",true,"DEF 14A filed 2018-04-09. No obvious executive changes in compensation section. Excerpt: ""e-year term if Proposal 1 to declassify our board is not approved; 

4. To hold an advisory vote on executive compensation; 

5. To hold an advisory vote on the frequency of holding an advisory vote on executive compensation; 

6. To ratify the appointment of KPMG LLP as our independent registered public accounting firm for our fiscal year 2018; and 

7. To transact any other business as may properly come b"
MC-BFAM-2022-03-31,BFAM,0001437578,Consumer Discretionary,4657162733,2022-03-31,2022-Q1,trap,-0.0426,0.28,-0.3226,medium,stable,medium,stable,medium,deteriorating,true,INSIDER_TRADING,"Heavy coordinated selling ($13.5M) by CEO, CFO, and COO with zero insider purchases, combined with detected executive changes, suggests management may lack confidence in post-COVID recovery trajectory.",true,0,0,17,13529107,NET_SELLING,-13529107,0,false,No customer concentration language found in 10-K.,true,"DEF 14A filed 2021-04-29. Executive changes detected in compensation section. Excerpt: ""h Related Persons 

28 

Stock Ownership Information 

29 

Delinquent Section 16(a) Reports 

31 

Executive Compensation 

32 

Compensation Discussion and Analysis 

32 

Compensation Committee Report 

43 

Summary Compensation Table 

44 

Grants of Plan-Based Awards 

45 

Outstanding Equity Awards at Fiscal Year-End 

46 

Option Exercises and Stock Vested 

47 

Nonqualified Deferred Compensation 

47"
MC-ARW-2020-09-30,ARW,0000007536,Information Technology,7473160968,2020-09-30,2020-Q3,winner,0.5922,0.3,0.2922,high,stable,medium,stable,medium,stable,false,CUSTOMER_CONCENTRATION,No customer exceeds 2% of revenue providing exceptional diversification for this IT distributor; C-suite selling ($8.6M) is typical for well-compensated executives at a $25B+ revenue company.,true,0,0,10,8584306,NET_SELLING,-8584306,0,true,"Found 1 customer concentration references. Key excerpts: [1] ""over 175,000 industrial and commercial customers. Industrial customers range from major OEMs and CMs to small engineering firms, while commercial customers primarily include VARs, MSPs, and OEMs. No single customer accounted for more than 2% of the company's 2019 consolidated sales. 

The company's ...""",true,"DEF 14A filed 2020-04-01. No obvious executive changes in compensation section. Excerpt: ""posal 2 &#xF03A; Ratification of Appointment of Auditors 

30

Proposal 3 &#xF03A; Advisory Vote on Executive Compensation 

31

Report of the Compensation Committee 

32

Compensation Discussion and Analysis 

33

Executive Compensation 

33

Executive Summary 

33

2019 Business Strategy and Highlights 

33

2019 Say-on-Pay 

34

Best Compensation Practices and Policies 

35

2019 Compensation Actions 

3"
MC-LOPE-2022-03-31,LOPE,0001434588,Consumer Discretionary,4866850278,2022-03-31,2022-Q1,winner,0.7817,0.28,0.5017,medium,deteriorating,medium,stable,medium,stable,false,INSIDER_TRADING,Only the CIO sold shares ($1.6M) with no CEO/CFO activity — a single non-C-suite executive selling provides minimal signal for this education services company.,true,0,0,8,1553203,NET_SELLING,-1553203,0,true,"Found 1 customer concentration references. Key excerpts: [1] ""quency and severity of claims. There may be differences between actual settlement amounts and recorded reserves and any resulting adjustments are included in expense once a probable amount is known.

Concentration of Credit Risk

The Company believes the credit risk related to cash equivalents and i...""",true,"DEF 14A filed 2021-04-29. No obvious executive changes in compensation section. Excerpt: ""NO. 2 ADVISORY VOTE TO APPROVE NAMED EXECUTIVE OFFICER COMPENSATION 

29

EXECUTIVE OFFICERS 

31

EXECUTIVE COMPENSATION 

33

Compensation Discussion and Analysis 

33

Clawback Policy 

43

Compensation of Named Executive Officers 

45

Executive Employment Agreements 

48

Potential Payments upon Termination or Change in Control 

51

Compensation Committee Report 

51

PROPOSAL NO. 3 RATIFICATION OF IN"
MC-AVTR-2020-09-30,AVTR,0001722482,Health Care,5222522779,2020-09-30,2020-Q3,trap,-0.0627,0.3,-0.3627,medium,deteriorating,medium,improving,medium,improving,false,INSIDER_TRADING,"The $2.1B in selling (118M shares) is clearly PE-sponsor exit activity post-IPO, not executive sentiment — this structural selling pattern should be excluded from directional analysis.",true,0,0,20,2091821150,NET_SELLING,-2091821150,0,true,"Found 1 customer concentration references. Key excerpts: [1] ""synergies, which we believe will favorably impact our results in 2020 and beyond. 

Our AMEA region is experiencing significant growth 

In 2019 , net sales grew by nearly 15% in the AMEA region. Our largest customers in this region are in the biopharma and advanced technologies & applied materials ...""",true,"DEF 14A filed 2020-04-08. No obvious executive changes in compensation section. Excerpt: ""s named executive officers and the frequency with which we
will conduct the advisory votes on named executive compensation. 

Your vote is very important. Whether or not you plan to attend in person, we encourage you to sign
and return your proxy card, or use telephone or Internet voting prior to the meeting, so that your shares of common stock will be represented and voted at the meeting. If you attend the"
MC-KBR-2020-09-30,KBR,0001357615,Industrials,4970535826,2020-09-30,2020-Q3,winner,1.636,0.3,1.336,medium,improving,medium,stable,medium,stable,false,CUSTOMER_CONCENTRATION,CFO open-market buying ($201K) is a mildly bullish signal offset by broader selling; significant government customer concentration is a known structural feature that cuts both ways for this defense/engineering firm.,true,4,200957,13,1780647,NET_SELLING,-1579690,0.113,true,"Found 5 customer concentration references. Key excerpts: [1] ""rred and ready for their intended use. The amount of renumeration from the customer to the contracting entity is negotiated on each contract and varies depending on the specific terms for each PFI. 

Significant Customers 

We provide services to a diverse customer base, including: 

domestic and fo..."" [2] ""rse effect on the margins we generate from our projects as well as our ability to maintain or increase market share. 

A portion",true,"DEF 14A filed 2020-03-30. No obvious executive changes in compensation section. Excerpt: ""ty
Focus 31 Security Ownership of Certain Beneficial Owners and Management 32 Executive Officers 33 Executive Compensation 37 Compensation
Discussion and Analysis 38 Executive Summary 38 Overview of Executive Compensation Philosophy, Policies and Practices 41 No Significant
Changes Made in 2019 to KBR's Compensation Program 44 Advisory Vote on Compensation and Stockholder Engagement 44 Summary
of 2019 Compe"
MC-VVV-2020-09-30,VVV,0001674910,Consumer Discretionary,4404032484,2020-09-30,2020-Q3,winner,0.6933,0.3,0.3933,medium,deteriorating,medium,stable,medium,stable,false,CUSTOMER_CONCENTRATION,All insider selling is option-exercise-related providing no directional signal; top-5 retail customer dependency is a moderate risk amplifier but no single customer exceeds 10%.,true,0,0,25,1978543,NET_SELLING,-1978543,0,true,"Found 3 customer concentration references. Key excerpts: [1] ""anging market dynamics, Valvoline s results of operations could be negatively affected. The loss of, or significant reduction in orders from, one of Valvoline s top five retail customers or any other significant customer could have a material adverse effect on its business, financial condition, resu..."" [2] ""er in evaluating segment performance and are separately delineated within Unallocated and other to reconcile to total reported O",true,"DEF 14A filed 2019-12-16. No obvious executive changes in compensation section. Excerpt: ""f our independent
registered public accounting firm;

Non-binding advisory resolution approving our executive compensation; and

Consideration and transaction of any other business
properly brought before the meeting.

You can vote one of the following ways 

Internet 

Visit the website listed on your proxy card to vote

VIA THE INTERNET 

Telephone 

Call the telephone number specified on your proxy card "
MC-WFRD-2022-03-31,WFRD,0001603923,Energy,6988881108,2022-03-31,2022-Q1,winner,0.6081,0.28,0.3281,high,deteriorating,medium,improving,medium,improving,false,MANAGEMENT,Post-bankruptcy option exercise selling ($6.1M) is expected as restructured equity unlocks; executive changes are consistent with post-restructuring normalization rather than distress.,true,0,0,11,6077259,NET_SELLING,-6077259,0,true,"Found 3 customer concentration references. Key excerpts: [1] ""ed customers, which may have a lower risk than smaller independent customers. Provisions for credit losses are recorded based on estimated losses on customer accounts that may become uncollectible. 

Major Customers and Credit Risk 

Substantially all of our customers are engaged in the energy indus..."" [2] ""ccounts receivable from customers. No other country accounted for more than 10% of our net outstanding accounts receivable balan",true,"DEF 14A filed 2020-04-27. Executive changes detected in compensation section. Excerpt: ""of Independent Auditors

FOR 

Based on the recommendation of
the audit committee

16

3. 

Approve Executive
Compensation

FOR 

The Board believes
Weatherford s executive compensation program effectively aligns executive compensation with performance

18

VOTING DEADLINE 

11:59 p.m. Eastern Time on June 11, 2020 

Voting instructions for shareholders of record and beneficial shareholders 

You may vote usi"
MC-GNTX-2022-03-31,GNTX,0000355811,Consumer Discretionary,5009665761,2022-03-31,2022-Q1,trap,-0.2012,0.28,-0.4812,medium,deteriorating,medium,stable,medium,deteriorating,true,CUSTOMER_CONCENTRATION,"Heavy CEO and C-suite selling ($7M, zero purchases) combined with extreme customer concentration in three cyclical automakers (VW, Toyota, GM) creates compounding downside risk.",true,0,0,22,7014866,NET_SELLING,-7014866,0,true,"Found 1 customer concentration references. Key excerpts: [1] ""ppliers): Volkswagen Group, Toyota Motor Company, and General Motors. The loss of all or a substantial portion of the sales to, or decreases in production by, any of these customers (or certain other significant customers) could have a material adverse effect on our business, financial condition, an...""",true,"DEF 14A filed 2021-04-09. No obvious executive changes in compensation section. Excerpt: ""ctors, nominees for election as directors, executive officers named in the tables under the caption EXECUTIVE COMPENSATION , current executive officers, and all directors and such executive officers as a group. The content of this table is based upon information supplied by the Company s named executive officers, directors and nominees for election as directors, and represents the Company s understanding of"
MC-THO-2022-03-31,THO,0000730263,Consumer Discretionary,4334218036,2022-03-31,2022-Q1,trap,-0.0367,0.28,-0.3167,low,deteriorating,medium,stable,low,stable,false,INSIDER_TRADING,MIXED insider signal (board members buying $2.3M vs $6.5M in sales) creates ambiguity rather than conviction for this cyclical RV manufacturer entering a potential demand downturn.,true,4,2279409,4,6547398,MIXED,-4267989,0.348,false,No customer concentration language found in 10-K.,true,"DEF 14A filed 2021-11-03. No obvious executive changes in compensation section. Excerpt: ""58 

2021 CEO Pay Ratio 

59 

Compensation Committee Interlocks and Insider Participants 

60 

EXECUTIVE COMPENSATION 

60 

Summary Compensation Table 

63 

Grants of Plan-Based Awards 

65 

Summary of Equity Compensation Plans 

68 

Outstanding Equity Awards at 2021 Fiscal Year-End 

69 

Option Exercises and Shares Vested in Fiscal Year 2021 

69 

Non-Qualified Deferred Compensation for Fiscal Year"
MC-PCTY-2022-03-31,PCTY,0001591698,Industrials,6205156525,2022-03-31,2022-Q1,trap,-0.0896,0.28,-0.3696,low,deteriorating,medium,stable,medium,stable,false,NONE,NET_SELLING ($127M) is large but from a high-growth HCM company where exec comp-driven sales are routine; no customer concentration risk found and management stable — enrichment does not alter baseline.,true,0,0,138,126956592,NET_SELLING,-126956592,0,false,No customer concentration language found in 10-K.,true,"DEF 14A filed 2021-10-21. Executive changes detected in compensation section. Excerpt: ""d programs as summarized in this discussion. 

This section discusses the philosophy underlying our executive compensation policies and decisions and the most important factors relevant to an analysis of these policies and decisions. It provides qualitative information regarding the manner and context in which compensation is awarded to and earned in fiscal 2021 by the following named executive officers and p"
MC-UGI-2020-09-30,UGI,0000884614,Utilities,7868600529,2020-09-30,2020-Q3,trap,-0.3026,0.3,-0.6026,medium,deteriorating,medium,deteriorating,medium,deteriorating,false,CUSTOMER_CONCENTRATION,Diversified utility customer base (no single customer >10%) and MIXED insider direction (buy/sell 0.64) are both neutral; customer concentration data confirms diversification but does not offset underlying utility sector headwinds.,true,8,1117563,2,1743373,MIXED,-625810,0.641,true,"Found 4 customer concentration references. Key excerpts: [1] ""ers, 21 of which have transportation contracts extending beyond Fiscal 2020. The majority of these customers are served under transportation contracts having 3- to 20-year terms and all are among the largest customers for Gas Utility in terms of annual volumes. No single customer represents, or is a..."" [2] ""r fuel customers 18%; and agricultural customers 4%. Transport gallons, which are large-scale deliveries to retail customers oth",true,"DEF 14A filed 2019-12-13. No obvious executive changes in compensation section. Excerpt: ""annual meeting of
shareholders; 

2. an advisory vote on a resolution to approve UGI
Corporation s executive compensation; 

3. the ratification of the
appointment of Ernst & Young LLP as our independent registered public accounting firm for Fiscal 2020; and 

4. the transaction of any other business that may properly come before the
meeting. 

Monica M. Gaudiosi 

Corporate Secretary 

Important Notice Reg"
MC-SIRI-2020-09-30,SIRI,0000908937,Communication,7774740638,2020-09-30,2020-Q3,trap,-0.1567,0.3,-0.4567,high,stable,medium,deteriorating,medium,deteriorating,false,NONE,"Only grants detected (no actual open-market buys or sales), so NET_SELLING label is misleading — effectively no insider signal; no customer concentration data and stable management leave baseline unchanged.",true,0,0,0,0,NET_SELLING,0,0,false,No customer concentration language found in 10-K.,true,"DEF 14A filed 2020-04-21. No obvious executive changes in compensation section. Excerpt: ""Corporation? 

26 

Does
SiriusXM have corporate governance guidelines and a code of ethics? 

27 

EXECUTIVE
COMPENSATION 

28 

Compensation
Committee Report 

46 

Summary
Compensation Table 

47 

Grants
of Plan-Based Awards in 2019 

48 

Outstanding
Equity Awards at Fiscal Year-End 2019 

49 

Option
Exercises and Stock Vested in 2019 

51 

Non-Qualified
Deferred Compensation 

51 

Potential
Payment"
MC-CACC-2022-03-31,CACC,0000885550,Financials,5328154730,2022-03-31,2022-Q1,trap,-0.0618,0.28,-0.3418,medium,stable,medium,deteriorating,high,deteriorating,false,INSIDER_TRADING,"Heavy NET_SELLING ($75.7M, 66 transactions, zero purchases) from senior officers at a subprime auto lender confirms deteriorating trajectory — insiders exiting a credit-risk-heavy business adds conviction to bearish baseline.",true,0,0,66,75697509,NET_SELLING,-75697509,0,true,"Found 1 customer concentration references. Key excerpts: [1] ""ograms that enable Dealers to sell vehicles to consumers, regardless of their credit history. We also provide Dealers the ability to offer or purchase ancillary products on vehicles financed by us. 

Major Customer Information 

We did not have any Dealers that provided 10% or more of our revenue du...""",true,"DEF 14A filed 2021-06-10. No obvious executive changes in compensation section. Excerpt: ""n March 2004. She is also a director of Vital Farms, Inc. Ms. Flanagan is a member of the Company s Executive Compensation Committee, Audit Committee and Nominating Committee. 

Vinayak R. Hegde age 51 Chief Marketplace Officer, Wheels Up Partners Holdings LLC 

Mr. Hegde has served as Chief Marketplace Officer of Wheels Up Partners Holdings LLC, a provider of on-demand private aviation, since May 2021. He "
MC-ST-2022-03-31,ST,0001477294,Industrials,5313580956,2022-03-31,2022-Q1,trap,-0.5227,0.28,-0.8027,medium,deteriorating,medium,deteriorating,high,deteriorating,false,INSIDER_TRADING,"NET_SELLING ($25.6M) by CEO and EVP combined with well-diversified customer base (largest at 6%) means concentration is not a risk, but insiders are exiting ahead of sensor/industrial cyclical downturn — reinforces bearish view.",true,0,0,20,25579978,NET_SELLING,-25579978,0,true,"Found 2 customer concentration references. Key excerpts: [1] ""where we lack established relationships with customers, we rely on third-party distributors to sell our products. We have had relationships with our top ten customers for an average of 30 years. Our largest customer accounted for approximately 6% of our net revenue for the year ended December 31, 20..."" [2] ""mated expected credit losses over the lifetime of our receivables. Our contract terms generally require the customer to make pay",true,"DEF 14A filed 2021-04-15. No obvious executive changes in compensation section. Excerpt: ""Corporate Governance 

15 

Board Committees and Meetings 

18 

PROPOSAL 2 ADVISORY RESOLUTION ON EXECUTIVE COMPENSATION 

23 

Executive Officers 

23 

Compensation Discussion and Analysis 

27 

Report of the Compensation Committee of the Board of Directors 

45 

Summary Compensation Tables and Narrative Disclosures 

46 

Potential Payments Upon Termination or Change in Control 

55 

CEO Pay Ratio Di"
MC-CUZ-2020-09-30,CUZ,0000025232,Real Estate,3651645370,2020-09-30,2020-Q3,trap,-0.2875,0.3,-0.5875,medium,stable,medium,deteriorating,medium,deteriorating,false,NONE,NET_SELLING ($2.5M) is modest for a REIT with routine comp-related sales; no customer concentration data and stable management — enrichment signals are too weak to alter baseline for this COVID-era office REIT.,true,1,64250,15,2611499,NET_SELLING,-2547249,0.025,false,No customer concentration language found in 10-K.,true,"DEF 14A filed 2020-03-11. No obvious executive changes in compensation section. Excerpt: ""Board of Directors (the Board of Directors or the Board ); 

(2) To approve, on an advisory basis, executive compensation, often referred to as say on pay; 

(3) To ratify the appointment of Deloitte & Touche LLP ( Deloitte ) as our independent registered public accounting firm for the year ending December 31, 2020; and 

(4) To transact any other business as may properly come before the meeting. 

All hold"
MC-ELF-2022-03-31,ELF,0001600033,Consumer Staples,3771938748,2022-03-31,2022-Q1,winner,1.4309,0.28,1.1509,medium,improving,medium,improving,medium,improving,false,CUSTOMER_CONCENTRATION,"Walmart (26%) and Target (22%) represent nearly half of revenue — significant concentration risk acknowledged, but NET_SELLING is routine for a fast-growing consumer brand; concentration risk is a known factor already priced into baseline.",true,0,0,45,23053248,NET_SELLING,-23053248,0,true,"Found 3 customer concentration references. Key excerpts: [1] ""ers, we make investments in working capital to ensure inventory levels can support demand. Fluctuations throughout the year are also driven by the timing of product restocking or rearrangement by our major customers as well as our expansion into new customers. Because a limited number of our retail ..."" [2] ""d us to expand distribution both domestically and internationally. 

Walmart and Target accounted for 26% and 22%, respectively,",true,"DEF 14A filed 2021-07-16. No obvious executive changes in compensation section. Excerpt: ""l 1 Election of Four Class II Directors 

10 

Compensation Committee Report 

60 

Nominees 

12 

Executive Compensation Tables 

62 

Continuing Directors 

16 

Summary Compensation Table 

62 

Our Board of Directors 

21 

Grants of Plan-Based Awards 

63 

Membership and Key Attributes 

21 

Outstanding Awards at Fiscal Year-End 

63 

The Role and Responsibilities of our Board 

22 

Stock Option E"
MC-KNSL-2022-03-31,KNSL,0001669162,Financials,7804444967,2022-03-31,2022-Q1,winner,1.1345,0.28,0.8545,medium,stable,high,improving,high,improving,false,NONE,"Modest NET_SELLING ($4.7M) from C-suite is routine for a specialty insurer with strong underwriting; customer concentration references are about reinsurance counterparty risk monitoring, not revenue concentration — strong baseline unchanged.",true,0,0,28,4730873,NET_SELLING,-4730873,0,true,"Found 3 customer concentration references. Key excerpts: [1] ""owance for credit risk based on historical analysis of credit losses for highly rated companies in the insurance industry. The Company evaluates the financial condition of its reinsurers and monitors concentration of credit risk arising from its exposure to individual reinsurers. As of December 31, ..."" [2] ""rers are unable or unwilling to perform under the reinsurance contracts. In establishing our reinsurance allowance for credit lo",true,"DEF 14A filed 2021-04-12. No obvious executive changes in compensation section. Excerpt: ""erve a one-year term until the 2022 annual meeting of stockholders 

2. To hold an advisory vote on executive compensation 

3. To ratify the appointment of KPMG LLP as our independent registered public accounting firm for our fiscal year 2021 and 

4. To transact any other business as may properly come before the Annual Meeting and any adjournment or postponement thereof. 

Record Date 

You are entitled t"
MC-POST-2022-03-31,POST,0001530950,Consumer Staples,5407007499,2022-03-31,2022-Q1,winner,0.68,0.28,0.4,medium,improving,medium,improving,high,improving,false,INSIDER_TRADING,"NET_BUYING ($224K, buy/sell ratio 11.4) is a clear bullish signal — director buying with own money at a consumer staples company with stable management adds conviction to improving trajectory.",true,2,245187,1,21573,NET_BUYING,223614,11.365,true,"Found 5 customer concentration references. Key excerpts: [1] ""rnings before interest, income taxes, depreciation and amortization) and revenue multiples, changes in discount rates based on changes in cost of capital (interest rates, etc.) or the bankruptcy of a significant customer. We also continue to evaluate the potential impact of the COVID-19 pandemic on ..."" [2] ""ding tax matters, food safety, advertising and labeling, animal feeding and housing operations and environmental matters; 

the ",true,"DEF 14A filed 2021-12-06. No obvious executive changes in compensation section. Excerpt: ""counting firm for the fiscal year ending September 30, 2022 

3. advisory approval of the Company s executive compensation 

4. the approval of the Post Holdings, Inc. 2021 Long-Term Incentive Plan and 

5. any other business properly introduced at the annual meeting. 

The close of business on November 22, 2021 has been fixed as the record date for the determination of shareholders entitled to receive noti"
MC-MSM-2022-03-31,MSM,0001003078,Industrials,4998275498,2022-03-31,2022-Q1,trap,-0.0885,0.28,-0.3685,medium,stable,medium,stable,medium,stable,false,NONE,"Minimal NET_SELLING ($1.4M, only 2 sales) from one EVP is noise-level for an industrial distributor; no customer concentration language found and stable management — enrichment provides no signal.",true,0,0,2,1404547,NET_SELLING,-1404547,0,false,No customer concentration language found in 10-K.,true,"DEF 14A filed 2021-12-16. No obvious executive changes in compensation section. Excerpt: ""in Compensation Decisions 

41 

&#xFEFF; Compensation Consultant 

41 

&#xFEFF; Fiscal Year 202 1 Executive Compensation 

42 

&#xFEFF; Competitive Positioning 

49 

&#xFEFF; Executive Incentive Compensation Recoupment Policy 

50 

&#xFEFF; Executive Stock Ownership Guidelines 

51 

&#xFEFF; Federal Income Tax Deductibility of Executive Compensation 

51 

&#xFEFF; COMPENSATION RISK ASSESSMENT 

52 

"
MC-MDU-2022-03-31,MDU,0000067716,Utilities,4215351866,2022-03-31,2022-Q1,winner,0.6693,0.28,0.3893,medium,deteriorating,medium,stable,medium,stable,false,CUSTOMER_CONCENTRATION,Customer concentration confirms utility/contractor base is diversified (not dependent on single customer); modest NET_SELLING ($3.4M) and stable management — enrichment confirms but does not change baseline view.,true,0,0,9,3446562,NET_SELLING,-3446562,0,true,"Found 2 customer concentration references. Key excerpts: [1] ""ment of its workforce enable it to effectively operate in this competitive environment. 

22 MDU Resources Group, Inc. Form 10-K 

Index 

Part I 

Utilities and independent contractors represent the largest customer base for this segment. Accordingly, utility and subcontract work accounts for a sig..."" [2] ""governmental agencies, commercial and residential developers, and private parties. The mix of sales by customer class varies eac",true,"DEF 14A filed 2022-03-25. No obvious executive changes in compensation section. Excerpt: ""nc. Proxy Statement 

Proxy Statement 

TABLE OF CONTENTS 

Page 

Page 

PROXY STATEMENT SUMMARY 

EXECUTIVE COMPENSATION (continued) 

Annual Meeting Information 

1 

Compensation Committee Report 

61 

Company Overview 

2 

Executive Compensation Tables 

62 

Business Performance Highlights 

3 

Summary Compensation Table 

62 

Financial Performance Highlights 

4 

Grants of Plan-Based Awards 

64"
MC-CAR-2022-03-31,CAR,0000723612,Industrials,4900715279,2022-03-31,2022-Q1,trap,-0.7117,0.28,-0.9917,medium,stable,medium,deteriorating,high,deteriorating,false,INSIDER_TRADING,NET_SELLING ($15.9M) with 11 option exercises followed by immediate sales suggests insiders monetizing post-pandemic rental car boom before normalization — reinforces deteriorating trajectory from peak earnings.,true,0,0,12,15906615,NET_SELLING,-15906615,0,false,No customer concentration language found in 10-K.,true,"DEF 14A filed 2021-03-30. No obvious executive changes in compensation section. Excerpt: ""Certain Beneficial Owners 

18 

Delinquent Section 16(a) Reports 

20 

Executive Officers 

20 

Executive Compensation 

22 

Compensation Discussion and Analysis 

22 

Summary Compensation Table 

34 

All Other Compensation Table 

35 

Perquisites Table 

36 

CEO Pay Ratio 

36 

2020 Grants of Plan-Based Awards Table 

37 

Outstanding Equity Awards at Fiscal Year-End Table 

38 

2020 Option Exerc"
MC-HXL-2022-03-31,HXL,0000717605,Industrials,6534341716,2022-03-31,2022-Q1,trap,-0.0792,0.28,-0.3592,high,deteriorating,medium,stable,medium,deteriorating,true,CUSTOMER_CONCENTRATION,"Aerospace composites with ~80% of sales to a small set of defense/aero OEMs (Boeing, Lockheed, Spirit, Raytheon) creates extreme concentration risk; CEO selling ($3.3M via exercise-and-sell) while dependent on cyclical aircraft production tilts from stable to deteriorating.",true,0,0,19,3265801,NET_SELLING,-3265801,0,true,"Found 5 customer concentration references. Key excerpts: [1] ""epresented about 80% of our net sales each year. Net sales for composite materials are highly dependent upon the number of commercial aircraft produced as further discussed under the captions &#x201c;Significant Customers.&#x201d; &#x201c;Markets&#x201d; and &#x201c;Management&#x2019;s Discussion an..."" [2] ""Washington 

GKN 

Pottsville, Pennsylvania 

Lockheed Martin 

South Windsor, Connecticut 

Sikorsky, a Lockheed Martin Company",true,"DEF 14A filed 2022-03-23. No obvious executive changes in compensation section. Excerpt: ""ied; 

2. 

To vote on a proposal to approve, on an
advisory, non-binding basis, the company's 2021 executive compensation; 

3. 

To vote on a proposal to ratify the appointment
of Ernst & Young LLP as the company's independent registered public accounting firm for 2022; and 

4. 

To transact such other business as may
properly come before the meeting or any adjournments or postponements thereof. 

Due to"
MC-LPX-2022-03-31,LPX,0000060519,Materials,5050586645,2022-03-31,2022-Q1,winner,0.4807,0.28,0.2007,medium,improving,medium,stable,medium,stable,false,CUSTOMER_CONCENTRATION,Top 10 customers at 43% of sales through wholesale/retail channels shows moderate concentration; NET_SELLING ($6.3M) is routine post-lumber-boom — neither signal is strong enough to alter stable baseline for building products.,true,0,0,17,6256742,NET_SELLING,-6256742,0,true,"Found 2 customer concentration references. Key excerpts: [1] ""ain a broad customer base and a balanced approach to national distribution through both wholesale and retail channels. In 2021, our top ten customers accounted for approximately 43% of our sales. Our principal customers include the following: 

Wholesale distribution companies, which supply building..."" [2] ""n for innovation, quality, and reliability. The Company operates 25 plants across the U.S., Canada, Chile, and Brazil, through f",true,"DEF 14A filed 2022-03-18. No obvious executive changes in compensation section. Excerpt: ""Discussion and Analysis&#x201d; section, the &#x201c;Summary Compensation Table&#x201d;, the other
executive compensation tables and accompanying footnotes and narrative discussion. The Dodd-Frank Wall Street Reform and Consumer Protection
Act requires that we provide our stockholders an opportunity to cast a non-binding, advisory vote on the compensation of our named executive
officers. We believe that our"
MC-EXP-2022-03-31,EXP,0000918646,Materials,6122263056,2022-03-31,2022-Q1,winner,0.729,0.28,0.449,high,improving,medium,improving,medium,improving,false,CUSTOMER_CONCENTRATION,No single customer >10% in either cement or aggregates segments confirms diversified infrastructure materials business; NET_SELLING ($18M) via exercise-and-sell is routine comp realization — improving trajectory from infrastructure spending tailwinds intact.,true,0,0,21,17971516,NET_SELLING,-17971516,0,true,"Found 3 customer concentration references. Key excerpts: [1] ""stomer pickups, and also by common carriers from our plants or distribution terminals. We transport cement, slag, and fly ash by truck, barge, and rail to our storage and distribution terminals. 

No single customer accounted for more than 10% of our Cement segment sales during fiscal 2021. We do no..."" [2] ""e sell aggregates to building contractors and other customers engaged in a wide variety of construction activities. Aggregates a",true,"DEF 14A filed 2021-06-24. No obvious executive changes in compensation section. Excerpt: ""Our Year in Review 

18

Named Executive Officers 

18

Compensation Philosophy 

18

Determining Executive Compensation 

20

Primary Elements of Executive Compensation 

22

Other Elements of Executive Compensation 

26

Other Compensation Policies and Practices 

29

Page

Executive Compensation 

30

Summary Compensation Table 

30

Grants of Plan-Based Awards 

32

Outstanding Equity Awards at Fiscal Y"
MC-FR-2022-03-31,FR,0000921825,Real Estate,7701313132,2022-03-31,2022-Q1,trap,-0.1284,0.28,-0.4084,medium,stable,low,deteriorating,low,deteriorating,false,NONE,"Modest NET_SELLING ($1.7M, 3 sales) from CIO/EVP is noise for an industrial REIT; no customer concentration data and stable management — enrichment adds no signal to a weakly-assessed deteriorating trajectory driven by rising rate environment.",true,0,0,3,1655496,NET_SELLING,-1655496,0,false,No customer concentration language found in 10-K.,true,"DEF 14A filed 2022-03-31. No obvious executive changes in compensation section. Excerpt: ""5

Security Ownership of Management and Certain Beneficial
Owners 

47

Proposal 2 Advisory Vote on Executive Compensation 

48

Proposal 3 Ratification of Appointment of Independent Registered Public

Accounting Firm 

50

Other Matters 

50

Solicitation of Proxies 

50

Stockholder Proposals 

50

Incorporation by Reference 

50

Availability of Proxy Materials 

50

Other Business 

A-1

Appendix A 2022"
MC-POST-2020-09-30,POST,0001530950,Consumer Staples,5407007499,2020-09-30,2020-Q3,winner,0.5235,0.3,0.2235,low,stable,low,stable,low,stable,false,NONE,"No enrichment data available — no Form 4 filings, no 10-K, no DEF 14A found before entry date; baseline assessment relies entirely on whatever financial data exists with no enrichment possible.",false,,,,,,,,false,No 10-K found before entry date.,false,No DEF 14A proxy statement found before entry date.
MC-UGI-2022-03-31,UGI,0000884614,Utilities,7868600529,2022-03-31,2022-Q1,trap,-0.087,0.28,-0.367,low,stable,medium,deteriorating,high,deteriorating,false,CUSTOMER_CONCENTRATION,10-K reveals impairment from bankruptcy of a significant customer in Midstream segment plus payment delinquencies — concrete evidence of credit deterioration; MIXED insider trading (CEO buying $2.6M but net selling $5.5M) does not offset this negative signal.,true,2,2630148,3,8146055,MIXED,-5515907,0.323,true,"Found 5 customer concentration references. Key excerpts: [1] ""stem asset groups within the Midstream & Marketing reportable segment having a carrying value of approximately $ 100 at September 30, 2021. The impairment indicators resulted from the bankruptcy of a significant customer, as well as payment delinquencies resulting from the deterioration in the finan..."" [2] ""ers, 13 of which have transportation contracts extending beyond Fiscal 2022. The majority of these customers are served under tr",true,"DEF 14A filed 2021-12-16. No obvious executive changes in compensation section. Excerpt: ""annual meeting of
shareholders; 

2. an advisory vote on a resolution to approve UGI
Corporation s executive compensation; 

3. the ratification of the
appointment of Ernst & Young LLP as our independent registered public accounting firm for Fiscal 2022; and 

4. the transaction of any other business that may properly come before the meeting.

Monica M. Gaudiosi 

Corporate Secretary 

Important Notice Rega"
MC-HR-2022-03-31,HR,0001360604,Real Estate,6034111251,2022-03-31,2022-Q1,trap,-0.385,0.28,-0.665,low,stable,medium,deteriorating,high,deteriorating,false,MANAGEMENT,Executive compensation plan changes detected with explicit acknowledgment of needing to realign management incentives with stockholder goals — signals internal recognition of performance issues; NET_SELLING ($1.1M) and healthcare REIT headwinds reinforce deterioration.,true,0,0,4,1084889,NET_SELLING,-1084889,0,true,"Found 1 customer concentration references. Key excerpts: [1] ""al estate assets reported in our accompanying consolidated balance sheet by approximately $ 766.9 million as of December 31, 2021, primarily due to the differences in depreciation and amortization. 

Concentration of Credit Risk 

We maintain the majority of our cash and cash equivalents at major fi...""",true,"DEF 14A filed 2021-04-30. Executive changes detected in compensation section. Excerpt: ""e. This responsibility includes listening to and considering our stockholders views and feedback on executive compensation. We review total compensation at year-end in order to ensure that the total compensation for our executives is reflective of both performance for the year and broader peer compensation practices. We have amended our compensation plan over the last several years and believe the results hav"
MC-HALO-2016-03-31,HALO,0001159036,Health Care,7794353483,2016-03-31,2016-Q1,winner,0.7086,0.44,0.2686,high,deteriorating,medium,stable,medium,stable,false,NONE,NET_SELLING ($961K) is modest with CFO buying ($172K) partially offsetting — effectively neutral; customer concentration references are about credit risk disclosure rather than specific large customer dependency; biotech trajectory driven by pipeline not these signals.,true,1,172384,6,1133277,NET_SELLING,-960893,0.152,true,"Found 3 customer concentration references. Key excerpts: [1] ""20 

% 

For additional information regarding our revenues from external customers, refer to Note 2, Summary of Significant Accounting Policies Concentrations of Credit Risk, Sources of Supply and Significant Customer s, to our consolidated financial statements. 

Patents and Proprietary Rights 

Pa..."" [2] ""hy for the years ended December 31, 2015 and 2014 . We have no instruments that are classified within Level 3 as of December 31,",true,"DEF 14A filed 2016-03-23. No obvious executive changes in compensation section. Excerpt: ""CTION OF DIRECTORS 

4 

CORPORATE GOVERNANCE 

9 

PROPOSAL NO. 2 - ADVISORY (NON-BINDING) VOTE ON EXECUTIVE COMPENSATION 

(SAY-ON-PAY) 

12 

PROPOSAL NO. 3 - RATIFICATION OF SELECTION OF INDEPENDENT 

REGISTERED PUBLIC ACCOUNTING FIRM 

13 

REPORT OF THE AUDIT COMMITTEE 

15 

PROPOSAL NO. 4 - APPROVAL OF AMENDMENT AND RESTATEMENT OF THE HALOZYME 

THERAPEUTICS, INC. 2011 STOCK PLAN AND APPROVAL OF PER"
MC-NNN-2022-03-31,NNN,0000751364,Real Estate,7895986908,2022-03-31,2022-Q1,trap,-0.051,0.28,-0.331,medium,deteriorating,medium,deteriorating,medium,deteriorating,false,INSIDER_TRADING,"Revenue declined 64.7% over period ($539M to $190M quarterly). EPS fell from $1.14 to $0.46, though all 8 quarters remained profitable. Insider data now shows 5 sales/dispositions (154K shares) by EVP/CFO and CEO with zero purchases (buy/sell ratio 0.00), confirming insiders are not signaling confidence. Sale values recorded as $0 suggests these may be grant-related dispositions rather than open-market sales, limiting signal strength. No customer concentration risk found. Management stable. Enrichment confirms the deteriorating baseline.",true,0,0,5,0,NET_SELLING,0,0,false,No customer concentration language found in 10-K.,true,"DEF 14A filed 2022-03-22. No obvious executive changes in compensation section. Excerpt: ""or consideration at the meeting are: 

1. The election of eight directors; 

2. An advisory vote on executive compensation; and 

3. The ratification of the selection of our independent registered public accounting firm for 2022. 

Whether you own a few or many shares of stock of the Company, it is important that your shares be represented. If you cannot personally attend the meeting, we encourage you to ma"
MC-AVTR-2022-03-31,AVTR,0001722482,Health Care,5222522779,2022-03-31,2022-Q1,trap,-0.5207,0.28,-0.8007,medium,deteriorating,medium,deteriorating,high,deteriorating,false,INSIDER_TRADING,Revenue declined 64.4% ($5479M to $1950M quarterly). EPS dropped from $0.73 to $0.28. Insider data reveals 23 sales totaling $5.0M by EVP Biopharma Production with zero purchases -- meaningful insider selling during a deteriorating revenue trajectory raises confidence that the decline is structural rather than transient. No customer concentration language found. Stable management. Confidence upgraded from medium to high based on insider selling alignment with financial deterioration.,true,0,0,23,5040806,NET_SELLING,-5040806,0,false,No customer concentration language found in 10-K.,true,"DEF 14A filed 2021-04-13. No obvious executive changes in compensation section. Excerpt: ""for Auditor
Services 

30

Item 4 Advisory Approval of Named Executive Officer
Compensation 

31 

Executive Compensation 

32 

Compensation Discussion and Analysis 

32 

Executive Summary 

32

Compensation Philosophy 
& Objectives How We Make Compensation Decisions 

37

Elements of Compensation What We Pay and Why 

38

Compensation and Human Resources Committee Report 

44 

Executive Compensation Tab"
MC-SIRI-2022-03-31,SIRI,0000908937,Communication,7774740638,2022-03-31,2022-Q1,trap,-0.6594,0.28,-0.9394,high,stable,high,stable,high,stable,false,none,"Revenue grew modestly at 2.0% with quarterly figures in a tight $1348M-$1404M range. All 8 quarters profitable with steady $0.08 EPS. Insider data shows 5 sales ($4.8M) by one director with zero purchases, but for a mature subscription business with this revenue stability, routine insider selling is not a trajectory signal. No customer concentration risk (subscription model). Stable management. A classic stable business with no enrichment signal to alter assessment.",true,0,0,5,4845309,NET_SELLING,-4845309,0,false,No customer concentration language found in 10-K.,true,"DEF 14A filed 2021-04-20. No obvious executive changes in compensation section. Excerpt: ""Corporation? 

29 

Does SiriusXM have corporate governance guidelines and a code of ethics? 

30 

EXECUTIVE COMPENSATION 

31 

Compensation Committee Report 

52 

Summary Compensation Table 

53 

Grants of Plan-Based Awards in 2020 

54 

Outstanding Equity Awards at Fiscal Year-End 2020 

55 

Option Exercises and Stock Vested in 2020 

57 

Non-Qualified Deferred Compensation 

57 

Potential
Payment"
MC-EXP-2020-09-30,EXP,0000918646,Materials,6122263056,2020-09-30,2020-Q3,winner,0.9291,0.3,0.6291,medium,improving,medium,improving,medium,stable,true,CUSTOMER_CONCENTRATION,"Revenue grew 15.3% ($165M to $253M peak, but pulled back to $190M). All 8 quarters profitable. CEO transition detected in proxy introduces leadership uncertainty. Customer concentration data now available from 10-K: 'No single customer accounted for more than 10%' across cement and aggregates segments -- diversified customer base is a stabilizing factor but does not offset the management transition risk. Insider selling of $1.3M (11 sales, 0 purchases) by multiple executives during a CEO transition is a mild negative. Reclassified from improving to stable: management transition plus the revenue pullback from peak suggest the growth trajectory is uncertain.",true,0,0,11,1320656,NET_SELLING,-1320656,0,true,"Found 3 customer concentration references. Key excerpts: [1] ""stomer pickups, and also by common carriers from our plants or distribution terminals. We transport cement, slag, and fly ash by truck, barge, and rail to our storage and distribution terminals. 

No single customer accounted for more than 10% of our Cement segment sales during fiscal 2020. We do no..."" [2] ""egates to building contractors and other customers engaged in a wide variety of construction activities. Aggregates are delivere",true,"DEF 14A filed 2020-06-26. Executive changes detected in compensation section. Excerpt: ""Transitions Involving Our Named Executive Officers 

22

Compensation Philosophy 

22

Determining Executive Compensation 

25

Chief Executive Officer Transition 

28

Primary Elements of Executive Compensation 

28

Other Elements of Executive Compensation 

35

Other Compensation Policies and Practices 

39

Page 

Executive Compensation 

41

Summary Compensation Table 

41

Grants of Plan-Based Awards 

"
MC-SON-2022-03-31,SON,0000091767,Materials,5265675533,2022-03-31,2022-Q1,trap,-0.2449,0.28,-0.5249,high,deteriorating,high,deteriorating,high,deteriorating,false,CUSTOMER_CONCENTRATION,"Revenue essentially flat (+3.6%) but profitability collapsed: only 2/8 quarters profitable, latest net income -$85M. EPS swung from -$3.34 to brief profitability and back to -$0.86. Insider data uninformative (0 buys, 0 sells in parsed filings). Customer concentration data from 10-K references 'significant customer wins and losses' and dependence on 'rapidly changing needs of its major customers' -- suggesting customer churn risk that compounds the earnings instability. Stable management. Structural earnings problem persists.",true,0,0,0,0,NET_SELLING,0,0,true,"Found 5 customer concentration references. Key excerpts: [1] ""tors such as the macroeconomic environment, Company stock price and market capitalization movement, current year operating performance as compared to prior projections, business strategy changes, and significant customer wins and losses. The quantitative tests, described further below, relied on the..."" [2] ""vertical integration are competitive advantages. Expansion of 

5 FORM 10-K SONOCO 2021 ANNUAL REPORT 

the Company s product li",true,"DEF 14A filed 2022-03-18. No obvious executive changes in compensation section. Excerpt: ""y Ownership of Certain Beneficial Owners 

24 

Electronic Access to Annual Meeting Materials 

4 

Executive Compensation 

25 

Company Overview 

5 

Compensation Discussion and Analysis 

25 

Performance Highlights 

5 

Compensation Committee Report 

35 

Shareholder Engagement 

5 

Compensation Risk Review 

35 

Environment and Sustainability 

6 

Summary Compensation Table 

36 

Human Capital M"
MC-FBIN-2020-09-30,FBIN,0001519751,Industrials,4733910131,2020-09-30,2020-Q3,trap,-0.1594,0.3,-0.4594,high,improving,high,improving,medium,improving,false,INSIDER_TRADING,"Revenue grew 20.1% ($1376M to $1652M quarterly). All 8 quarters profitable with EPS improving from $0.83 to $1.17. However, insider data now reveals heavy selling: 15 sales totaling $34.3M by Executive Chairman Klein and other officers, with 13 option exercises and zero purchases. Buy/sell ratio 0.00. The scale of insider liquidation ($34.3M) during an improving trajectory warrants caution -- insiders may view current prices as full. Customer concentration references are generic (distributor risk, home segment customers). Confidence downgraded from high to medium due to significant insider selling diverging from the improving financial trend.",true,0,0,15,34305760,NET_SELLING,-34305760,0,true,"Found 2 customer concentration references. Key excerpts: [1] ""channels could adversely affect our results of operations, cash flows and financial condition. The consolidation of distributors or the financial instability or default of a distributor or one of its major customers could potentially cause such a disruption. In addition to our own sales force, we of..."" [2] ""afe brand. This segment sells products principally in the U.S., Canada, Europe, Central America, Japan and Australia. Approximat",true,"DEF 14A filed 2020-03-19. No obvious executive changes in compensation section. Excerpt: ""ypes and Amounts of NEO Compensation Awarded in 2019 

23

Compensation Committee Report 

29

2019 EXECUTIVE COMPENSATION 

30

2019 Summary Compensation Table 

30

2019 Grants of Plan-Based Awards 

31

Outstanding Equity Awards at 2019 Fiscal Year-End

32

2019 Option Exercises and Stock Vested 

33

Retirement and Post-Retirement Benefits 

34

2019 Nonqualified Deferred Compensation 

35

2019 Potenti"
MC-GPK-2020-09-30,GPK,0001408075,Materials,2804003149,2020-09-30,2020-Q3,winner,0.5813,0.3,0.2813,high,stable,high,stable,high,stable,false,INSIDER_TRADING,"Revenue grew modestly at 5.4% ($1611M to $1698M). All 8 quarters profitable. EPS relatively flat ($0.19 to $0.23). Insider data now shows a mixed picture: 7 open-market purchases ($109K) by Venturelli alongside 12 sales ($4.9M) by EVP Yost, yielding a buy/sell ratio of 0.02. The presence of at least one buyer is notable but the dollar-weighted ratio heavily favors selling. Customer concentration references are benign ('minimal lead time' orders, 'principal customers'). Stable management. The mixed insider signal is consistent with a stable trajectory -- not enough conviction either way.",true,7,109389,12,4863865,NET_SELLING,-4754476,0.022,true,"Found 3 customer concentration references. Key excerpts: [1] ""natural gas is discussed in Note 10 in the Notes to Consolidated Financial Statements included herein under Item 8., Financial Statements and Supplementary Data. 

Backlog 

Orders from the Company s principal customers are manufactured and shipped with minimal lead time. The Company did not have a ..."" [2] ""re made for Variable Consideration based on contract terms and historical experience of actual results and are applied to the pe",true,"DEF 14A filed 2020-04-03. No obvious executive changes in compensation section. Excerpt: ""of Executive Officers 

23

Pay and Performance 

23

Key Compensation Practices 

24

Overview of Executive Compensation Components 

24

Base Salary 

24

Short-Term Cash Incentive 

25

Long-Term Incentives 

26

Health and Welfare Benefit Plans 

27

Perquisites 

27

Retirement Benefits 

27

Employment Agreements and Potential Payments on Termination 

28

Policies Applicable to Executive Officers 

2"
MC-IRDM-2020-09-30,IRDM,0001418819,Communication,3081236533,2020-09-30,2020-Q3,winner,0.7783,0.3,0.4783,high,deteriorating,high,deteriorating,high,deteriorating,false,CUSTOMER_CONCENTRATION,"Revenue dropped 73.0% ($560M to $151M quarterly). Zero profitable quarters out of 8. Insider data confirms the negative picture: 25 sales totaling $17.2M by VP, CFO, and EVP with zero purchases. Customer concentration data from 10-K is particularly informative: 'reliance on a few significant customers, particularly agencies of the U.S. government, for a substantial portion of our revenue' -- high government concentration creates lumpy, contract-dependent revenue that amplifies the deteriorating trajectory. Persistent losses with concentrated customer risk and heavy insider selling.",true,0,0,25,17238853,NET_SELLING,-17238853,0,true,"Found 5 customer concentration references. Key excerpts: [1] ""end-user subscriber equipment and our ability to purchase parts that are periodically subject to shortages resulting from surges in demand, natural disasters or other events; and 

reliance on a few significant customers, particularly agencies of the U.S. government, for a substantial portion of our..."" [2] ""nter to Aireon, which are paid monthly. Aireon receivables due to the Company under all agreements totaled $ 1.4 million and $ 1",true,"DEF 14A filed 2020-03-23. No obvious executive changes in compensation section. Excerpt: ""tion Committee; NGC = Nominating and Corporate Governance Committee; C = Chairman; M = Member 

Our Executive Compensation Program 

Our executive compensation program is designed to attract, reward and retain a talented, innovative and entrepreneurial team of executives. To do so, we believe that a majority of their target compensation should be based on performance, both of the individual and of the busin"
MC-BFAM-2020-09-30,BFAM,0001437578,Consumer Discretionary,4657162733,2020-09-30,2020-Q3,trap,-0.4642,0.3,-0.7642,medium,deteriorating,medium,deteriorating,high,deteriorating,false,INSIDER_TRADING,"Revenue grew 8.5% but profitability deteriorated: only 5/8 quarters profitable, EPS declined from $3.05 to -$0.11. Revenue highly volatile ($472M-$1903M range). Insider data reinforces the negative trajectory: 19 sales totaling $4.8M by CFO and other officers with zero purchases, during a period of declining earnings. No customer concentration risk found (employer-sponsored childcare model). Stable management. Confidence upgraded from medium to high: insider selling aligns with and confirms the earnings deterioration trend.",true,0,0,19,4756190,NET_SELLING,-4756190,0,false,No customer concentration language found in 10-K.,true,"DEF 14A filed 2020-04-27. No obvious executive changes in compensation section. Excerpt: ""e Responsibility 

22 

Transactions with Related Persons 

25 

Stock Ownership Information 

26 

Executive Compensation 

28 

Compensation Discussion and Analysis 

28 

Compensation Committee Report 

38 

Summary Compensation Table 

39 

Grants of Plan-Based Awards 

40 

Outstanding Equity Awards at Fiscal Year-End 

41 

Option Exercises and Stock Vested 

42 

Nonqualified Deferred Compensation 

"
MC-HALO-2022-03-31,HALO,0001159036,Health Care,7794353483,2022-03-31,2022-Q1,winner,0.6001,0.28,0.3201,high,improving,high,improving,medium,improving,false,CUSTOMER_CONCENTRATION,"Revenue surged 163.3% ($46M to $122M quarterly). All 8 quarters profitable with $60M latest net income. However, enrichment reveals two risk factors. Customer concentration from 10-K: 'the accounts receivable balance represents amounts due from Janssen, Roche and Baxalta' with individual customers exceeding 10% of revenue -- high pharma customer concentration creates dependency risk. Insider selling is heavy: 32 sales totaling $20.6M by CEO Torley and others, with 23 option exercises and zero purchases. Growth trajectory is clear but confidence downgraded from high to medium given concentrated customer base and significant insider liquidation during the growth phase.",true,0,0,32,20645135,NET_SELLING,-20645135,0,true,"Found 2 customer concentration references. Key excerpts: [1] ""fair values of Level 2 financial instruments provided by our investment manager by comparing these fair values to a third-party pricing source. 

Concentrations of Credit Risk, Sources of Supply and Significant Customers 

We are subject to credit risk from our portfolio of cash equivalents and mark..."" [2] ""the accounts receivable balance at December 31, 2020 represents amounts due from Janssen, Roche and Baxalta. 

The following tab",true,"DEF 14A filed 2022-03-25. No obvious executive changes in compensation section. Excerpt: ""TION OF DIRECTORS 

4 

CORPORATE GOVERNANCE 

15 

PROPOSAL NO. 2 - ADVISORY (NON-BINDING) VOTE ON EXECUTIVE COMPENSATION 

(SAY-ON-PAY) 

19 

PROPOSAL NO. 3 - RATIFICATION OF SELECTION OF INDEPENDENT REGISTERED PUBLIC ACCOUNTING FIRM 

20 

REPORT OF THE AUDIT COMMITTEE 

21 

EXECUTIVE COMPENSATION AND R ELATED INFORMATION 

22 

CERTAIN RELATIONSHIPS AND RELATED TRANSACTIONS 

42 

SECURITY OWNERSHIP O"
MC-ST-2020-09-30,ST,0001477294,Industrials,5313580956,2020-09-30,2020-Q3,trap,-0.1233,0.3,-0.4233,high,improving,high,improving,high,improving,false,CUSTOMER_CONCENTRATION,"Revenue grew 36.7% ($577M to $788M quarterly). Turnaround from unprofitable (-$0.27 EPS) to consistent profits ($0.49 EPS). Customer concentration from 10-K is reassuring: 'largest customer accounted for approximately 7% of net revenue' with 'relationships with top ten customers for an average of 30 years' -- well-diversified and deeply embedded customer base supports durability of the turnaround. Insider selling ($1.3M, 15 sales) is modest relative to company size and typical for grant-vesting programs. Stable management. Enrichment confirms the improving baseline.",true,0,0,15,1339710,NET_SELLING,-1339710,0,true,"Found 2 customer concentration references. Key excerpts: [1] ""third-party distributors to sell our products. Only a small portion of our revenues are sold through distributors. We have had relationships with our top ten customers for an average of 30 years. Our largest customer accounted for approximately 7% of our net revenue for the year ended December 31, 2..."" [2] ""redit risk associated with these receivables will deviate from historical experience, repayment is dependent upon the financial ",true,"DEF 14A filed 2020-04-22. No obvious executive changes in compensation section. Excerpt: ""6 

Corporate Governance 

12 

Board Committees and Meetings 

14 

PROPOSAL 2: ADVISORY VOTE ON EXECUTIVE COMPENSATION 

18 

Executive Officers 

19 

Compensation Discussion and Analysis 

21 

Report of the Compensation Committee of the Board of Directors 

39 

Summary Compensation Tables and Narrative Disclosures 

40 

Potential Payments Upon Termination or Change in Control 

48 

CEO Pay Ratio Dis"
MC-TNL-2022-03-31,TNL,0001361658,Consumer Discretionary,4714759913,2022-03-31,2022-Q1,trap,-0.2011,0.28,-0.4811,medium,deteriorating,medium,deteriorating,medium,deteriorating,false,MANAGEMENT,"Revenue declined 64.3% ($2264M to $809M quarterly). EPS fell from $2.30 to $0.59 though all 8 quarters remained profitable. Executive changes detected in proxy add uncertainty. Customer concentration from 10-K is benign: 'No single customer, developer, or group accounts for more than 10% of our revenues' -- diversified base in timeshare/hospitality. Insider selling ($1.9M, 10 sales by one director) is moderate. The revenue decline combined with management transition maintains the deteriorating classification.",true,0,0,10,1855005,NET_SELLING,-1855005,0,true,"Found 1 customer concentration references. Key excerpts: [1] ""members with the ability to protect trading power or points, extend the life of deposits, and combine two or more deposits for the opportunity to exchange into intervals with higher trading power. No single customer, developer, or group accounts for more than 10% of our revenues. 

Performance in ou...""",true,"DEF 14A filed 2021-04-01. Executive changes detected in compensation section. Excerpt: ""expiring at the 2022 annual meeting 

to vote on a non-binding, advisory resolution to approve our executive compensation program 

to vote on a proposal to ratify the appointment of Deloitte Touche LLP to serve as our independent registered public accounting firm for 2021 and 

to transact any other business that may be properly brought before the meeting or any adjournment or postponement of the meeting. 

"
MC-LAZ-2020-09-30,LAZ,0001311370,Financials,4651601254,2020-09-30,2020-Q3,trap,-0.0617,0.3,-0.3617,medium,stable,medium,stable,medium,stable,false,INSIDER_TRADING,"Revenue declined 48.0% on headline but EPS remained steady ($1.22 to $0.66, cyclical pattern). All 8 quarters profitable. Revenue pattern is lumpy rather than structurally declining -- typical for advisory/financial services. Insider selling ($6.6M, 5 sales by President and General Counsel) is notable but expected for a financial services firm where compensation is equity-heavy. No customer concentration language found (diversified advisory client base). Stable management. The cyclical revenue pattern and steady earnings power support stable classification.",true,0,0,5,6621738,NET_SELLING,-6621738,0,false,No customer concentration language found in 10-K.,true,"DEF 14A filed 2020-03-12. No obvious executive changes in compensation section. Excerpt: ""any s annual general meeting in 2023; 

2. 

Consideration of a non-binding advisory vote regarding executive compensation; 

3. 

Ratification of the appointment of Deloitte & Touche LLP as our independent registered public accounting firm for 2020 and authorization of the Company s Board of Directors, acting by its Audit Committee, to set their remuneration; and

4. 

Consideration of any other matters th"
MC-RLI-2020-09-30,RLI,0000084246,Financials,5258084694,2020-09-30,2020-Q3,winner,0.6226,0.3,0.3226,medium,stable,medium,stable,high,stable,false,INSIDER_TRADING,"Revenue declined 36.9% on headline but EPS actually improved ($0.68 to $0.93). All 8 quarters profitable. Revenue volatility is typical for insurance (investment income variability). Insider data is uniquely clean: 0 purchases, 0 sales, only 3 'other' transactions -- insiders are neither buying nor selling, consistent with a steady-state business where management sees no reason to transact. No customer concentration language (insurance portfolio naturally diversified). Stable management. Confidence upgraded from medium to high: the absence of any insider selling during revenue volatility confirms underlying stability.",true,0,0,0,0,NET_SELLING,0,0,false,No customer concentration language found in 10-K.,true,"DEF 14A filed 2020-03-26. No obvious executive changes in compensation section. Excerpt: ""amendment to increase the authorized shares of Common Stock of the Company, an advisory vote on our executive compensation, and ratification of Deloitte & Touche LLP as our independent registered public accounting firm for the current year. In addition, we will review significant events of 2019 and their impact on you and the Company. 

Again, this year we are furnishing our proxy materials via the Internet"
MC-KD-2022-03-31,KD,0001867072,Information Technology,2983143457,2022-03-31,2022-Q1,winner,1.3933,0.28,1.1133,high,deteriorating,high,deteriorating,high,deteriorating,false,CUSTOMER_CONCENTRATION,"Revenue declined 3.2% with persistent large losses: 0/4 profitable quarters, latest -$692M net loss. EPS deeply negative throughout (-$3.08 to -$10.35). Recent IT spinoff with no proxy available. Insider data is mixed: CFO Wyshner made 2 open-market purchases ($248K) while 4 sales ($1.1M) occurred, yielding a 0.22 buy/sell ratio. The CFO buying is a mild positive but is dwarfed by the scale of losses. Customer concentration from 10-K warns of 'loss of business from any of our major customers' risk and 'significant portion of revenue coming from global customers' -- concentrated enterprise client base adds fragility to an already loss-making business. No proxy found (new entity). Persistent massive losses dominate.",true,2,248371,4,1142889,NET_SELLING,-894517,0.217,true,"Found 3 customer concentration references. Key excerpts: [1] ""l contract periods expire and any termination fees associated with an early termination may not be sufficient to recover our costs associated with such contracts. The loss of business from any of our major customers, whether by the cancellation of existing contracts, the failure to obtain new busine..."" [2] ""rgest organizations and governments, with a significant portion of our revenue coming from global customers across many sectors.",false,No DEF 14A proxy statement found before entry date.
MC-BC-2022-03-31,BC,0000014930,Consumer Discretionary,4816121561,2022-03-31,2022-Q1,trap,-0.3343,0.28,-0.6143,high,improving,high,improving,high,improving,false,INSIDER_TRADING,"Revenue surged 276% over the period. EPS improved dramatically from $2.29 to $7.57. All 8 quarters profitable with $593M latest net income. Insider selling ($9.7M, 21 sales by VP/Controller, CFO, and General Counsel) is notable in absolute terms but proportionate for a company generating $593M quarterly net income -- represents routine compensation-related liquidation rather than a bearish signal. No customer concentration language found. Stable management. Very strong growth and earnings expansion trajectory is not contradicted by enrichment.",true,0,0,21,9671556,NET_SELLING,-9671556,0,false,No customer concentration language found in 10-K.,true,"DEF 14A filed 2022-03-18. No obvious executive changes in compensation section. Excerpt: ""CK HELD BY DIRECTORS, EXECUTIVE OFFICERS, AND PRINCIPAL SHAREHOLDERS 

&#xa0;

&#xa0;

&#xa0;

30 

EXECUTIVE COMPENSATION 

&#xa0;

&#xa0;

&#xa0;

53 

PROPOSAL 2 

&#xa0;

&#xa0;

Advisory vote to approve the compensation of our
Named Executive Officers 

&#xa0;

&#xa0;

&#xa0;

54 

EQUITY COMPENSATION PLAN 

&#xa0;

&#xa0;

&#xa0;

55 

AUDIT-RELATED MATTERS 

&#xa0;

&#xa0;

&#xa0;

57 

PROPOSAL 3 

"
MC-WSC-2020-09-30,WSC,0001647088,Industrials,3386959905,2020-09-30,2020-Q3,winner,1.4934,0.3,1.1934,medium,improving,medium,improving,medium,improving,false,CUSTOMER_CONCENTRATION,"Revenue grew 62.5% ($257M to $417M quarterly). Profitability uneven (6/8 quarters profitable) with latest quarter showing -$0.03 EPS loss. Customer concentration from 10-K is highly favorable: 'No single customer accounted for more than 1.5% of receivables' and 'no one customer accounted for more than 10% of revenue' for three consecutive years -- extremely diversified customer base in modular space leasing supports revenue durability. Insider selling ($5.1M, 4 sales) is modest for a growth-phase company. Stable management. Growth momentum is clear and supported by diversified customer base, though quarterly unevenness keeps confidence at medium.",true,0,0,4,5141885,NET_SELLING,-5141885,0,true,"Found 4 customer concentration references. Key excerpts: [1] ""payment of receivables relating to the Company s leasing operations. The Company s large number of customers in diverse geographic areas and end markets mitigates the concentration of credit risk. No single customer accounted for more than 1.5 % and 1.2 % of the Company s receivables at December 31,..."" [2] ""ite built space because modular space products are a quick, flexible, and cost-effective solution for temporary or permanent exp",true,"DEF 14A filed 2020-03-20. No obvious executive changes in compensation section. Excerpt: ""DEPENDENT REGISTERED PUBLIC ACCOUNTING FIRM 

23 

PROPOSAL 3 ADVISORY (NON-BINDING) VOTE REGARDING EXECUTIVE COMPENSATION (SAY-ON-PAY) 

46 

PROPOSAL 4 ADVISORY (NON-BINDING) VOTE REGARDING FREQUENCY OF FUTURE SAY-ON-PAY PROPOSALS FOR (SAY-ON-PAY) 

47 

CERTAIN RELATIONSHIPS AND RELATED PARTY TRANSACTIONS 

48 

SECURITY OWNERSHIP OF CERTAIN BENEFICIAL OWNERS AND MANAGEMENT 

49 

MATTERS RAISED AT THE A"
MC-HXL-2020-09-30,HXL,0000717605,Industrials,6534341716,2020-09-30,2020-Q3,winner,0.9416,0.3,0.6416,high,deteriorating,high,deteriorating,high,deteriorating,false,CUSTOMER_CONCENTRATION,"Revenue declined 24.2% ($379M to $287M quarterly). EPS deteriorated from $0.94 to $0.12 with one unprofitable quarter. Customer concentration from 10-K is a critical risk factor: 'about 80% of net sales' from composite materials are 'highly dependent upon the number of large commercial aircraft produced,' with significant customers including Boeing, Airbus, and defense primes. Extreme aerospace concentration explains the revenue decline (COVID-era production cuts) and creates ongoing dependency risk. Insider data shows a mixed signal: CEO Stanage made a $903K open-market purchase while Merlot sold $966K (buy/sell ratio 0.93) -- near parity, but CEO buying during a downturn is notable. Despite the CEO buy signal, the structural aerospace concentration and revenue/earnings decline maintain the deteriorating classification.",true,1,902958,6,966376,MIXED,-63418,0.934,true,"Found 5 customer concentration references. Key excerpts: [1] ""represented about 80% of our net sales each year. Net sales for composite materials are highly dependent upon the number of large commercial aircraft produced as further discussed under the captions Significant Customers , Markets and Management s Discussion and Analysis of Financial Condition and R..."" [2] ""occo

GKN

Kent, Washington

Lockheed Martin

Pottsville, Pennsylvania

Sikorsky, a Lockheed Martin Company

South Windsor, Conn",true,"DEF 14A filed 2020-04-21. No obvious executive changes in compensation section. Excerpt: ""ified;

2.

To vote on a proposal to approve, on an advisory, non-binding basis, the company's 2019 executive compensation;

3.

To vote on a proposal to ratify the appointment of Ernst & Young LLP as the company's independent registered
public accounting firm for 2020; and

4.

To transact such other business as may properly come before the meeting or any adjournments or postponements thereof.

As part of "
MC-CAR-2020-09-30,CAR,0000723612,Industrials,4900715279,2020-09-30,2020-Q3,winner,5.8271,0.3,5.5271,high,deteriorating,high,deteriorating,high,deteriorating,false,INSIDER_TRADING,"Revenue declined 39.0% ($2513M to $1534M). Only 2/8 quarters profitable with severe losses (EPS -$8.96 to -$6.91 in loss quarters). Executive changes detected in proxy compound the negative picture. Insider data reveals a striking divergence: SRS Investment Management made 20 open-market purchases totaling $45.4M, creating a massive buy/sell ratio of 151.4. However, this is a single activist/institutional holder, not broad-based insider buying -- and Executive Chairman Hees sold $300K. The activist accumulation during heavy losses and management turnover is noted but does not override the severe financial deterioration (6 loss quarters out of 8). No customer concentration found (car rental). Deteriorating classification maintained.",true,20,45442354,8,300133,NET_BUYING,45142221,151.407,false,No customer concentration language found in 10-K.,true,"DEF 14A filed 2020-03-27. Executive changes detected in compensation section. Excerpt: ""summary highlights information contained elsewhere in this Proxy Statement, including under &#x201c;Executive Compensation,&#x201d; which includes a definition and reconciliation of Adjusted EBITDA. This summary does not contain all of the information that you should consider and you should read the entire Proxy Statement carefully before voting. 

Annual Meeting of Shareholders 

&#x2022; 

&#x00a0;

Date an"
MC-FCN-2020-09-30,FCN,0000887936,Industrials,6152438679,2020-09-30,2020-Q3,winner,0.6836,0.3,0.3836,high,stable,high,stable,high,stable,false,CUSTOMER_CONCENTRATION,"Revenue grew a modest 2.7% with quarterly figures in a tight $593M-$622M range. All 8 quarters profitable with steady EPS ($1.27 to $1.35). Customer concentration from 10-K confirms stability: 'We do not have a single customer that represents 10% or more of our consolidated revenues' -- well-diversified professional services client base. Insider selling ($4.1M, 13 sales) is routine for a consulting firm with equity compensation. Stable management. Textbook stable trajectory fully confirmed by enrichment data showing diversified revenues and no red flags.",true,0,0,13,4096129,NET_SELLING,-4096129,0,true,"Found 2 customer concentration references. Key excerpts: [1] ""ed contingent consideration. Management bases its estimates on historical trends, current experience and other assumptions that it believes are reasonable. 

Concentrations of Risk 

We do not have a single customer that represents 10% or more of our consolidated revenues. We derive the majority of ..."" [2] "",262,682 

United Kingdom 

389,338 

302,576 

251,843 

All other foreign countries 

408,246 

353,185 

293,207 

Total reve",true,"DEF 14A filed 2020-04-16. No obvious executive changes in compensation section. Excerpt: ""to its most directly comparable GAAP measure. 

iii 

\ Key Elements of 2019 Compensation Program 

Executive compensation is strongly linked to the financial and operational performance of the Company. The charts below demonstrate that the Company s executive compensation program balances fixed and at-risk pay, with 84.6% of the CEO s target annual total compensation at-risk and 66.7% of our other named ex"
MC-REXR-2022-03-31,REXR,0001571283,Real Estate,7579812077,2022-03-31,2022-Q1,trap,-0.4751,0.28,-0.7551,medium,deteriorating,medium,deteriorating,medium-high,deteriorating,false,INSIDER_TRADING,Revenue declining ~56% with EPS compressing from $0.57 to $0.27. Insider data now shows clear NET_SELLING: 4 sales ($9.7M) with zero purchases (ratio 0.00). General Counsel and Co-CEO selling. No customer concentration in 10-K (REIT). Selling pattern consistent with deteriorating fundamentals -- raises confidence but does not change classification.,true,0,0,4,9733413,NET_SELLING,-9733413,0,false,No customer concentration language found in 10-K.,true,"DEF 14A filed 2021-04-30. No obvious executive changes in compensation section. Excerpt: ""3 INCENTIVE AWARD PLAN 

32 

EXECUTIVE OFFICERS 

46 

COMPENSATION DISCUSSION AND ANALYSIS 

48 

EXECUTIVE COMPENSATION 

48 

COMPENSATION COMMITTEE REPORT 

69 

SUMMARY COMPENSATION TABLE 

70 

GRANTS OF PLAN-BASED AWARDS FOR 2020 

72 

OUTSTANDING EQUITY AWARDS AT DECEMBER 31, 2020 

77 

OPTION EXERCISES AND STOCK VESTED DURING 2020 

79 

POTENTIAL PAYMENTS UPON TERMINATION OR CHANGE IN CONTROL 
"
MC-GXO-2022-03-31,GXO,0001852244,Industrials,6181472916,2022-03-31,2022-Q1,trap,-0.4522,0.28,-0.7322,medium,deteriorating,medium,deteriorating,high,deteriorating,false,INSIDER_TRADING,Revenue trend -63.3% with EPS falling from $0.84 to $0.32. Insider data now shows heavy NET_SELLING: 13 sales ($558M) by Bradley Jacobs and entities with zero purchases. $558M in dispositions is exceptionally large -- consistent with founder/major holder monetizing a declining trajectory. Customer concentration excerpt mentions collaboration with largest customers but no specific thresholds. Massive insider selling significantly strengthens deteriorating conviction.,true,0,0,13,557968888,NET_SELLING,-557968888,0,true,"Found 1 customer concentration references. Key excerpts: [1] ""ogistics services. 

We strive to provide all of our customers with consistently high levels of service and cutting-edge automation managed by our proprietary technology. We also collaborate with our largest customers on planning and forecasting and provide assistance with network optimization, work...""",false,No DEF 14A proxy statement found before entry date.
MC-OLLI-2020-09-30,OLLI,0001639300,Consumer Discretionary,5546782881,2020-09-30,2020-Q3,trap,-0.1164,0.3,-0.4164,high,improving,high,improving,high,improving,false,none,"Strong 51.5% revenue growth with EPS rising from $0.51 to $1.50. All 8 quarters profitable. Insider data shows NET_SELLING: 17 sales ($10.5M) vs zero purchases, but this is routine option-exercise-and-sell (16 exercises, 17 sales) by mid-level officers -- typical compensation monetization during a rising stock, not a bearish signal. Customer concentration excerpt is boilerplate credit risk language, not actual revenue concentration. Does not alter strongly improving baseline.",true,0,0,17,10507584,NET_SELLING,-10507584,0,true,"Found 1 customer concentration references. Key excerpts: [1] ""te of acquisition to be cash and cash equivalents. Amounts receivable from credit card issuers are typically converted to cash within one to two business days of the original sales transaction.

(g)

Concentration of Credit Risk

A financial instrument which potentially subjects the Company to a con...""",true,"DEF 14A filed 2020-05-08. No obvious executive changes in compensation section. Excerpt: ""d Consultant 

17 

Compensation Philosophy 

18 

Pay Mix 

18 

Peer Group 

19 

Elements of Our Executive Compensation and Benefits Programs 

19 

Base Salary 

19 

Annual Incentive Compensation 

19 

Long-Term Equity Incentive Compensation 

20 

Fiscal Year 2019 Grants 

20 

Compensation Committee Report 

22 

Compensation Committee Interlocks and Insider Participation 

22 

SUMMARY COMPENSATION"
MC-FBIN-2022-03-31,FBIN,0001519751,Industrials,4733910131,2022-03-31,2022-Q1,trap,-0.0411,0.28,-0.3211,low,stable,low,stable,low,stable,false,CUSTOMER_CONCENTRATION,"Revenue volatile with noisy quarterly/annual mixing, -10.2% net trend. EPS erratic but profitable. Insider data shows NET_SELLING: 19 sales ($9.1M) vs zero purchases, but all paired with 19 grants -- pure vest-and-sell compensation activity from one SVP. Customer concentration 10-K excerpts reveal exposure to distributor/retailer consolidation risk and note home center channel dependence. Informative but does not resolve the ambiguous trajectory.",true,0,0,19,9068207,NET_SELLING,-9068207,0,true,"Found 2 customer concentration references. Key excerpts: [1] ""rsely affect our results of operations, cash flows and financial condition. 

9 

The consolidation of distributors or retailers or the financial instability or default of a distributor or one of its major customers could potentially cause such a disruption. In addition to our own sales force, we of..."" [2] ""20. This segment sells products principally in the U.S., Canada, Europe, Central America, Japan and Australia. Approximately 10%",true,"DEF 14A filed 2022-03-21. No obvious executive changes in compensation section. Excerpt: ""ypes and Amounts of NEO Compensation Awarded in 2021 

26

Compensation Committee Report 

32

2021 EXECUTIVE COMPENSATION 

33

2021 Summary Compensation Table 

33

2021 Grants of Plan-Based Awards 

34

Outstanding Equity Awards at 2021 Fiscal Year-End

35

2021 Option Exercises and Stock Vested 

37

Retirement and Post-Retirement Benefits 

37

2021 Nonqualified Deferred Compensation 

38

2021 Potenti"
MC-PSN-2022-03-31,PSN,0000275880,Industrials,5725389382,2022-03-31,2022-Q1,winner,0.53,0.28,0.25,medium,deteriorating,medium,deteriorating,medium,deteriorating,false,CUSTOMER_CONCENTRATION,"Revenue trend -65% with EPS flat. Insider data now shows MIXED: 2 open-market purchases ($1.6M) by CFO and CEO vs 16 sales ($3.9M), ratio 0.42. The CEO/CFO buying is a mildly positive signal against deterioration, but dollar values favor selling. Customer concentration 10-K confirms U.S. federal government (military/intelligence) as largest customer -- significant single-customer risk. Government concentration with ESG-linked comp changes in proxy. Enrichment provides texture but does not overcome clear financial deterioration.",true,2,1645297,16,3874348,MIXED,-2229051,0.425,true,"Found 5 customer concentration references. Key excerpts: [1] ""re not consistent with applicable laws and regulations and result in adjustments to contract costs and mandatory customer refunds. Such adjustments can be applied retroactively, which could result in significant customer refunds, and those refunds would negatively impact our revenue. Receipt of adve..."" [2] ""nt were harmed, our future revenues and cash flows would be adversely affected. 

The U.S. federal government and its agencies, ",true,"DEF 14A filed 2022-03-02. Executive changes detected in compensation section. Excerpt: ""nd environments that improve the quality of life for the communities we serve.

We also updated our executive compensation policies to tie a portion of our CEO and named executive officers annual bonuses to diversity, one of our critical core values. In addition, we established targets for enhancing gender diversity, improving ethnic/racial diversity, and reducing absolute greenhouse gas emissions by 20 perce"
MC-THO-2020-09-30,THO,0000730263,Consumer Discretionary,4334218036,2020-09-30,2020-Q3,trap,-0.0014,0.3,-0.3014,high,improving,high,improving,high,improving,false,INSIDER_TRADING,"Massive 308% revenue growth with EPS surging $0.52 to $4.02. Insider data now shows MIXED: 7 open-market purchases ($684K) by CEO Klein and directors vs 12 sales ($1.6M), ratio 0.42. Multiple insiders buying with their own money is a bullish signal consistent with improving trajectory. No customer concentration language in 10-K. Management proxy flags comp changes but boilerplate. Insider buying corroborates already-strong improving baseline.",true,7,683893,12,1634187,MIXED,-950294,0.418,false,No customer concentration language found in 10-K.,true,"DEF 14A filed 2019-10-30. Executive changes detected in compensation section. Excerpt: ""rincipal functions of our Compensation and Development Committee include to: 

Establish and review executive compensation policies and guiding principles. 

Review and approve the compensation of our Chief Executive Officer and evaluate his performance in light of such compensation. 

Review and approve the compensation of our Executive Officers. 

Evaluate and approve the design of compensation and benefit "
MC-STAG-2022-03-31,STAG,0001479094,Real Estate,6776032389,2022-03-31,2022-Q1,trap,-0.1265,0.28,-0.4065,medium,deteriorating,medium,deteriorating,medium,deteriorating,false,CUSTOMER_CONCENTRATION,"Revenue trend -61.6% with negative EPS (-$0.26) despite positive net income -- likely dilution. REIT shrinking top line. Insider data shows NET_SELLING: 4 sales ($2.5M) by CEO Butcher, zero purchases. Modest scale relative to REIT. Customer concentration 10-K excerpts describe credit risk mitigation through loan syndication and state portfolio is 'reasonably well diversified' with no unusual concentration -- actually a mild positive for a REIT. Does not alter deteriorating assessment.",true,0,0,4,2544399,NET_SELLING,-2544399,0,true,"Found 2 customer concentration references. Key excerpts: [1] ""r derivatives, are entered into with the same lenders or counterparties, and have similar economic features that would cause their inability to meet contractual obligations. The Company mitigates the concentration of credit risk as it relates to financing arrangements by entering into loan syndicati..."" [2] ""through financial statement review, tenant management calls, and press releases. Management believes the current credit risk por",true,"DEF 14A filed 2022-03-23. No obvious executive changes in compensation section. Excerpt: ""ng firm for the year ending December 31, 2022; and 

3. 

the approval, by non-binding vote, of our executive compensation. 

In addition, stockholders will consider and vote on such other business as may properly come before the annual meeting, including any adjournments or postponements of the meeting. 

If you owned shares of our common stock as of the close of business on March 10, 2022, you can vote th"
MC-MSM-2020-09-30,MSM,0001003078,Industrials,4998275498,2020-09-30,2020-Q3,winner,0.551,0.3,0.251,medium,deteriorating,medium,deteriorating,medium,deteriorating,false,none,Revenue trend -49.1% with EPS declining from $3.57 to $0.94. Insider data now shows NET_SELLING but minimal: only 2 sales ($61K) paired with 2 option exercises -- negligible scale from one SVP. Effectively uninformative at this dollar level. No customer concentration in 10-K. Stable management. Enrichment adds no signal despite now having real buy/sell parsing.,true,0,0,2,60896,NET_SELLING,-60896,0,false,No customer concentration language found in 10-K.,true,"DEF 14A filed 2019-12-19. No obvious executive changes in compensation section. Excerpt: ""Statement i 

TABLE OF CONTENTS 

&#xFEFF; Compensation Consultant 

38 

&#xFEFF; Fiscal Year 2019 Executive Compensation 

39 

&#xFEFF; Competitive Positioning 

46 

&#xFEFF; Executive Incentive Compensation Recoupment Policy 

48 

&#xFEFF; Executive Stock Ownership Guidelines 

49 

&#xFEFF; Federal Income Tax Deductibility of Executive Compensation 

49 

&#xFEFF; COMPENSATION RISK ASSESSMENT 

50 

"
MC-MTN-2022-03-31,MTN,0000812011,Consumer Discretionary,4871853059,2022-03-31,2022-Q1,trap,-0.3852,0.28,-0.6652,medium,improving,medium,improving,medium,improving,false,INSIDER_TRADING,"EPS recovered from losses (-$3.49) to $5.47. Seasonal ski/resort business. Insider data shows heavy NET_SELLING: 59 sales ($94.5M) by Exec Chair Katz, board member Schneider, and CFO Barkin -- zero purchases. $94.5M is very large and involves C-suite. This is a cautionary signal against the improving trajectory, but 31 option exercises paired with sales suggests primarily compensation monetization. Customer concentration excerpt is boilerplate credit risk language. Insider selling scale warrants attention but does not override clear EPS recovery.",true,0,0,59,94466380,NET_SELLING,-94466380,0,true,"Found 1 customer concentration references. Key excerpts: [1] ""x stock-based compensation expense 

24,395 

21,021 

19,856 

Less: benefit from income taxes 

5,871 

5,027 

4,589 

Net stock-based compensation expense 

$ 

18,524 

$ 

15,994 

$ 

15,267 

Concentration of Credit Risk The Company s financial instruments that are exposed to concentrations ...""",true,"DEF 14A filed 2021-10-25. No obvious executive changes in compensation section. Excerpt: ""lic accounting firm for the fiscal year ending July 31, 2022 

(3) hold an advisory vote to approve executive compensation and 

(4) transact such other business as may properly come before the annual meeting or any adjournments or postponements of the annual meeting. 

These items of business are more fully described in the Proxy Statement accompanying this notice. You will be able to attend the virtual an"
MC-LEA-2022-03-31,LEA,0000842162,Consumer Discretionary,6541078693,2022-03-31,2022-Q1,trap,-0.3813,0.28,-0.6613,high,improving,high,improving,high,improving,false,CUSTOMER_CONCENTRATION,"Revenue up 305% with EPS recovering from -$0.44 to $6.19. Strong cyclical auto-sector recovery. Insider data shows NET_SELLING: 15 sales ($5.2M) vs zero purchases, but paired with 9 exercises and 7 grants -- routine compensation activity. Customer concentration 10-K excerpts are significant: explicitly mention 'significant customers' including reference to GM labor strike impact and key customer/supplier dependence. Auto-parts supplier with concentrated OEM customer base is a real structural risk factor, but does not change the cyclical recovery trajectory.",true,0,0,15,5202196,NET_SELLING,-5202196,0,true,"Found 5 customer concentration references. Key excerpts: [1] ""a labor agreement, an extension of such agreement or a new agreement on satisfactory terms could adversely affect our financial condition, operating results and cash flows. In addition, if any of our significant customers experience a material work stoppage, such as the General Motors labor strike i..."" [2] ""markets, currency values, monetary unions, international treaties and fiscal policies; 

competitive conditions impacting us and",true,"DEF 14A filed 2021-04-05. No obvious executive changes in compensation section. Excerpt: ""LP as our independent
registered public accounting firm, to provide an advisory vote to approve our executive compensation, and to transact any other business properly brought before the meeting. 

As always, we encourage you to vote your shares prior to the Annual Meeting. You may vote your shares through one of the methods described in the enclosed proxy
statement. We strongly urge you to read the accompa"
MC-CHH-2022-03-31,CHH,0001046311,Consumer Discretionary,4744768677,2022-03-31,2022-Q1,trap,-0.0633,0.28,-0.3433,medium,deteriorating,medium,deteriorating,medium,deteriorating,false,INSIDER_TRADING,"Revenue trend -67.2% with EPS declining from $4.01 to $1.20. Insider data shows NET_SELLING: 12 sales ($1.6M) by one SVP (Oaksmith), zero purchases. Modest scale from a single non-C-suite insider -- mildly consistent with deterioration but not strongly directional. No customer concentration in 10-K (hotel franchise model has dispersed franchisee base). Stable management. Enrichment mildly corroborative but not impactful enough to shift confidence.",true,0,0,12,1608117,NET_SELLING,-1608117,0,false,No customer concentration language found in 10-K.,true,"DEF 14A filed 2021-04-12. No obvious executive changes in compensation section. Excerpt: ""lders or until their successors are elected and qualified 

2 

To hold an advisory vote to approve executive compensation of our named executive officers 

3 

To ratify the appointment of Ernst Young LLP as the Company s independent registered public accounting firm for the fiscal year ending December 31, 2021 and 

4 

To transact other business properly coming before the Annual Meeting. 

Shareholders o"
MC-HR-2020-09-30,HR,0001360604,Real Estate,6034111251,2020-09-30,2020-Q3,trap,-0.493,0.3,-0.793,high,deteriorating,high,deteriorating,high,deteriorating,false,INSIDER_TRADING,"Revenue trend -48.6% with EPS declining to -$0.03 (latest quarter unprofitable). Insider data shows NET_SELLING: 8 sales ($9.6M) by CEO Peters vs 5 small purchases ($166K) by CFO and directors -- ratio 0.02, overwhelmingly sell-dominated. CEO selling nearly $10M while company moves toward losses is a strong bearish signal consistent with deteriorating trajectory. Customer concentration excerpt is REIT boilerplate credit risk. Proxy shows comp plan amendments but no turnover. CEO selling reinforces already-high confidence deterioration.",true,5,166088,8,9562787,NET_SELLING,-9396700,0.017,true,"Found 1 customer concentration references. Key excerpts: [1] ""l estate assets reported in our accompanying consolidated balance sheet by approximately $ 606.6 million as of December 31, 2019 , primarily due to the differences in depreciation and amortization. 

Concentration of Credit Risk 

We maintain the majority of our cash and cash equivalents at major fi...""",true,"DEF 14A filed 2020-04-29. No obvious executive changes in compensation section. Excerpt: ""e. This responsibility includes listening to and considering our stockholders views and feedback on executive compensation. We review total compensation at year-end in order to ensure that the total compensation for executives is reflective of both performance for the year and broader peer compensation practices. We have amended our compensation plan over the last several years and believe the results have "
MC-LPX-2020-09-30,LPX,0000060519,Materials,5050586645,2020-09-30,2020-Q3,winner,0.8729,0.3,0.5729,high,improving,high,improving,high,improving,false,CUSTOMER_CONCENTRATION,"EPS surged from $0.58 to $1.57 (nearly 3x). All 8 quarters profitable. Insider data shows NET_SELLING: 5 sales ($2.1M) with 8 exercises, zero purchases -- routine option monetization, modest scale. Customer concentration 10-K is genuinely informative: top 10 customers = ~42% of sales, with wholesale distributors and retail home improvement channels as principal customers. Moderate concentration but diversified across both wholesale and retail. Does not change strongly improving baseline but adds useful structural context.",true,0,0,5,2092111,NET_SELLING,-2092111,0,true,"Found 2 customer concentration references. Key excerpts: [1] ""in a broad customer base and a balanced approach to national distribution through both wholesale and retail channels. In 2019 , our top ten customers accounted for approximately 42% of our sales. Our principal customers include the following: 

Wholesale distribution companies, which supply building..."" [2] ""d outdoor structures markets. In addition to our U.S. operations, the Company also maintains manufacturing facilities in Canada,",true,"DEF 14A filed 2020-04-09. No obvious executive changes in compensation section. Excerpt: ""non-binding, advisory
vote on the compensation of our named executive officers. We believe that our executive compensation programs must attract, retain
and motivate our management team to lead our company to sustainable financial performance that furthers the long-term interests
of LP and its stockholders. Stockholders approved the 2018 named executive officer compensation at the 2019 Annual Stockholders
m"
MC-KBR-2022-03-31,KBR,0001357615,Industrials,4970535826,2022-03-31,2022-Q1,trap,-0.0899,0.28,-0.3699,high,deteriorating,high,deteriorating,high,deteriorating,false,CUSTOMER_CONCENTRATION,"Revenue trend -74% with latest EPS -$0.51. Only 5/8 quarters profitable. Insider data shows NET_SELLING: 20 sales ($2.5M) by one executive (Chief Digital Officer Conlon) with zero purchases, zero grants, zero exercises -- all 20 filings are pure dispositions. Unusual pattern but from a single non-C-suite officer. Customer concentration 10-K excerpts explicitly mention 'Significant Customers' section and flag risk of 'loss, cancellation or delay in projects by significant customers.' Government/defense contractor with project-based revenue and concentrated customer dependency. Reinforces deteriorating assessment.",true,0,0,20,2478795,NET_SELLING,-2478795,0,true,"Found 5 customer concentration references. Key excerpts: [1] ""l performance. 

Our results of operations and cash flows depend on the award of new contracts and the timing of the performance of these contracts. 

A loss, cancellation or delay in projects by our significant customers in the future could negatively affect our financial performance. 

If we are u..."" [2] ""imize their return on investment. 

Other. Our non-core Other segment includes corporate expenses and selling, general and admin",true,"DEF 14A filed 2021-04-05. No obvious executive changes in compensation section. Excerpt: ""5 

Security Ownership of Certain Beneficial Owners and Management 

37 

Executive Officers 

38 

Executive Compensation 

41 

Proposal No. 2 — Advisory Vote to Approve Named Executive Officer Compensation 

42 

Executive Compensation 

42 

Compensation Discussion and Analysis 

43 

Executive Summary 

43 

Overview of Executive Compensation Philosophy, Policies and Practices 

46 

Summary of 2020 Ta"
MC-INGR-2022-03-31,INGR,0001046257,Consumer Staples,7177270338,2022-03-31,2022-Q1,winner,0.5515,0.28,0.2715,medium,stable,medium,stable,medium-high,stable,false,CUSTOMER_CONCENTRATION,"EPS shows stability ($1.73 to $1.92). All 8 quarters profitable. Consumer staples defensive. Insider data shows NET_SELLING but trivial: 11 sales ($103K total) -- negligible dollar value, likely fractional share tax withholding. Effectively no signal. Customer concentration 10-K is genuinely informative and positive: explicitly states 'no significant concentration of risk with any single customer' and 'No customer accounted for 10%' of sales. Well-diversified revenue base corroborates stable trajectory and raises confidence slightly.",true,0,0,11,103291,NET_SELLING,-103291,0,true,"Found 3 customer concentration references. Key excerpts: [1] ""urable events in any one country would not have a material adverse effect on Ingredion s operations as a whole. Additionally, Ingredion believes there is no significant concentration of risk with any single customer or supplier whose failure or non-performance would materially affect Ingredion s res..."" [2] ""3 

Food and Beverage Ingredients 

71 

74 

67 

66 

68 

Animal Nutrition

11 

11 

17 

5 

7 

Other

18 

15 

16 

29 
",true,"DEF 14A filed 2021-04-07. No obvious executive changes in compensation section. Excerpt: ""4

Director Compensation 

20

SECURITY
OWNERSHIP OF CERTAIN BENEFICIAL OWNERS AND MANAGEMENT 

23

EXECUTIVE
COMPENSATION 

25

Compensation Discussion and Analysis 

25

Fiscal 2020 Summary Compensation Table 

40

Grants of Plan-Based Awards in Fiscal 2020 

42

Outstanding Equity Awards at 2020 Fiscal Year-End 

43

Option Exercises and Stock Vested in Fiscal 2020 

45

Pension Benefits in Fiscal 2020 
"
MC-LSTR-2022-03-31,LSTR,0000853816,Industrials,5522374163,2022-03-31,2022-Q1,trap,-0.0042,0.28,-0.2842,medium,improving,medium,improving,medium,improving,false,CUSTOMER_CONCENTRATION,"EPS rose from $2.58 to $3.34 in comparable quarters. All 8 quarters profitable. Insider data shows NET_SELLING: 11 sales ($6.2M) vs 2 purchases ($380K) by director Akbari, ratio 0.06. One director buying is mildly positive but overwhelmed by selling volume. 20 grants paired with sales suggests vest-and-sell. Customer concentration 10-K confirms 'No single customer accounted for more than 10%' -- well-diversified freight brokerage model. Positive structural signal but does not change improving trajectory or confidence level.",true,2,379501,11,6220418,NET_SELLING,-5840918,0.061,true,"Found 2 customer concentration references. Key excerpts: [1] ""he accounting policies of the segments are the same as those described in the summary of significant accounting policies. The Company evaluates a segment s performance based on operating income. 

No single customer accounted for more than 10 % of the Company s consolidated revenue in fiscal years 2..."" [2] ""third party capacity providers allows it to efficiently attract and service smaller shippers which may not be as desirable to ot",true,"DEF 14A filed 2022-03-29. No obvious executive changes in compensation section. Excerpt: ""dependent registered public accounting firm for fiscal year
2022; 

(3) To hold an advisory vote on executive compensation; 

(4) To consider approval of the Company s 2022 Directors Stock Compensation Plan (the 2022 DSCP ); and 

(5) To transact such other business as may properly come before the meeting or any adjournment thereof. 

Only stockholders of record at the close of business on March 16, 2022 wi"
MC-AVT-2020-09-30,AVT,0000008858,Information Technology,5294079260,2020-09-30,2020-Q3,winner,0.8649,0.3,0.5649,high,deteriorating,high,deteriorating,high,deteriorating,false,INSIDER_TRADING,"Only 1/8 quarters profitable with persistent losses (EPS -$0.31 to -$1.29). Despite revenue growth, cannot convert to earnings. Insider data shows NET_SELLING: 5 sales ($428K) vs 1 CFO purchase ($101K), ratio 0.24. New CFO Liguori buying is a mildly positive signal (new executive conviction), but small dollar amount against persistent losses. Customer concentration 10-K mentions risk from 'loss of significant customers' and defaults -- standard distribution business risk. Proxy flags executive changes consistent with underperformance. Enrichment adds color but does not change clear deterioration.",true,1,100964,5,428181,NET_SELLING,-327217,0.236,true,"Found 2 customer concentration references. Key excerpts: [1] ""versely affect the Company s business, results of operations, financial condition or liquidity.

Substantial defaults by the Company s customers or suppliers on its accounts receivable or the loss of significant customers could have a significant negative impact on the Company s business, results of..."" [2] ""ither as a liability or as equity depending on the terms of the acquisition agreement.

48

Table of Contents 

AVNET, INC. AND ",true,"DEF 14A filed 2019-09-30. Executive changes detected in compensation section. Excerpt: ""ing and until their successors have been elected and qualified. 

2. To conduct an advisory vote on executive compensation. 

3. To ratify the appointment of KPMG LLP as the independent registered public
accounting firm to audit the consolidated financial statements of Avnet for the fiscal year ending June 27, 2020. 

4. To take action with respect to such other matters as may properly come before the
Annual "
MC-ESAB-2022-03-31,ESAB,0001877322,Industrials,5595994987,2022-03-31,2022-Q1,winner,1.33,0.28,1.05,high,improving,high,improving,medium,improving,false,none,Revenue up 24.5% with EPS rising from $0.96 to $3.92. All 7 reporting quarters profitable. No insider trading data (no Form 4 filings -- newly spun off entity). No 10-K or proxy available pre-entry. Complete enrichment blackout for this recently public company. Confidence drops from high to medium on enriched assessment due to inability to corroborate with any alternative data source.,false,,,,,,,,false,No 10-K found before entry date.,false,No DEF 14A proxy statement found before entry date.
MC-OLLI-2022-03-31,OLLI,0001639300,Consumer Discretionary,5546782881,2022-03-31,2022-Q1,winner,1.7086,0.28,1.4286,medium,stable,medium,stable,medium,stable,false,none,"Revenue trend -60% is data artifact. EPS mixed: quarterly $0.36 to $0.71 (improving) but annual $1.72 to $2.43. Insider data shows NET_SELLING: 8 sales ($224K) paired with 8 exercises -- pure option exercise-and-sell, trivial dollar value. Customer concentration excerpt is boilerplate credit risk language (credit card receivables), not revenue concentration. Stable management. Enrichment data now has real parsing but signals remain uninformative for this case.",true,0,0,8,223757,NET_SELLING,-223757,0,true,"Found 1 customer concentration references. Key excerpts: [1] ""te of acquisition to be cash and cash equivalents. Amounts receivable from credit card issuers are typically converted to cash within one to two business days of the original sales transaction.

(g)

Concentration of Credit Risk

A financial instrument which potentially subjects the Company to a con...""",true,"DEF 14A filed 2021-05-05. No obvious executive changes in compensation section. Excerpt: ""d Consultant 

19 

Compensation Philosophy 

20 

Pay Mix 

20 

Peer Group 

20 

Elements of Our Executive Compensation and Benefits Programs 

21 

Base Salary 

21 

Annual Incentive Compensation 

21 

Long-Term Equity Incentive Compensation 

21 

Fiscal Year 2020 Grants 

22 

Compensation Committee Report 

23 

Compensation Committee Interlocks and Insider Participation 

23 

SUMMARY COMPENSATION"
MC-ADC-2020-09-30,ADC,0000917251,Real Estate,7979303816,2020-09-30,2020-Q3,trap,-0.132,0.3,-0.432,medium,stable,medium,stable,medium-high,stable,false,INSIDER_TRADING,"EPS slightly declining ($0.93 to $0.39 quarterly). All 8 quarters profitable. Net-lease REIT. Insider data shows MIXED: 13 open-market purchases ($435K) by 3 different insiders (Leopold, Lehmkuhl, Frankel) vs 6 sales ($1.3M) by one insider (Rossi), ratio 0.33. Multiple insiders buying with personal capital is a mildly bullish signal -- suggests board/management confidence despite flat financials. Customer concentration excerpt is standard FDIC insurance boilerplate for cash deposits, not tenant concentration. Insider buying pattern modestly supports stability and raises confidence slightly.",true,13,434742,6,1322423,MIXED,-887681,0.329,true,"Found 1 customer concentration references. Key excerpts: [1] ""onnection with the payment of the January 3, 2020 dividend. The account balances periodically exceed the Federal Deposit Insurance Corporation ( FDIC ) insurance coverage, and as a result, there is a concentration of credit risk related to amounts on deposit in excess 

F-12

Table of Contents 

8

...""",true,"DEF 14A filed 2020-03-23. No obvious executive changes in compensation section. Excerpt: ""our independent registered public accounting firm for 2020; and 

To approve, by non-binding vote, executive compensation; and 

To approve the 2020 Omnibus Incentive Plan. 

In addition, stockholders will consider and vote on such other business as may properly come before the meeting or any adjournment or postponement thereof. 

Stockholders of record at the close of business on March 6, 2020 will be enti"
