case_id,ticker,cik,sector,market_cap_at_entry,entry_date,entry_cross_section,outcome_class,forward_return_3yr,sp500_return_3yr,spread_variance_slope,spread_theta,si_zipf_velocity,si_csd,si_d1,si_d2,si_theta,si_zipf_x_d1,composite,volume_benford_kld,beta_level,beta_trajectory,beta_velocity,fin_csd,fin_benford_kld,fin_d1_growth,fisher_information,benford_structural_stress,eps_round_number_excess,form4_net_value,form4_buy_sell_ratio,form4_net_direction,form4_log_net_value,form4_purchases_value,form4_sales_value,hurst_revenue,hurst_x_growth_direction,scurve_phase,revenue_d1,revenue_d2
MC-SIMO-2020-09-30,SIMO,,Unknown,14989853563,2020-09-30,2020-Q3,mixed,0.3565,0.3,0.0032605072302558397,0.5283576675433289,-32.2,0.371879561793695,-0.06736484256034538,0.12409576331250777,0.8772104054975391,2.1691479304431214,-0.050000000000000044,,,,,,,,,,,,,,,,,,,,,
MC-SIMO-2022-03-31,SIMO,,Unknown,14989853563,2022-03-31,2022-Q1,trap,-0.2433,0.28,-0.0018465441176470582,0.33284375744425865,-9.236263736263735,0.5658376425143984,-0.10131505395762443,-0.0485267845765921,0.2523889035982927,0.9357725588064102,-0.35,,,,,,,,,,,,,,,,,,,,,
MC-CSL-2020-09-30,CSL,,Unknown,14866375480,2020-09-30,2020-Q3,winner,1.1187,0.3,0.0032605072302558397,0.5283576675433289,15.4,0.9942315007059719,-0.01095759733037355,0.038418038593077235,4.605170185988091,-0.16874699888775266,-0.09999999999999998,,,,,,,,,,,,,,,,,,,,,
MC-CSL-2022-03-31,CSL,,Unknown,14866375480,2022-03-31,2022-Q1,mixed,0.3846,0.28,-0.0018465441176470582,0.33284375744425865,12.697802197802197,0.5434748965546919,-0.035090246964115855,0.031939770215192106,0.3914398733381911,-0.4455690150223722,0.1499999999999999,,,,,,,,,,,,,,,,,,,,,
MC-WPC-2020-09-30,WPC,,Unknown,14798596759,2020-09-30,2020-Q3,trap,-0.17,0.3,0.0032605072302558397,0.5283576675433289,-8.5,0.6152579119284909,0.03989187725886705,-0.04796425851873101,0.599156822277275,-0.3390809567003699,0.050000000000000044,,,,,,,,,,,,,,,,,,,,,
MC-WPC-2022-03-31,WPC,,Unknown,14798596759,2022-03-31,2022-Q1,trap,-0.203,0.28,-0.0018465441176470582,0.33284375744425865,-9.835164835164836,0.47969618320004775,-0.01679566855782858,-0.021193310650000588,0.3917649525418332,0.16518816878303935,-0.15000000000000002,,,,,,,,,,,,,,,,,,,,,
MC-EWBC-2020-09-30,EWBC,,Unknown,14692617186,2020-09-30,2020-Q3,winner,0.61,0.3,0.0032605072302558397,0.5283576675433289,-13.7,0.8990267668789564,0.03386854149488015,0.037068569032911516,0.6530185225804044,-0.4639990184798581,0.19999999999999996,,,,,,,,,,,,,,,,,,,,,
MC-EWBC-2022-03-31,EWBC,,Unknown,14692617186,2022-03-31,2022-Q1,underperform,0.1359,0.28,-0.0018465441176470582,0.33284375744425865,7.065934065934066,0.5033613940782309,0.07667441879553015,0.07714240951673162,0.43293350850140017,0.5417763877530317,0.3500000000000001,,,,,,,,,,,,,,,,,,,,,
MC-NLY-PF-2020-09-30,NLY-PF,,Unknown,14591969653,2020-09-30,2020-Q3,underperform,0.1248,0.3,0.0032605072302558397,0.5283576675433289,,,,,,,,,,,,,,,,,,,,,,,,,,,,
MC-NLY-PF-2022-03-31,NLY-PF,,Unknown,14591969653,2022-03-31,2022-Q1,underperform,0.0498,0.28,-0.0018465441176470582,0.33284375744425865,,,,,,,,,,,,,,,,,,,,,,,,,,,,
MC-RNR-2020-09-30,RNR,0000913144,Financials,14575875188,2020-09-30,2020-Q3,underperform,0.166,0.3,0.0032605072302558397,0.5283576675433289,-1.4,0.9884476843370452,0.03576036755177863,-0.06571911865529342,1.3161416587161194,-0.05006451457249008,0.19999999999999996,,2.190548680518384,6.499401163514431,0.9304321085317655,-0.0025433104444259847,0.13951256882139718,0.3876010302286511,0.14606531933262018,STRUCTURAL_STRESS,-0.01415929203539823,,,,,,,0.232665635869583,0.232665635869583,ACCELERATING,0.3876010302286511,0.3258894318355385
MC-RNR-2022-03-31,RNR,0000913144,Financials,14575875188,2022-03-31,2022-Q1,winner,0.5141,0.28,-0.0018465441176470582,0.33284375744425865,0.46703296703296704,0.6825908439193645,0.06774114057144731,0.11453575949360612,1.2655388774156282,0.03163734587128034,0.25,,4.236338777070742,3.6237317069217525,-1.591992734451848,-0.0030998002168878052,0.13057992630704432,0.005589528466006656,0.14606531933262018,STRUCTURAL_STRESS,0.032,,,,,,,0.2265917714763872,0.2265917714763872,ACCELERATING,0.005589528466006656,0.2489391769661454
MC-TCANF-2020-09-30,TCANF,,Unknown,14547336846,2020-09-30,2020-Q3,mixed,0.2898,0.3,0.0032605072302558397,0.5283576675433289,,,,,,,,,,,,,,,,,,,,,,,,,,,,
MC-TCANF-2022-03-31,TCANF,,Unknown,14547336846,2022-03-31,2022-Q1,trap,-0.4866,0.28,-0.0018465441176470582,0.33284375744425865,100,0.9999999503150385,-130.44625199362042,-117.31666666666666,4.605170185988091,-13044.625199362043,-0.15000000000000002,,,,,,,,,,,,,,,,,,,,,
MC-NLY-PI-2020-09-30,NLY-PI,,Unknown,14441596466,2020-09-30,2020-Q3,underperform,0.0353,0.3,0.0032605072302558397,0.5283576675433289,,,,,,,,,,,,,,,,,,,,,,,,,,,,
MC-NLY-PI-2022-03-31,NLY-PI,,Unknown,14441596466,2022-03-31,2022-Q1,underperform,0.0328,0.28,-0.0018465441176470582,0.33284375744425865,,,,,,,,,,,,,,,,,,,,,,,,,,,,
MC-FMCQF-2020-09-30,FMCQF,,Unknown,14438875557,2020-09-30,2020-Q3,trap,-0.4816,0.3,0.0032605072302558397,0.5283576675433289,0.7,0.9839203914632801,-0.2742046851771324,-0.12051685466131676,4.605170185988091,-0.19194327962399269,-0.15000000000000002,,,,,,,,,,,,,,,,,,,,,
MC-FMCQF-2022-03-31,FMCQF,,Unknown,14438875557,2022-03-31,2022-Q1,trap,-0.242,0.28,-0.0018465441176470582,0.33284375744425865,0.9395604395604396,0.705809435833735,0.06339865369570254,-0.005411954926368392,4.605170185988091,0.05956686693387436,0.1499999999999999,,,,,,,,,,,,,,,,,,,,,
MC-MET-PA-2020-09-30,MET-PA,,Unknown,14414784969,2020-09-30,2020-Q3,trap,-0.0696,0.3,0.0032605072302558397,0.5283576675433289,,,,,,,,,,,,,,,,,,,,,,,,,,,,
MC-MET-PA-2022-03-31,MET-PA,,Unknown,14414784969,2022-03-31,2022-Q1,underperform,0.0158,0.28,-0.0018465441176470582,0.33284375744425865,,,,,,,,,,,,,,,,,,,,,,,,,,,,
MC-GGG-2020-09-30,GGG,,Unknown,14349360121,2020-09-30,2020-Q3,underperform,0.1879,0.3,0.0032605072302558397,0.5283576675433289,3.2,0.0034719426412279197,0.007481435194859672,-0.04653907934697826,2.9632800703955002,0.02394059262355095,0.19999999999999996,,,,,,,,,,,,,,,,,,,,,
MC-GGG-2022-03-31,GGG,,Unknown,14349360121,2022-03-31,2022-Q1,mixed,0.1978,0.28,-0.0018465441176470582,0.33284375744425865,10.17032967032967,0.5795035656406164,0.04512951366665748,0.09034555201150218,0.6487769031438723,0.4589820318515549,0.19999999999999996,,,,,,,,,,,,,,,,,,,,,
MC-NLY-PG-2020-09-30,NLY-PG,,Unknown,14273873247,2020-09-30,2020-Q3,underperform,0.185,0.3,0.0032605072302558397,0.5283576675433289,,,,,,,,,,,,,,,,,,,,,,,,,,,,
MC-NLY-PG-2022-03-31,NLY-PG,,Unknown,14273873247,2022-03-31,2022-Q1,underperform,0.0799,0.28,-0.0018465441176470582,0.33284375744425865,,,,,,,,,,,,,,,,,,,,,,,,,,,,
MC-JLL-2020-09-30,JLL,0001037976,Real Estate,14238396113,2020-09-30,2020-Q3,mixed,0.4759,0.3,0.0032605072302558397,0.5283576675433289,0.7,0.9990986501730317,-0.08971474085345355,0.023678698129960145,2.24890229363815,-0.06280031859741748,-0.050000000000000044,,0.707709654595067,0.0022342508551066453,-1.2175341964756337,0.0008296661444602154,0.07415115662322684,0.01695792584547333,0.1441924825407769,STRUCTURAL_STRESS,0.021238938053097345,,,,,,,0.1917889409125403,0.1917889409125403,ACCELERATING,0.01695792584547333,0.16966594725068795
MC-JLL-2022-03-31,JLL,0001037976,Real Estate,14238396113,2022-03-31,2022-Q1,underperform,0.0353,0.28,-0.0018465441176470582,0.33284375744425865,0.10989010989010989,0.4160401624578714,-0.024237131542762844,-0.0038827738580487292,0.9242526815800078,-0.0026634210486552574,0.19999999999999996,,0.2853987943235381,-8.310452489268414,2.815424998619222,0.00045936170779811903,0.06779106929069148,0.14952016933168516,0.1441924825407769,STRUCTURAL_STRESS,0.032,,,,,,,0.1959057135308971,0.1959057135308971,ACCELERATING,0.14952016933168516,0.14402533831618097
MC-DECK-2020-09-30,DECK,,Unknown,14219672608,2020-09-30,2020-Q3,winner,1.3365,0.3,0.0032605072302558397,0.5283576675433289,8.7,0.006751521948752412,0.05914315547071157,0.003562855058295608,1.370742293434403,0.5145454525951906,0.3999999999999999,,,,,,,,,,,,,,,,,,,,,
MC-DECK-2022-03-31,DECK,,Unknown,14219672608,2022-03-31,2022-Q1,winner,1.4504,0.28,-0.0018465441176470582,0.33284375744425865,10.82967032967033,0.38547621968503004,-0.10181344101600243,0.01480852107657099,0.4497900558609138,-1.1026060013326417,0.050000000000000044,,,,,,,,,,,,,,,,,,,,,
MC-MEDP-2020-09-30,MEDP,0001668397,Health Care,14215811866,2020-09-30,2020-Q3,winner,1.1667,0.3,0.0032605072302558397,0.5283576675433289,2.2,0.999227963325687,0.23757326430151723,0.06700378805458991,0.4833754549454412,0.522661181463338,0.5,,1.3784455632793493,0.3903210789594346,3.5673561885861256,-0.005546287873975714,0.02990860859825626,0.11962251400988985,0.10739059459838939,STRUCTURAL_STRESS,0.14693877551020407,,,,,,,0.0717560679305271,0.0717560679305271,PEAK,0.11962251400988985,-0.26762215127937783
MC-MEDP-2022-03-31,MEDP,0001668397,Health Care,14215811866,2022-03-31,2022-Q1,winner,0.8625,0.28,-0.0018465441176470582,0.33284375744425865,0.027472527472527472,0.39962214241441,-0.10528531359402238,0.103059771795858,0.3992389284148225,-0.0028924536701654497,0.19999999999999996,,2.0486653208224506,4.108657289478771,1.7186600335264506,-0.005000021331329129,0.024626851111881617,0.24830793685455033,0.10683624723884654,STRUCTURAL_STRESS,0.11147540983606558,,,,,,,0.1055274381987611,-0.1055274381987611,PEAK,0.24830793685455033,-0.20086260920371682
MC-SIM-2020-09-30,SIM,,Unknown,14198949613,2020-09-30,2020-Q3,winner,3.594,0.3,0.0032605072302558397,0.5283576675433289,-17.4,0.9355090838162654,-0.24566390966062318,0.2606836096765425,4.605170185988091,4.274552028094843,-0.19999999999999996,,,,,,,,,,,,,,,,,,,,,
MC-SIM-2022-03-31,SIM,,Unknown,14198949613,2022-03-31,2022-Q1,trap,-0.1055,0.28,-0.0018465441176470582,0.33284375744425865,11.12937062937063,0.16629476976328478,-0.690097225820185,-1.0963818799517489,4.605170185988091,-7.680347796453318,-0.30000000000000004,,,,,,,,,,,,,,,,,,,,,
MC-LECO-2020-09-30,LECO,0000059527,Industrials,14105732561,2020-09-30,2020-Q3,winner,0.9751,0.3,0.0032605072302558397,0.5283576675433289,-0.5,0.9895672139156393,0.030860683561934284,0.006487772674084891,2.4182354635093004,-0.015430341780967142,0.19999999999999996,,1.9430872411561955,2.8067666229222787,1.5684065672007454,-0.0005982270324021683,0.10175828203187519,-0.0942239321188613,0.10508136510421653,STRUCTURAL_STRESS,-0.05840707964601771,,,,,,,0.11732578982272049,-0.11732578982272049,TROUGH,-0.0942239321188613,0.10032311127331539
MC-LECO-2022-03-31,LECO,0000059527,Industrials,14105732561,2022-03-31,2022-Q1,mixed,0.3726,0.28,-0.0018465441176470582,0.33284375744425865,0.5604395604395604,0.5739462616023434,-0.0033325750734308768,-0.04574649507147481,0.47412445954649607,-0.0018677069092854365,0.1499999999999999,,0.6490341990814242,2.2090975336610303,2.6467379823517074,-0.0008450211293487705,0.10991064286490622,0.2209305771486197,0.10508136510421653,STRUCTURAL_STRESS,-0.05600000000000002,,,,,,,0.11438132709096589,-0.11438132709096589,ACCELERATING,0.2209305771486197,0.12814806555156352
MC-SNNUF-2020-09-30,SNNUF,,Unknown,14087151516,2020-09-30,2020-Q3,trap,-0.3464,0.3,0.0032605072302558397,0.5283576675433289,0.8,0.95026034985404,0.0028014779093074775,-0.0015829741140115676,4.605170185988091,0.002241182327445982,0.19999999999999996,,,,,,,,,,,,,,,,,,,,,
MC-SNNUF-2022-03-31,SNNUF,,Unknown,14087151516,2022-03-31,2022-Q1,trap,-0.1485,0.28,-0.0018465441176470582,0.33284375744425865,0.3901098901098901,0.5270841357737409,0.08268065771554609,0.0017113668026486409,4.605170185988091,0.03225454229562512,0.3999999999999999,,,,,,,,,,,,,,,,,,,,,
MC-EG-2020-09-30,EG,0001095073,Financials,13905925306,2020-09-30,2020-Q3,winner,0.8815,0.3,0.0032605072302558397,0.5283576675433289,,,,,,,,,2.4340013115508916,-1.876545798244781,-4.051386649561968,0.0016725568730707437,0.12479599035681832,0.0813395414538137,0.09915328114882983,STRUCTURAL_STRESS,-0.011965811965811979,,,,,,,0.14920191262959007,0.14920191262959007,ACCELERATING,0.0813395414538137,0.04635372932855677
MC-EG-2022-03-31,EG,0001095073,Financials,13905925306,2022-03-31,2022-Q1,mixed,0.2056,0.28,-0.0018465441176470582,0.33284375744425865,,,,,,,,,7.357288080607056,8.667255466210639,15.18946695295394,0.0008389605958536001,0.09219067839891013,0.23707288021968684,0.0829258158594013,STRUCTURAL_STRESS,-0.013953488372093037,,,,,,,0.14266066266800975,-0.14266066266800975,ACCELERATING,0.23707288021968684,0.11493227391826694
MC-DTM-2022-03-31,DTM,0001842022,Energy,13899296262,2022-03-31,2022-Q1,winner,0.7781,0.28,-0.0018465441176470582,0.33284375744425865,-0.4,0.9946617241253096,-0.020913762302146695,-0.006033120028473303,0.47521844875200775,0.008365504920858679,-0.30000000000000004,,,,,,0.26064771187972985,0.12905589033566042,0.14101174051060106,STRUCTURAL_STRESS,0.06666666666666665,,,,,,,,,ACCELERATING,0.12905589033566042,0.32600633126711315
MC-SMHB-2020-09-30,SMHB,,Unknown,13890270110,2020-09-30,2020-Q3,mixed,0.2878,0.3,0.0032605072302558397,0.5283576675433289,6.2,0.9009274742016905,-0.9737054310006377,-1.1393973142938623,,-6.0369736722039535,-0.266,,,,,,,,,,,,,,,,,,,,,
MC-SMHB-2022-03-31,SMHB,,Unknown,13890270110,2022-03-31,2022-Q1,trap,-0.5957,0.28,-0.0018465441176470582,0.33284375744425865,3.098901098901099,0.38329793830555214,-1.1413472263194793,0.028784167571031416,1.3939928475962233,-3.5369221738691556,0.25,,,,,,,,,,,,,,,,,,,,,
MC-LXP-2020-09-30,LXP,,Unknown,13834158099,2020-09-30,2020-Q3,trap,-0.1483,0.3,0.0032605072302558397,0.5283576675433289,45.3,0.7516783927792088,0.13432310884750448,0.11818990207723057,4.605170185988091,6.084836830791953,0.3999999999999999,,,,,,,,,,,,,,,,,,,,,
MC-LXP-2022-03-31,LXP,,Unknown,13834158099,2022-03-31,2022-Q1,trap,-0.449,0.28,-0.0018465441176470582,0.33284375744425865,-14.56043956043956,0.5848957052896819,0.06671110184083708,0.019617606557612327,0.22933418692253543,-0.9713429663638365,0.050000000000000044,,,,,,,,,,,,,,,,,,,,,
MC-LOGI-2020-09-30,LOGI,,Unknown,13812897482,2020-09-30,2020-Q3,trap,-0.1083,0.3,0.0032605072302558397,0.5283576675433289,-95.8,0.8999673139756779,-0.04479765690811721,0.24661139546447228,0.24435553073351185,4.291615531797628,-0.30000000000000004,,,,,,,,,,,,,,,,,,,,,
MC-LOGI-2022-03-31,LOGI,,Unknown,13812897482,2022-03-31,2022-Q1,underperform,0.1441,0.28,-0.0018465441176470582,0.33284375744425865,-13.434065934065934,0.3725023391581494,-0.006967787408598575,0.04221764228836794,0.7872678731399663,0.09360571546166767,-0.09999999999999998,,,,,,,,,,,,,,,,,,,,,
MC-BBIO-2020-09-30,BBIO,,Unknown,13803890823,2020-09-30,2020-Q3,trap,-0.2972,0.3,0.0032605072302558397,0.5283576675433289,-7.9,0.8104013001942532,0.023850176593053045,0.00848584823387945,0.5894558444036384,-0.18841639508511906,0.050000000000000044,,,,,,,,,,,,,,,,,,,,,
MC-BBIO-2022-03-31,BBIO,,Unknown,13803890823,2022-03-31,2022-Q1,winner,2.4059,0.28,-0.0018465441176470582,0.33284375744425865,4.747252747252747,0.4311640867723544,-0.05626678483240308,-0.004114962759747494,0.45780288349860304,-0.2671126488747047,-0.19999999999999996,,,,,,,,,,,,,,,,,,,,,
MC-PHYS-2020-09-30,PHYS,,Unknown,13801430849,2020-09-30,2020-Q3,trap,-0.0485,0.3,0.0032605072302558397,0.5283576675433289,8.2,0.9999907030874845,-2.1966140262259892,-0.3899871253858395,,-18.01223501505311,-0.46599999999999997,,,,,,,,,,,,,,,,,,,,,
MC-PHYS-2022-03-31,PHYS,,Unknown,13801430849,2022-03-31,2022-Q1,winner,0.5654,0.28,-0.0018465441176470582,0.33284375744425865,5.016483516483516,0.46408494739211176,-3.1702656870322015,-0.6245072172652317,4.605170185988091,-15.90358556187033,0,,,,,,,,,,,,,,,,,,,,,
MC-AR-2020-09-30,AR,0001433270,Energy,13794609970,2020-09-30,2020-Q3,winner,8.2291,0.3,0.0032605072302558397,0.5283576675433289,-0.3,0.0017509083087219204,-0.07738192638616176,-0.03756198635958666,1.5285153070202864,0.023214577915848526,-0.15000000000000002,,0.14875510390674745,-1.2667262709946359,3.7855489943899,-0.0007878534925717009,0.027455763791688535,-0.06569565652863853,0.20591965978562551,STRUCTURAL_STRESS,-0.03582089552238807,,,,,,,0.5305271352806656,0.5305271352806656,DECELERATING,-0.06569565652863853,-1.1444668035183039
MC-AR-2022-03-31,AR,0001433270,Energy,13794609970,2022-03-31,2022-Q1,mixed,0.3246,0.28,-0.0018465441176470582,0.33284375744425865,0.016483516483516484,0.46569452581580617,-0.04619320774866357,0.019516082453894742,0.3994459147956853,-0.0007614265013515973,0.1499999999999999,,0.5376699354011164,4.804516132210728,-4.795251419894171,-0.0035259186691508787,0.026721337938055208,-0.015750228537230973,0.19754539886433664,STRUCTURAL_STRESS,0.06582278481012654,,,,,,,0.49992681201164185,0.49992681201164185,DECELERATING,-0.015750228537230973,-1.3308113390745702
MC-CNH-2020-09-30,CNH,0001567094,Industrials,13678340797,2020-09-30,2020-Q3,winner,0.7768,0.3,0.0032605072302558397,0.5283576675433289,,,,,,,,,,,,,0.14193057218954874,,,,,,,,,,,,,,,
MC-CNH-2022-03-31,CNH,0001567094,Industrials,13678340797,2022-03-31,2022-Q1,trap,-0.2257,0.28,-0.0018465441176470582,0.33284375744425865,,,,,,,,,,,,,0.13191576851087303,,,STRUCTURAL_STRESS,,,,,,,,,,,,
MC-KIM-PM-2020-09-30,KIM-PM,,Unknown,13657589143,2020-09-30,2020-Q3,trap,-0.1811,0.3,0.0032605072302558397,0.5283576675433289,,,,,,,,,,,,,,,,,,,,,,,,,,,,
MC-KIM-PM-2022-03-31,KIM-PM,,Unknown,13657589143,2022-03-31,2022-Q1,trap,-0.1604,0.28,-0.0018465441176470582,0.33284375744425865,,,,,,,,,,,,,,,,,,,,,,,,,,,,
MC-LXP-PC-2020-09-30,LXP-PC,,Unknown,13600533792,2020-09-30,2020-Q3,trap,-0.2289,0.3,0.0032605072302558397,0.5283576675433289,,,,,,,,,,,,,,,,,,,,,,,,,,,,
MC-LXP-PC-2022-03-31,LXP-PC,,Unknown,13600533792,2022-03-31,2022-Q1,trap,-0.139,0.28,-0.0018465441176470582,0.33284375744425865,,,,,,,,,,,,,,,,,,,,,,,,,,,,
MC-SNX-2020-09-30,SNX,0001177394,Information Technology,13513817611,2020-09-30,2020-Q3,mixed,0.426,0.3,0.0032605072302558397,0.5283576675433289,-0.5,0.9910421067302262,-0.06342707698018965,-0.11750728259522442,1.2242809848568619,0.031713538490094825,-0.30000000000000004,,0.3441888187493488,,,-0.00503856848362668,0.04517641334844084,0.04840184696874501,0.09599745125038935,STRUCTURAL_STRESS,0.0020202020202020055,,,,,,,,,PEAK,0.04840184696874501,-0.13199156521194455
MC-SNX-2022-03-31,SNX,0001177394,Information Technology,13513817611,2022-03-31,2022-Q1,underperform,0.0073,0.28,-0.0018465441176470582,0.33284375744425865,0.02197802197802198,0.45178339867391887,0.005206628127856255,0.15140178206863275,0.966848674554753,0.0001144313874254122,0.050000000000000044,,0.7297266099871643,-4.180254304027738,-4.209542056276706,-0.00868711197877835,0.03108466789741681,0.5850951685541775,0.18700905066831092,STRUCTURAL_STRESS,-0.01981981981981984,,,,,,,0.07888841330140074,-0.07888841330140074,ACCELERATING,0.5850951685541775,0.2017212321220666
MC-RGA-2020-09-30,RGA,0000898174,Financials,13486152569,2020-09-30,2020-Q3,winner,0.5253,0.3,0.0032605072302558397,0.5283576675433289,-0.1,0.9995780297862303,0.10416709313254044,0.051439602549296276,2.3700058437079172,-0.010416709313254044,0.3999999999999999,,1.2110108674200555,0.5234252584271836,-2.444659274961773,0.0009764206513473562,0.0454193089586081,0.007578929734678627,0.1281224915222555,STRUCTURAL_STRESS,-0.049557522123893805,,,,,,,0.17050082740699274,0.17050082740699274,PEAK,0.007578929734678627,-0.00266126628188372
MC-RGA-2022-03-31,RGA,0000898174,Financials,13486152569,2022-03-31,2022-Q1,winner,0.7988,0.28,-0.0018465441176470582,0.33284375744425865,0.3791208791208791,0.31599215924294083,-0.023764516568682666,-0.010285940531972907,0.9807987722823455,-0.00900962441340167,0.19999999999999996,,3.0368511386114125,1.0321081396336123,3.130578628675946,0.00027365313676666614,0.037441714785190705,0.12108036965634716,0.1281224915222555,STRUCTURAL_STRESS,-0.064,,,,,,,0.1639987636097278,-0.1639987636097278,ACCELERATING,0.12108036965634716,0.0443598503425474
MC-ASND-2020-09-30,ASND,,Unknown,13388101203,2020-09-30,2020-Q3,trap,-0.3932,0.3,0.0032605072302558397,0.5283576675433289,7.2,0.9819012237112398,-0.018514877788110302,0.036673599230166026,0.9020153478030114,-0.1333071200743942,-0.09999999999999998,,,,,,,,,,,,,,,,,,,,,
MC-ASND-2022-03-31,ASND,,Unknown,13388101203,2022-03-31,2022-Q1,mixed,0.3281,0.28,-0.0018465441176470582,0.33284375744425865,0.6263736263736264,0.5186413385053731,-0.1592031281281295,-0.026568973102844416,2.144732740733688,-0.09972064069564156,-0.30000000000000004,,,,,,,,,,,,,,,,,,,,,
MC-TOL-2020-09-30,TOL,0000794170,Consumer Discretionary,13327929083,2020-09-30,2020-Q3,winner,0.5199,0.3,0.0032605072302558397,0.5283576675433289,-1.5,2.4436964841598964e-07,-0.006021448363920483,-0.010171095324267694,1.949935762622047,0.009032172545880724,0.050000000000000044,,7.639851268517027,,,-0.014433381102110733,0.029722469506282972,-0.03528548840609937,0.12704672730993177,STRUCTURAL_STRESS,0.05688073394495413,,,,,,,,,DECELERATING,-0.03528548840609937,-0.16812525584488172
MC-TOL-2022-03-31,TOL,0000794170,Consumer Discretionary,13327929083,2022-03-31,2022-Q1,winner,1.2456,0.28,-0.0018465441176470582,0.33284375744425865,-0.16483516483516483,0.4382745947527506,-0.0012845965992964795,-0.0689045051273877,0.9033021919130613,0.00021174669219172737,0.19999999999999996,,2.6904548473929855,-14.127967079378685,0.48577215465448775,-0.009007688149588225,0.03707373350554511,0.21724463526176124,0.1054131773203104,STRUCTURAL_STRESS,0.031404958677685946,,,,,,,0.14230745455715943,-0.14230745455715943,ACCELERATING,0.21724463526176124,0.07193145465792604
MC-TRU-2020-09-30,TRU,0001552033,Industrials,13313623583,2020-09-30,2020-Q3,trap,-0.1467,0.3,0.0032605072302558397,0.5283576675433289,0,0.5883382653872211,0.05977584362261911,-0.02937088204787739,0.6500523809381122,0.0,0.1499999999999999,,2.51518819000376,2.913133283731624,2.293109545205663,-0.003544243898822186,0.060959952284607107,0.07810996498300873,0.09499197232866101,STRUCTURAL_STRESS,-0.15384615384615385,,,,,,,0.03880468211259653,0.03880468211259653,PEAK,0.07810996498300873,-0.06839472934846227
MC-TRU-2022-03-31,TRU,0001552033,Industrials,13313623583,2022-03-31,2022-Q1,trap,-0.1969,0.28,-0.0018465441176470582,0.33284375744425865,-0.6538461538461539,0.36968535496107235,-0.1714279787924086,-0.11923804592851361,3.389087683328094,0.11208752459503639,-0.15000000000000002,,0.0063672547511641805,-0.010178664676828481,0.28975490017161787,-0.004433158989963564,0.06091022877386113,0.1551279638718257,0.09811580435492305,STRUCTURAL_STRESS,-0.13506493506493508,,,,,,,0.07888992470788349,-0.07888992470788349,PEAK,0.1551279638718257,-0.06852508753640585
MC-PFGC-2020-09-30,PFGC,0001618673,Consumer Staples,13292460307,2020-09-30,2020-Q3,winner,0.7002,0.3,0.0032605072302558397,0.5283576675433289,0.4,0.2262470163180411,0.027941726012501597,-0.03336037101416364,0.5543086544176385,0.01117669040500064,0.050000000000000044,,-0.2711985436900638,,,,0.07536937762550201,0.05234746716690771,0.047190598730304935,STRUCTURAL_STRESS,-0.02456140350877195,,,,,,,,,ACCELERATING,0.05234746716690771,0.12274638100049573
MC-PFGC-2022-03-31,PFGC,0001618673,Consumer Staples,13292460307,2022-03-31,2022-Q1,winner,0.5445,0.28,-0.0018465441176470582,0.33284375744425865,-0.2857142857142857,0.5027968965412233,0.005914726419949014,-0.0018928003625741166,0.4821962970314817,-0.0016899218342711468,-0.15000000000000002,,0.6589839662284135,,,,0.0596301040919245,0.05234746716690771,0.047190598730304935,STRUCTURAL_STRESS,-0.03098591549295776,,,,,,,,,ACCELERATING,0.05234746716690771,0.12274638100049573
MC-NVMI-2020-09-30,NVMI,,Unknown,13280975049,2020-09-30,2020-Q3,winner,1.1565,0.3,0.0032605072302558397,0.5283576675433289,-38,0.0012469741439258704,-0.07866564524377422,0.01716132220651325,1.7113212138344427,2.9892945192634204,-0.050000000000000044,,,,,,,,,,,,,,,,,,,,,
MC-NVMI-2022-03-31,NVMI,,Unknown,13280975049,2022-03-31,2022-Q1,winner,0.693,0.28,-0.0018465441176470582,0.33284375744425865,-12.203296703296703,0.3286907914124446,0.0183772522238387,0.008464513490229305,0.23676234568909246,-0.22426306147882283,-0.15000000000000002,,,,,,,,,,,,,,,,,,,,,
MC-BJ-2020-09-30,BJ,0001531152,Consumer Staples,13280702931,2020-09-30,2020-Q3,winner,0.7177,0.3,0.0032605072302558397,0.5283576675433289,-0.7,0.4393264542079147,-0.06502202544144228,-0.10246178796003272,1.6656890683251941,0.0455154178090096,-0.15000000000000002,,,,,0.009947515152384184,0.07391556557726825,0.10756413376652488,0.154853632646791,STRUCTURAL_STRESS,0.21379310344827585,,,,,,,,,ACCELERATING,0.10756413376652488,0.04414192966841066
MC-BJ-2022-03-31,BJ,0001531152,Consumer Staples,13280702931,2022-03-31,2022-Q1,winner,0.6876,0.28,-0.0018465441176470582,0.33284375744425865,0.06593406593406594,0.6069080826821263,-0.014385718043502319,0.028496730872725,0.9313425149114651,-0.0009485088819891639,0.050000000000000044,,0.32859873488318303,,,-0.003243948874639669,0.03823930309700319,0.052149487994889374,0.154853632646791,STRUCTURAL_STRESS,0.12558139534883722,,,,,,,0.07408436313327976,0.07408436313327976,ACCELERATING,0.052149487994889374,0.07922732580311496
MC-KIM-PL-2020-09-30,KIM-PL,,Unknown,13236309711,2020-09-30,2020-Q3,trap,-0.1901,0.3,0.0032605072302558397,0.5283576675433289,,,,,,,,,,,,,,,,,,,,,,,,,,,,
MC-KIM-PL-2022-03-31,KIM-PL,,Unknown,13236309711,2022-03-31,2022-Q1,trap,-0.1789,0.28,-0.0018465441176470582,0.33284375744425865,,,,,,,,,,,,,,,,,,,,,,,,,,,,
MC-NBIX-2020-09-30,NBIX,0000914475,Health Care,13202740863,2020-09-30,2020-Q3,underperform,0.1699,0.3,0.0032605072302558397,0.5283576675433289,-0.2,1.093429518729681e-06,0.021190433602997712,0.0550050232048845,3.4367435080311526,-0.004238086720599543,0.050000000000000044,,3.746467022098723,-12.718904626198423,3.3509332697348464,-0.008209541825059091,0.11841888995398125,10.626495751118126,0.4155555555555555,STRUCTURAL_STRESS,-0.06666666666666668,,,,,,,0.5515916412202937,0.5515916412202937,ACCELERATING,10.626495751118126,6.71203476485988
MC-NBIX-2022-03-31,NBIX,0000914475,Health Care,13202740863,2022-03-31,2022-Q1,underperform,0.1797,0.28,-0.0018465441176470582,0.33284375744425865,0.2692307692307692,0.4099660818016325,-0.010907468107441138,0.030036162047464766,0.8337055635890099,-0.00293662602892646,0.050000000000000044,,3.6794089200310593,-12.785962728266087,3.283875167667183,-0.008209541825059091,0.09768891555796934,10.626495751118126,0.4155555555555555,STRUCTURAL_STRESS,-0.09473684210526317,,,,,,,0.5515916412202937,0.5515916412202937,ACCELERATING,10.626495751118126,6.71203476485988
MC-FHN-PC-2020-09-30,FHN-PC,,Unknown,13189556317,2020-09-30,2020-Q3,trap,-0.179,0.3,0.0032605072302558397,0.5283576675433289,,,,,,,,,,,,,,,,,,,,,,,,,,,,
MC-FHN-PC-2022-03-31,FHN-PC,,Unknown,13189556317,2022-03-31,2022-Q1,trap,-0.0683,0.28,-0.0018465441176470582,0.33284375744425865,,,,,,,,,,,,,,,,,,,,,,,,,,,,
MC-LSCC-2020-09-30,LSCC,0000855658,Information Technology,13082880774,2020-09-30,2020-Q3,winner,1.9672,0.3,0.0032605072302558397,0.5283576675433289,-0.1,0.9745584476419865,0.040239722445532616,-0.009675242026647931,4.605170185988091,-0.004023972244553262,0.19999999999999996,,0.19952724735684635,-2.2197695217566333,1.8172895706126755,0.003445707147002901,0.06169613155868472,0.32340234126605333,0.169342710823368,STRUCTURAL_STRESS,0.04675324675324674,,,,,,,0.27956765079183865,0.27956765079183865,ACCELERATING,0.32340234126605333,0.1298989920956353
MC-LSCC-2022-03-31,LSCC,0000855658,Information Technology,13082880774,2022-03-31,2022-Q1,trap,-0.1395,0.28,-0.0018465441176470582,0.33284375744425865,0.8296703296703297,0.42564617238518904,-0.04770480362674358,-0.024887405665005257,0.3928378612516084,-0.03957926015185868,0.1499999999999999,,-0.4088467604312313,-2.828143529544711,1.2089155628245978,0.003445707147002901,0.05856198494461267,0.32340234126605333,0.169342710823368,STRUCTURAL_STRESS,0.038636363636363635,,,,,,,0.27956765079183865,0.27956765079183865,ACCELERATING,0.32340234126605333,0.1298989920956353
MC-CACI-2020-09-30,CACI,0000016058,Industrials,12999862064,2020-09-30,2020-Q3,mixed,0.4727,0.3,0.0032605072302558397,0.5283576675433289,0.8,0.45770064226530816,0.004947821589756776,0.07466209214718231,1.7831414970963808,0.003958257271805421,0.050000000000000044,,4.024637555307066,5.941935160879444,6.659304653600662,-0.000683452310527956,0.041239018335012825,0.020708906062627843,0.14779313468928007,STRUCTURAL_STRESS,-0.07850467289719627,,,,,,,0.10899850674237672,0.10899850674237672,ACCELERATING,0.020708906062627843,0.006831381563546415
MC-CACI-2022-03-31,CACI,0000016058,Industrials,12999862064,2022-03-31,2022-Q1,mixed,0.218,0.28,-0.0018465441176470582,0.33284375744425865,-0.26373626373626374,0.5535898372894046,-0.029708058232745818,0.1048996366285314,0.28102307104473,0.007835092281163733,-0.15000000000000002,,3.6764238207480373,5.593721426320414,6.311090919041632,-0.000683452310527956,0.04321364056513309,0.020708906062627843,0.14779313468928007,STRUCTURAL_STRESS,-0.08000000000000002,,,,,,,0.10899850674237672,0.10899850674237672,ACCELERATING,0.020708906062627843,0.006831381563546415
MC-WCC-2020-09-30,WCC,0000929008,Industrials,12978741732,2020-09-30,2020-Q3,winner,2.2672,0.3,0.0032605072302558397,0.5283576675433289,2.3,0.9592122223961569,0.03370575465747454,-0.07913223437834482,0.8224937932161034,0.07752323571219143,0.3500000000000001,,0.7988548221550135,0.5190379765193729,0.9076530571690115,-0.0037117728683286754,0.04619751879607997,0.08050007461720628,0.10957867910261408,STRUCTURAL_STRESS,0.03893805309734513,,,,,,,0.09249296550822321,0.09249296550822321,PEAK,0.08050007461720628,-0.012885490477806842
MC-WCC-2022-03-31,WCC,0000929008,Industrials,12978741732,2022-03-31,2022-Q1,mixed,0.1933,0.28,-0.0018465441176470582,0.33284375744425865,0.7307692307692307,0.6356415975927643,-0.044657843777184514,0.10252216554897207,0.86122840867837,-0.0326345781448656,0.050000000000000044,,2.2379599203480427,2.9967507165972185,3.2921062381832806,-0.011757620533688513,0.041477497110079815,1.192097506795589,0.16735115087793884,STRUCTURAL_STRESS,0.015999999999999986,,,,,,,0.19163691250808293,-0.19163691250808293,ACCELERATING,1.192097506795589,0.5817399821161342
MC-PEN-2020-09-30,PEN,0001321732,Health Care,12957536080,2020-09-30,2020-Q3,mixed,0.2445,0.3,0.0032605072302558397,0.5283576675433289,0.2,0.999989851036396,-0.10588729168331987,-0.06919512461149527,1.458271090257496,-0.021177458336663974,-0.30000000000000004,,0.31064088362734565,-1.2875567666612273,-0.487079587214744,0.01357959916817771,0.08849246263920044,0.050284164901108305,0.05452851932815693,STRUCTURAL_STRESS,0.1389830508474576,,,,,,,0.4173391364784438,0.4173391364784438,PEAK,0.050284164901108305,-0.8455265695254426
MC-PEN-2022-03-31,PEN,0001321732,Health Care,12957536080,2022-03-31,2022-Q1,mixed,0.2038,0.28,-0.0018465441176470582,0.33284375744425865,-0.06043956043956044,0.5129906855415112,-0.016219919580612894,-0.012923328143640967,1.4606267602303094,0.0009803248098172628,0.19999999999999996,,0.4993077943157779,-0.7393518474842448,2.74938954282395,0.006009548311336018,0.05870660042335288,0.3445798601629806,0.05452851932815693,STRUCTURAL_STRESS,0.16619718309859155,,,,,,,0.2975296801194065,-0.2975296801194065,PEAK,0.3445798601629806,-0.5393988529780469
MC-FITBO-2020-09-30,FITBO,,Unknown,12926307748,2020-09-30,2020-Q3,trap,-0.2036,0.3,0.0032605072302558397,0.5283576675433289,15.3,0.9055024130636848,-0.7479634376414379,-0.2161958193018443,0.7098599854381104,-11.443840595914,-0.44999999999999996,,,,,,,,,,,,,,,,,,,,,
MC-FITBO-2022-03-31,FITBO,,Unknown,12926307748,2022-03-31,2022-Q1,trap,-0.0839,0.28,-0.0018465441176470582,0.33284375744425865,7.483516483516484,0.11562345627353947,-1.1590754467901785,0.10076502585809631,0.9419103688073812,-8.673960211693533,0.25,,,,,,,,,,,,,,,,,,,,,
MC-FNMAS-2020-09-30,FNMAS,,Unknown,12854772435,2020-09-30,2020-Q3,trap,-0.75,0.3,0.0032605072302558397,0.5283576675433289,-50.9,0.02847248433630937,0.014185095952851574,0.04639717949203823,0.8142957177866206,-0.722021384000145,-0.09999999999999998,,,,,,,,,,,,,,,,,,,,,
MC-FNMAS-2022-03-31,FNMAS,,Unknown,12854772435,2022-03-31,2022-Q1,winner,2.6957,0.28,-0.0018465441176470582,0.33284375744425865,-14.027472527472527,0.4633986098836749,0.010448318238610785,0.012363331039425133,0.5883884903591594,-0.14656349705040295,0.050000000000000044,,,,,,,,,,,,,,,,,,,,,
MC-HUBS-2020-09-30,HUBS,0001404655,Information Technology,12781154962,2020-09-30,2020-Q3,winner,0.6853,0.3,0.0032605072302558397,0.5283576675433289,1.5,0.6860120365770294,-0.0011092984464530775,-0.06191083693945715,4.605170185988091,-0.0016639476696796163,0.050000000000000044,,0.6045084387609202,-0.45916852832438393,-0.35840794841773127,-0.004668653513701745,0.026294459623513598,-0.25462931678556666,0.114579417945836,STRUCTURAL_STRESS,,,,,,,,0.31345045934514487,0.31345045934514487,DECELERATING,-0.25462931678556666,-0.46993062918911765
MC-HUBS-2022-03-31,HUBS,0001404655,Information Technology,12781154962,2022-03-31,2022-Q1,mixed,0.2029,0.28,-0.0018465441176470582,0.33284375744425865,0.3791208791208791,0.5017433317115308,0.034568191892857134,0.0070440451751972305,1.9675941552042795,0.013105523300039243,0.050000000000000044,,-0.8533886677883783,-1.9170656348736825,-1.8163050549670299,-0.004668653513701745,0.03803004144312652,-0.25462931678556666,0.114579417945836,STRUCTURAL_STRESS,,,,,,,,0.31345045934514487,0.31345045934514487,DECELERATING,-0.25462931678556666,-0.46993062918911765
MC-RITM-PD-2022-03-31,RITM-PD,,Unknown,12730139427,2022-03-31,2022-Q1,trap,-0.0017,0.28,-0.0018465441176470582,0.33284375744425865,,,,,,,,,,,,,,,,,,,,,,,,,,,,
MC-RITM-PB-2020-09-30,RITM-PB,,Unknown,12719725987,2020-09-30,2020-Q3,underperform,0.0752,0.3,0.0032605072302558397,0.5283576675433289,,,,,,,,,,,,,,,,,,,,,,,,,,,,
MC-RITM-PB-2022-03-31,RITM-PB,,Unknown,12719725987,2022-03-31,2022-Q1,underperform,0.0248,0.28,-0.0018465441176470582,0.33284375744425865,,,,,,,,,,,,,,,,,,,,,,,,,,,,
MC-MET-PF-2020-09-30,MET-PF,,Unknown,12698090026,2020-09-30,2020-Q3,trap,-0.2202,0.3,0.0032605072302558397,0.5283576675433289,,,,,,,,,,,,,,,,,,,,,,,,,,,,
MC-MET-PF-2022-03-31,MET-PF,,Unknown,12698090026,2022-03-31,2022-Q1,trap,-0.1695,0.28,-0.0018465441176470582,0.33284375744425865,,,,,,,,,,,,,,,,,,,,,,,,,,,,
MC-RPM-2020-09-30,RPM,0000110621,Materials,12647262057,2020-09-30,2020-Q3,underperform,0.1445,0.3,0.0032605072302558397,0.5283576675433289,-0.7,0.9967805286537259,0.09269133349220812,-0.02449672730927451,4.605170185988091,-0.06488393344454568,0.30000000000000004,,0.425446950540137,,,,0.12214485133289373,0.08273558154430027,0.3335120665518793,STRUCTURAL_STRESS,-0.041121495327102825,,,,,,,,,ACCELERATING,0.08273558154430027,0.0331838577255846
MC-RPM-2022-03-31,RPM,0000110621,Materials,12647262057,2022-03-31,2022-Q1,mixed,0.4204,0.28,-0.0018465441176470582,0.33284375744425865,-0.21428571428571427,0.43419251000895315,-0.020818205352377196,-0.019625610249522536,1.1612412049240433,0.004461044004080828,0.050000000000000044,,1.091677175731384,,,,0.11831449805363754,0.08273558154430027,0.3335120665518793,STRUCTURAL_STRESS,-0.032,,,,,,,,,ACCELERATING,0.08273558154430027,0.0331838577255846
MC-GWRE-2020-09-30,GWRE,0001528396,Information Technology,12639804049,2020-09-30,2020-Q3,trap,-0.1369,0.3,0.0032605072302558397,0.5283576675433289,-0.9,3.409893546305284e-05,0.05871192034516538,0.01646208870626221,0.9251088757988893,-0.05284072831064884,0.25,,12.741740793134836,14.094889285651401,13.79153895344217,-0.0022854373888106143,0.12226216858127638,0.31830084879132753,0.10317278870638978,NATURAL_PROCESS,0.02580645161290321,,,,,,,0.22797233604524425,0.22797233604524425,ACCELERATING,0.31830084879132753,0.051784822725555096
MC-GWRE-2022-03-31,GWRE,0001528396,Information Technology,12639804049,2022-03-31,2022-Q1,winner,0.9801,0.28,-0.0018465441176470582,0.33284375744425865,-0.17582417582417584,0.5759886156463085,0.004449352563267469,-0.009714821846742529,0.8615602504733032,-0.0007823037473876869,0.050000000000000044,,-2.8573494969199733,-1.5042010044034075,-1.807551336612638,-0.0022854373888106143,0.12343942038748579,0.31830084879132753,0.10317278870638978,STRUCTURAL_STRESS,0.029357798165137616,,,,,,,0.22797233604524425,0.22797233604524425,ACCELERATING,0.31830084879132753,0.051784822725555096
MC-FNF-2020-09-30,FNF,0001331875,Financials,12635776879,2020-09-30,2020-Q3,mixed,0.372,0.3,0.0032605072302558397,0.5283576675433289,-3.7,0.0002472172211705012,-0.020269623471385348,-0.053830956265361815,0.7424823064635508,0.07499760684412579,0.19999999999999996,,1.2269945657480348,1.0843278774206764,-10.702057760293364,0.001047769480544222,0.031914970439323974,0.06045434660573756,0.14156162206996106,STRUCTURAL_STRESS,-0.02812500000000001,,,,,,,0.24401600120938743,0.24401600120938743,PEAK,0.06045434660573756,-0.07714462735969807
MC-FNF-2022-03-31,FNF,0001331875,Financials,12635776879,2022-03-31,2022-Q1,mixed,0.3857,0.28,-0.0018465441176470582,0.33284375744425865,-0.07142857142857142,0.65526656584633,-0.08770423321827511,0.03564681558550742,0.5524004433851932,0.006264588087019651,-0.050000000000000044,,2.5914561800597675,-0.9800828846631582,1.4651725894301804,3.742493282121079e-05,0.03225168438207737,0.4361780964905579,0.12690406607401505,STRUCTURAL_STRESS,-0.015789473684210548,,,,,,,0.23927967767840697,-0.23927967767840697,ACCELERATING,0.4361780964905579,0.038461933720003894
MC-TIGO-2020-09-30,TIGO,0000912958,Communication,12623263709,2020-09-30,2020-Q3,trap,-0.4898,0.3,0.0032605072302558397,0.5283576675433289,,0.0022784311029241107,-0.056887478904088226,-0.08881749887223231,0.9379446933051199,,-0.15000000000000002,,,,,,,,,,,,,,,,,,,,,
MC-TIGO-2022-03-31,TIGO,0000912958,Communication,12623263709,2022-03-31,2022-Q1,mixed,0.2007,0.28,-0.0018465441176470582,0.33284375744425865,,0.3466576652152519,-0.10663460022059902,0.09622360126616009,0.6180002343856432,,-0.050000000000000044,,,,,,,,,,,,,,,,,,,,,
MC-OHI-2020-09-30,OHI,0000888491,Real Estate,12555838135,2020-09-30,2020-Q3,underperform,0.1075,0.3,0.0032605072302558397,0.5283576675433289,-3.1,2.2723727659381645e-05,0.018923788961820447,0.00446713824846591,0.5869696484110779,-0.058663745781643385,0.050000000000000044,,0.6323835709698493,1.7791638411552584,-0.2890362039827712,0.01200462547319396,0.04649236157534295,0.06018625364235121,0.052950154781017035,STRUCTURAL_STRESS,-0.040707964601769925,,,,,,,0.4278807889547576,-0.4278807889547576,PEAK,0.06018625364235121,-0.42226860150672574
MC-OHI-2022-03-31,OHI,0000888491,Real Estate,12555838135,2022-03-31,2022-Q1,mixed,0.2221,0.28,-0.0018465441176470582,0.33284375744425865,-0.2857142857142857,0.5947889586049162,-0.07190478493166158,-0.023463549926119397,0.7502955954230205,0.020544224266189022,-0.30000000000000004,,-3.3805937385137432,-3.0706147880070276,-3.8652150034622195,-0.002398836338800296,0.04072256559609659,0.10938246544325879,0.052950154781017035,STRUCTURAL_STRESS,-0.05600000000000002,,,,,,,0.3049555400566136,-0.3049555400566136,PEAK,0.10938246544325879,-0.25131129010787967
MC-FIVE-2020-09-30,FIVE,0001177609,Consumer Discretionary,12475633392,2020-09-30,2020-Q3,mixed,0.2669,0.3,0.0032605072302558397,0.5283576675433289,-2.6,0.000740280211771892,0.01888199814438965,0.03421499071869184,1.456968941379558,-0.04909319517541309,0.050000000000000044,,-0.029731653417986167,,,,0.10148005540764403,-0.06290186854672333,0.12258724793240418,STRUCTURAL_STRESS,0.03595505617977526,,,,,,,,,DECELERATING,-0.06290186854672333,-0.2847396636556603
MC-FIVE-2022-03-31,FIVE,0001177609,Consumer Discretionary,12475633392,2022-03-31,2022-Q1,trap,-0.5269,0.28,-0.0018465441176470582,0.33284375744425865,0.7802197802197802,0.5986066108275522,-0.042707172139987926,0.07395465661710543,0.3646859538526438,-0.033320980460869704,0.1499999999999999,,3.6029979027859484,3.2419185823579455,3.734860665044214,-0.00793317976912879,0.08897207944163162,1.0225377945769967,0.09752125269329637,STRUCTURAL_STRESS,0.02330097087378641,,,,,,,0.3902763877724122,0.3902763877724122,ACCELERATING,1.0225377945769967,0.45595594609106344
MC-FHN-PE-2020-09-30,FHN-PE,,Unknown,12418172302,2020-09-30,2020-Q3,trap,-0.2336,0.3,0.0032605072302558397,0.5283576675433289,,,,,,,,,,,,,,,,,,,,,,,,,,,,
MC-FHN-PE-2022-03-31,FHN-PE,,Unknown,12418172302,2022-03-31,2022-Q1,trap,-0.0694,0.28,-0.0018465441176470582,0.33284375744425865,,,,,,,,,,,,,,,,,,,,,,,,,,,,
MC-CNA-2020-09-30,CNA,,Unknown,12413590328,2020-09-30,2020-Q3,mixed,0.3121,0.3,0.0032605072302558397,0.5283576675433289,27.5,0.014692865499191533,-0.006505612538835789,-0.07265895234356257,0.9479161364394665,-0.1789043448179842,0.050000000000000044,,,,,,,,,,,,,,,,,,,,,
MC-CNA-2022-03-31,CNA,,Unknown,12413590328,2022-03-31,2022-Q1,underperform,0.0446,0.28,-0.0018465441176470582,0.33284375744425865,9.214285714285714,0.5177429630728552,-0.06033780411998306,-0.09407991337722059,0.845795066449498,-0.5559697665341296,0,,,,,,,,,,,,,,,,,,,,,
MC-GLPI-2020-09-30,GLPI,0001575965,Real Estate,12345475666,2020-09-30,2020-Q3,mixed,0.2334,0.3,0.0032605072302558397,0.5283576675433289,-1.2,0.011250042328402746,0.07117911985936698,0.08767741394993599,0.3217782455542929,-0.08541494383124038,0.19999999999999996,,3.932048690980835,3.528954293411664,7.538578412864403,0.0059048035398902125,0.09621732826711571,0.0024002117361041917,0.14901336320524566,STRUCTURAL_STRESS,0.08000000000000002,,,,,,,0.3633019997443438,0.3633019997443438,PEAK,0.0024002117361041917,-0.5841226756609338
MC-GLPI-2022-03-31,GLPI,0001575965,Real Estate,12345475666,2022-03-31,2022-Q1,underperform,0.0846,0.28,-0.0018465441176470582,0.33284375744425865,0.06043956043956044,0.36225877525486416,-0.09850343898096671,-0.04447005470846496,0.6806031578606929,-0.005953504553794692,-0.15000000000000002,,0.12444227864677612,4.399495210738623,-2.1410032571627826,0.004203986314168262,0.09270259800524244,0.07773085192180951,0.14901336320524566,STRUCTURAL_STRESS,0.041379310344827586,,,,,,,0.31321472731422245,0.31321472731422245,PEAK,0.07773085192180951,-0.6233464869228373
MC-HCM-2020-09-30,HCM,,Unknown,12341871372,2020-09-30,2020-Q3,trap,-0.4755,0.3,0.0032605072302558397,0.5283576675433289,8.8,0.0023959290501209974,-0.020100764137801888,0.055145534634438324,4.605170185988091,-0.17688672441265663,0.050000000000000044,,,,,,,,,,,,,,,,,,,,,
MC-HCM-2022-03-31,HCM,,Unknown,12341871372,2022-03-31,2022-Q1,trap,-0.2051,0.28,-0.0018465441176470582,0.33284375744425865,1.032967032967033,0.6217924631265795,-0.13024829185524292,0.02192239434571669,0.4839752948519639,-0.13454219158673447,-0.25,,,,,,,,,,,,,,,,,,,,,
MC-RITM-PC-2020-09-30,RITM-PC,,Unknown,12204272624,2020-09-30,2020-Q3,underperform,0.0477,0.3,0.0032605072302558397,0.5283576675433289,,,,,,,,,,,,,,,,,,,,,,,,,,,,
MC-RITM-PC-2022-03-31,RITM-PC,,Unknown,12204272624,2022-03-31,2022-Q1,underperform,0.1651,0.28,-0.0018465441176470582,0.33284375744425865,,,,,,,,,,,,,,,,,,,,,,,,,,,,
MC-NLY-2020-09-30,NLY,,Unknown,12180217149,2020-09-30,2020-Q3,trap,-0.3395,0.3,0.0032605072302558397,0.5283576675433289,-2.6,0.5687563197204499,0.04118920259564439,0.06283932771650205,0.6949037896687646,-0.10709192674867542,0.19999999999999996,,,,,,,,,,,,,,,,,,,,,
MC-NLY-2022-03-31,NLY,,Unknown,12180217149,2022-03-31,2022-Q1,trap,-0.2788,0.28,-0.0018465441176470582,0.33284375744425865,-5.263736263736264,0.4024299541040469,-0.1815979086033862,-0.13880752724534462,0.1845975787007532,0.9558834969343076,-0.35,,,,,,,,,,,,,,,,,,,,,
MC-SUZ-2020-09-30,SUZ,,Unknown,12160811312,2020-09-30,2020-Q3,mixed,0.3158,0.3,0.0032605072302558397,0.5283576675433289,14.3,0.9927573720499059,-0.08254192256950979,-0.04427035473422634,1.2053293207944602,-1.1803494927439901,-0.15000000000000002,,,,,,,,,,,,,,,,,,,,,
MC-SUZ-2022-03-31,SUZ,,Unknown,12160811312,2022-03-31,2022-Q1,trap,-0.2005,0.28,-0.0018465441176470582,0.33284375744425865,1.0494505494505495,0.49098629386415066,-0.00197615124232714,-0.06879961815897118,0.7816116539691909,-0.002073873007057603,-0.09999999999999998,,,,,,,,,,,,,,,,,,,,,
MC-ARCC-2020-09-30,ARCC,,Unknown,12032950485,2020-09-30,2020-Q3,mixed,0.3957,0.3,0.0032605072302558397,0.5283576675433289,-40.8,0.0787040208093908,-0.007748106024250278,-0.0015168029265250974,0.4749280094427082,0.3161227257894113,-0.15000000000000002,,,,,,,,,,,,,,,,,,,,,
MC-ARCC-2022-03-31,ARCC,,Unknown,12032950485,2022-03-31,2022-Q1,underperform,0.0578,0.28,-0.0018465441176470582,0.33284375744425865,3.791208791208791,0.5067330288781583,-0.271040160827859,-0.1066456160436014,0.4352590461796151,-1.0275698405012235,-0.19999999999999996,,,,,,,,,,,,,,,,,,,,,
MC-ALLY-2020-09-30,ALLY,0000040729,Financials,12020406273,2020-09-30,2020-Q3,underperform,0.0642,0.3,0.0032605072302558397,0.5283576675433289,-1.6,0.9572566777497703,-0.014523718076888348,0.02245415443156539,0.51645874185674,0.02323794892302136,-0.09999999999999998,,-2.2248800972925804,-0.4889029800776614,-2.1134389908001348,0.0002120633025184457,0.07589196504497153,-0.016344003948086428,0.17628830771248946,STRUCTURAL_STRESS,0.16893203883495145,,,,,,,0.22073260870577346,-0.22073260870577346,TROUGH,-0.016344003948086428,0.17715882373330094
MC-ALLY-2022-03-31,ALLY,0000040729,Financials,12020406273,2022-03-31,2022-Q1,trap,-0.1612,0.28,-0.0018465441176470582,0.33284375744425865,-0.2802197802197802,0.3739261843543688,0.011861329855601191,-0.0015790974641412825,0.41363486823049106,-0.003323779245250883,-0.15000000000000002,,2.3278257396314856,8.076356700759302,15.382860315315037,-0.0008507882969223325,0.06678618946310154,0.23440869049110377,0.17336129470755834,STRUCTURAL_STRESS,0.13043478260869562,,,,,,,0.20572854776549565,-0.20572854776549565,ACCELERATING,0.23440869049110377,0.17061128297275371
MC-TPL-2020-09-30,TPL,,Unknown,12004500973,2020-09-30,2020-Q3,winner,3.0387,0.3,0.0032605072302558397,0.5283576675433289,-89.9,8.317959829316863e-08,-0.037183909026273464,-0.039599732209467664,0.3279161831772782,3.3428334214619846,-0.15000000000000002,,,,,,,,,,,,,,,,,,,,,
MC-TPL-2022-03-31,TPL,,Unknown,12004500973,2022-03-31,2022-Q1,winner,1.9399,0.28,-0.0018465441176470582,0.33284375744425865,-9.428571428571429,0.6293404130397617,-0.05561165154264314,-0.02769541411495699,0.605910376305816,0.5243384288306353,-0.44999999999999996,,,,,,,,,,,,,,,,,,,,,
MC-DINO-2020-09-30,DINO,0001915657,Energy,11911112454,2020-09-30,2020-Q3,winner,1.8884,0.3,0.0032605072302558397,0.5283576675433289,,,,,,,,,,,,,,,,,,,,,,,,,,,,
MC-DINO-2022-03-31,DINO,0001915657,Energy,11911112454,2022-03-31,2022-Q1,trap,-0.1749,0.28,-0.0018465441176470582,0.33284375744425865,,,,,,,,,,,,,0.07800610910915,,,STRUCTURAL_STRESS,0.175,,,,,,,,,,,
MC-EXEL-2020-09-30,EXEL,0000939767,Health Care,11855778393,2020-09-30,2020-Q3,trap,-0.1063,0.3,0.0032605072302558397,0.5283576675433289,1.2,0.1272406060925529,0.06877495301944771,0.023739855112688026,1.372345628616093,0.08252994362333725,0.3999999999999999,,-0.07717590375014069,,,-0.011459669772303959,0.04187466896620035,0.8144563303467736,0.30038202303685624,STRUCTURAL_STRESS,0.08571428571428569,,,,,,,0.5223154697820452,0.5223154697820452,ACCELERATING,0.8144563303467736,1.8601702596087168
MC-EXEL-2022-03-31,EXEL,0000939767,Health Care,11855778393,2022-03-31,2022-Q1,winner,0.6286,0.28,-0.0018465441176470582,0.33284375744425865,-0.04945054945054945,0.48115967982789976,0.11460572140449293,0.056158703801602226,1.270924560184539,-0.005667315893628771,0.25,,3.2808573654044433,3.3027978351147165,,-0.010952015212545997,0.05744559192952953,0.9562052863680766,0.2909834857371609,STRUCTURAL_STRESS,0.14920634920634918,,,,,,,0.5189682687649839,0.5189682687649839,ACCELERATING,0.9562052863680766,1.8043695129086825
MC-AEIS-2020-09-30,AEIS,,Unknown,11811031854,2020-09-30,2020-Q3,winner,0.6384,0.3,0.0032605072302558397,0.5283576675433289,27.2,0.9998286683686515,-0.06849816338836302,-0.0030481895259583947,4.605170185988091,-1.863150044163474,-0.30000000000000004,,,,,,,,,,,,,,,,,,,,,
MC-AEIS-2022-03-31,AEIS,,Unknown,11811031854,2022-03-31,2022-Q1,underperform,0.1072,0.28,-0.0018465441176470582,0.33284375744425865,-1.021978021978022,0.6119544617221795,-0.10291175374534571,0.05040585839911264,1.0390408920455962,0.1051735505309577,-0.050000000000000044,,,,,,,,,,,,,,,,,,,,,
MC-SCI-2020-09-30,SCI,0000089089,Consumer Discretionary,11802330421,2020-09-30,2020-Q3,mixed,0.3547,0.3,0.0032605072302558397,0.5283576675433289,1.7,0.14934219915764352,-0.12376840860096719,-0.19680107359929155,1.4456488188104744,-0.21040629462164423,0,,1.9497775447618049,2.124700350067293,1.9035567063722194,0.0003322503225393928,0.06417133592087122,0.0235013933239211,0.13583948331573698,STRUCTURAL_STRESS,-0.040707964601769925,,,,,,,0.15442964647444804,0.15442964647444804,PEAK,0.0235013933239211,-0.010845051974230423
MC-SCI-2022-03-31,SCI,0000089089,Consumer Discretionary,11802330421,2022-03-31,2022-Q1,mixed,0.2185,0.28,-0.0018465441176470582,0.33284375744425865,0.06593406593406594,0.428142665077146,-0.005140672978224575,0.034331943221583686,0.8677563768617511,-0.00033894547109173024,0.050000000000000044,,1.3176507181603097,5.164528452911496,5.742933606814729,0.00022552783607626779,0.06861934277186048,0.1760731904255542,0.13583948331573698,STRUCTURAL_STRESS,-0.04000000000000001,,,,,,,0.14312519525812104,-0.14312519525812104,ACCELERATING,0.1760731904255542,0.04021080530163622
MC-IONS-2020-09-30,IONS,0000874015,Health Care,11801544334,2020-09-30,2020-Q3,trap,-0.044,0.3,0.0032605072302558397,0.5283576675433289,0.9,0.7007111675638086,-0.0010251625315561104,-0.019148270506916452,4.0840460442379936,-0.0009226462784004993,-0.09999999999999998,,2.596447639187534,4.5163526914602565,3.2779766698696053,0.007350577919187237,0.09078818336222141,0.7934235950386608,0.13900581509880194,STRUCTURAL_STRESS,0.053521126760563364,,,,,,,0.38521631313871524,0.38521631313871524,ACCELERATING,0.7934235950386608,0.4102761451557979
MC-IONS-2022-03-31,IONS,0000874015,Health Care,11801544334,2022-03-31,2022-Q1,trap,-0.1855,0.28,-0.0018465441176470582,0.33284375744425865,0.1043956043956044,0.360653201575677,0.06560070619817267,0.08384335937393259,0.619335283565096,0.0068484253723367075,0.25,,-0.6467602863370636,-0.31350316144387314,0.0409965988994484,0.006710980390838499,0.070044234159115,0.8467918332468274,0.1509814312316654,STRUCTURAL_STRESS,0.040963855421686735,,,,,,,0.3868117239341939,0.3868117239341939,ACCELERATING,0.8467918332468274,0.35350309100055227
MC-DOC-2020-09-30,DOC,0000765880,Real Estate,11745690896,2020-09-30,2020-Q3,trap,-0.3238,0.3,0.0032605072302558397,0.5283576675433289,-2.2,0.3036772072681352,0.04389949567780189,-0.012692528218604351,0.3298896623695558,-0.09657889049116417,-0.15000000000000002,,-0.6001165557076122,-4.474782959932055,-2.047078994559446,0.001973514532871892,0.11895330069407489,0.22419192676579094,0.104219325195188,NATURAL_PROCESS,-0.023008849557522137,,,,,,,0.19592418467991307,0.19592418467991307,PEAK,0.22419192676579094,-0.08347079568092308
MC-DOC-2022-03-31,DOC,0000765880,Real Estate,11745690896,2022-03-31,2022-Q1,trap,-0.411,0.28,-0.0018465441176470582,0.33284375744425865,-0.23076923076923078,0.39695488339253776,-0.10165965266208321,-0.03371098949422532,0.46776622297001635,0.023459919845096128,-0.19999999999999996,,3.5267690821894666,-6.412322585845165,5.038140842852039,0.0021265327448809486,0.1160851599292064,-0.04028331886054712,0.10625014823228274,STRUCTURAL_STRESS,-0.02400000000000002,,,,,,,0.19359032630616618,-0.19359032630616618,DECELERATING,-0.04028331886054712,-0.12274589612056494
MC-ENSG-2020-09-30,ENSG,,Unknown,11605411310,2020-09-30,2020-Q3,winner,0.6286,0.3,0.0032605072302558397,0.5283576675433289,16.8,0.10144759142055304,0.018663695337503543,0.005345797331094679,4.605170185988091,0.31355008167005954,0.19999999999999996,,,,,,,,,,,,,,,,,,,,,
MC-ENSG-2022-03-31,ENSG,,Unknown,11605411310,2022-03-31,2022-Q1,mixed,0.4376,0.28,-0.0018465441176470582,0.33284375744425865,-10.263736263736265,0.6334776380706869,-0.037009088968749826,0.00916654471582666,0.32062784673158096,0.37985152853639936,-0.30000000000000004,,,,,,,,,,,,,,,,,,,,,
MC-GDDY-2020-09-30,GDDY,0001609711,Information Technology,11553018672,2020-09-30,2020-Q3,trap,-0.0196,0.3,0.0032605072302558397,0.5283576675433289,-2.5,0.9987616040790744,0.0020219153342865125,0.02617943113527553,2.5860154869739795,-0.005054788335716281,0.050000000000000044,,0.23613573824749615,-1.6234057226849188,-1.870361385345405,-0.0033192959097559003,0.06548734726560958,0.11244128075964313,0.09023503722481784,STRUCTURAL_STRESS,,,,,,,,0.10333587215783357,0.10333587215783357,PEAK,0.11244128075964313,-0.09095974453431306
MC-GDDY-2022-03-31,GDDY,0001609711,Information Technology,11553018672,2022-03-31,2022-Q1,winner,1.1522,0.28,-0.0018465441176470582,0.33284375744425865,-0.1043956043956044,0.580431982827702,-0.18590293374318226,0.016983309790861115,1.053483230702086,0.01940744912703551,0.10000000000000009,,0.2581008341351971,-1.6105160176787319,-0.4709131387834829,-0.004332592246222121,0.05636189832331961,0.1385875379168969,0.09023503722481784,STRUCTURAL_STRESS,,,,,,,,0.07496968368843623,-0.07496968368843623,PEAK,0.1385875379168969,-0.05454657328261206
MC-ACM-2020-09-30,ACM,0000868857,Industrials,11537364663,2020-09-30,2020-Q3,winner,0.9847,0.3,0.0032605072302558397,0.5283576675433289,-2,0.5278882152034016,-0.08330315890122608,-0.14794458713472525,1.3359506586172136,0.16660631780245216,0,,0.22565292628036865,,,-0.019959769616962334,0.022479541545399495,-0.3539927349185178,0.20692550815384017,STRUCTURAL_STRESS,0.03999999999999998,,,,,,,,,DECELERATING,-0.3539927349185178,-0.32946116288562666
MC-ACM-2022-03-31,ACM,0000868857,Industrials,11537364663,2022-03-31,2022-Q1,mixed,0.2073,0.28,-0.0018465441176470582,0.33284375744425865,-0.17582417582417584,0.41447290565008305,-0.08686575462747725,0.04582674174638096,1.0609292588895702,0.015273099714721277,0.25,,1.6756300067356933,-1.312293723606408,3.2684851674097652,0.0039710196065278125,0.01590670810955727,0.0028333029918583327,0.204612751368699,STRUCTURAL_STRESS,0.006896551724137917,,,,,,,0.09646056303379416,-0.09646056303379416,PEAK,0.0028333029918583327,-0.005975328179748773
MC-MOD-2020-09-30,MOD,,Unknown,11345994812,2020-09-30,2020-Q3,winner,6.32,0.3,0.0032605072302558397,0.5283576675433289,-33,0.9890172368571384,-0.03150692546405097,-0.06586424673604964,1.3192734666767618,1.039728540313682,-0.09999999999999998,,,,,,,,,,,,,,,,,,,,,
MC-MOD-2022-03-31,MOD,,Unknown,11345994812,2022-03-31,2022-Q1,winner,7.5183,0.28,-0.0018465441176470582,0.33284375744425865,-8.313186813186814,0.45958010425868323,-0.10138469049198257,-0.027608591702258746,0.9961332105406069,0.842829872056976,-0.30000000000000004,,,,,,,,,,,,,,,,,,,,,
MC-AM-2020-09-30,AM,0001623925,Energy,11271170935,2020-09-30,2020-Q3,winner,1.2309,0.3,0.0032605072302558397,0.5283576675433289,0.3,0.5643261412826458,0.07863225802933203,-0.008691291482616216,2.6626260215449586,0.02358967740879961,0.30000000000000004,,0.1564821298548367,,,0.008288933499927889,0.089726317336816,2.201395508464046,0.4628891779355222,STRUCTURAL_STRESS,-0.12307692307692308,,,,,,,0.5045942194709565,0.5045942194709565,PEAK,2.201395508464046,-2.841388323974935
MC-AM-2022-03-31,AM,0001623925,Energy,11271170935,2022-03-31,2022-Q1,winner,0.6559,0.28,-0.0018465441176470582,0.33284375744425865,0.08241758241758242,0.416494128018453,-0.024600071731279302,0.014878021441361116,0.41056472584355763,-0.002027478439391151,0.1499999999999999,,3.5893051211746796,,,0.0030375477320695884,0.09806610305215356,-0.01593850101467554,0.3645203915175217,STRUCTURAL_STRESS,-0.16,,,,,,,0.5275606667064752,0.5275606667064752,DECELERATING,-0.01593850101467554,-3.1543563762244196
MC-PSLV-2020-09-30,PSLV,,Unknown,11221062640,2020-09-30,2020-Q3,trap,-0.0834,0.3,0.0032605072302558397,0.5283576675433289,8.1,0.003214652042554853,-1.0161537367930893,0.0670563335670983,,-8.230845268024023,0.266,,,,,,,,,,,,,,,,,,,,,
MC-PSLV-2022-03-31,PSLV,,Unknown,11221062640,2022-03-31,2022-Q1,mixed,0.3227,0.28,-0.0018465441176470582,0.33284375744425865,5.1208791208791204,0.5272776769681699,-0.6044129398067225,-0.45872357391009866,,-3.095125603845414,-0.46599999999999997,,,,,,,,,,,,,,,,,,,,,
MC-DT-2020-09-30,DT,0001773383,Information Technology,11186710413,2020-09-30,2020-Q3,underperform,0.1392,0.3,0.0032605072302558397,0.5283576675433289,-2.1,0.9800683528969736,-0.1284294894754159,0.01960184254556102,1.278904069996851,0.26970192789837344,-0.19999999999999996,,,,,,0.15314189180765128,0.2693362467880714,0.14446028514827514,STRUCTURAL_STRESS,-0.046153846153846156,,,,,,,,,ACCELERATING,0.2693362467880714,0.07288358956570604
MC-DT-2022-03-31,DT,0001773383,Information Technology,11186710413,2022-03-31,2022-Q1,underperform,0.0011,0.28,-0.0018465441176470582,0.33284375744425865,0.554945054945055,0.462485427859827,-0.05243275054180373,0.05192831082647414,0.8538177648126135,-0.029097295630341632,0.25,,4.012564821863148,,,-0.009256534123793021,0.0943969921125759,0.33762296967469296,0.1280514211727923,STRUCTURAL_STRESS,0.0222222222222222,,,,,,,0.06893595146154993,0.06893595146154993,ACCELERATING,0.33762296967469296,0.08548905184907868
MC-AMKR-2020-09-30,AMKR,0001047127,Information Technology,11137468426,2020-09-30,2020-Q3,winner,1.0179,0.3,0.0032605072302558397,0.5283576675433289,1.9,0.03952455837375505,0.08314715733077142,0.03239131785558381,4.605170185988091,0.1579795989284657,0.3999999999999999,,1.9105944454543815,1.9459618294121326,1.7815474721283182,-0.01631173075878972,0.039137705317881376,0.20148960202236768,0.10260532893537254,STRUCTURAL_STRESS,0.0035398230088495575,,,,,,,0.24742897513070608,-0.24742897513070608,PEAK,0.20148960202236768,-0.11526968216874635
MC-AMKR-2022-03-31,AMKR,0001047127,Information Technology,11137468426,2022-03-31,2022-Q1,trap,-0.1685,0.28,-0.0018465441176470582,0.33284375744425865,-0.6978021978021978,0.7407988786259798,-0.05694905208146073,-0.06163093154506127,0.5462737618541939,0.03973917370519512,-0.30000000000000004,,0.42041883243916056,-1.7225018126531144,3.0009136191494106,-0.016218515880416895,0.04621203598373505,0.4690552001081446,0.1001273047412625,STRUCTURAL_STRESS,0,,,,,,,0.21399264537231127,0.21399264537231127,ACCELERATING,0.4690552001081446,0.12939212951729623
MC-PHAR-2022-03-31,PHAR,,Unknown,11095835105,2022-03-31,2022-Q1,trap,-0.069,0.28,-0.0018465441176470582,0.33284375744425865,8.023809523809524,2.434563716368178e-06,0.18089385647259482,-0.0023919892213648403,1.800906381607951,1.4514578483634393,0.30000000000000004,,,,,,,,,,,,,,,,,,,,,
MC-FREJO-2020-09-30,FREJO,,Unknown,11044511657,2020-09-30,2020-Q3,trap,-0.7647,0.3,0.0032605072302558397,0.5283576675433289,,,-1.6809772296441357,-1.4544061302681992,4.605170185988091,,-0.30000000000000004,,,,,,,,,,,,,,,,,,,,,
MC-FREJO-2022-03-31,FREJO,,Unknown,11044511657,2022-03-31,2022-Q1,winner,3.2387,0.28,-0.0018465441176470582,0.33284375744425865,-34.22857142857143,0.3357394393260592,-2.1269657489861618,0.007575757575757347,4.605170185988091,72.80299906529777,0.10000000000000009,,,,,,,,,,,,,,,,,,,,,
MC-SLXN-2022-03-31,SLXN,,Unknown,11023145169,2022-03-31,2022-Q1,trap,-0.8875,0.28,-0.0018465441176470582,0.33284375744425865,,,,,,,,,,,,,,,,,,,,,,,,,,,,
MC-FMCCT-2020-09-30,FMCCT,,Unknown,10920999994,2020-09-30,2020-Q3,trap,-0.7457,0.3,0.0032605072302558397,0.5283576675433289,,,0.3669585391407034,0.21253627567273187,4.605170185988091,,0.5,,,,,,,,,,,,,,,,,,,,,
MC-FMCCT-2022-03-31,FMCCT,,Unknown,10920999994,2022-03-31,2022-Q1,winner,3.2054,0.28,-0.0018465441176470582,0.33284375744425865,6.127272727272727,0.9993021728612005,-0.19231442550263741,-0.031565656565656554,3.998153165244781,-1.1783629344434328,-0.15000000000000002,,,,,,,,,,,,,,,,,,,,,
MC-GH-2020-09-30,GH,,Unknown,10873428764,2020-09-30,2020-Q3,trap,-0.7348,0.3,0.0032605072302558397,0.5283576675433289,31.7,0.051161282817541856,0.028970557998768024,-0.0285722108859879,4.605170185988091,0.9183666885609464,0.050000000000000044,,,,,,,,,,,,,,,,,,,,,
MC-GH-2022-03-31,GH,,Unknown,10873428764,2022-03-31,2022-Q1,trap,-0.3569,0.28,-0.0018465441176470582,0.33284375744425865,1.5494505494505495,0.5845898057369205,0.012938252917543847,-0.00870451103721788,0.8995337203071596,0.02004718309201849,-0.09999999999999998,,,,,,,,,,,,,,,,,,,,,
MC-HL-2020-09-30,HL,,Unknown,10861177582,2020-09-30,2020-Q3,trap,-0.2303,0.3,0.0032605072302558397,0.5283576675433289,44.3,3.987123304550631e-06,0.1000770464276407,0.11172686195477785,0.5817917519756813,4.433413156744483,0.25,,,,,,,,,,,,,,,,,,,,,
MC-HL-2022-03-31,HL,,Unknown,10861177582,2022-03-31,2022-Q1,trap,-0.1537,0.28,-0.0018465441176470582,0.33284375744425865,5.274725274725275,0.6121955333105179,0.007043428663257479,-0.01585686185385006,1.1511911578520038,0.03715215119080868,0.19999999999999996,,,,,,,,,,,,,,,,,,,,,
MC-AFG-2020-09-30,AFG,0001042046,Financials,10827812311,2020-09-30,2020-Q3,winner,0.6672,0.3,0.0032605072302558397,0.5283576675433289,0.3,0.6423249860486754,0.05213751207297448,0.2746870518684264,0.6337429972066975,0.015641253621892344,0.3999999999999999,,2.7165782793688087,6.263425374524144,4.079895915095135,-0.0002005829382273277,0.09635431470394973,-0.13568206348088824,0.119281220263014,STRUCTURAL_STRESS,-0.049557522123893805,,,,,,,0.17100654533204,0.17100654533204,TROUGH,-0.13568206348088824,0.03323998000010581
MC-AFG-2022-03-31,AFG,0001042046,Financials,10827812311,2022-03-31,2022-Q1,trap,-0.0981,0.28,-0.0018465441176470582,0.33284375744425865,-0.06043956043956044,0.5270455389664511,-0.03397268831292033,0.04559186048791553,0.8195315616308848,0.002053294348583097,0.19999999999999996,,0.5517979406119342,10.985736745141649,3.2999905345957097,-0.0010076449680272962,0.08423400785245552,-0.06748918099544365,0.119281220263014,STRUCTURAL_STRESS,-0.032,,,,,,,0.17868887513585224,-0.17868887513585224,TROUGH,-0.06748918099544365,0.004272789189812595
MC-FNMAT-2020-09-30,FNMAT,,Unknown,10770214594,2020-09-30,2020-Q3,trap,-0.7112,0.3,0.0032605072302558397,0.5283576675433289,9.6,0.8375381760412712,-2.8040184525240663,-0.05105986439383818,,-26.918577144231037,-0.46599999999999997,,,,,,,,,,,,,,,,,,,,,
MC-FNMAT-2022-03-31,FNMAT,,Unknown,10770214594,2022-03-31,2022-Q1,winner,3.1269,0.28,-0.0018465441176470582,0.33284375744425865,5.9825174825174825,0.9848796904640904,-3.737557912220955,-0.012918342216290069,4.605170185988091,-22.360005551783406,-0.30000000000000004,,,,,,,,,,,,,,,,,,,,,
MC-ASAIY-2022-03-31,ASAIY,,Unknown,10750114136,2022-03-31,2022-Q1,trap,-0.6054,0.28,-0.0018465441176470582,0.33284375744425865,,,,,,,,,,,,,,,,,,,,,,,,,,,,
MC-ARMK-2020-09-30,ARMK,0001584509,Consumer Discretionary,10750001303,2020-09-30,2020-Q3,mixed,0.3115,0.3,0.0032605072302558397,0.5283576675433289,-3.3,0.00016541487817975053,-0.009755833913538781,-0.036788112654569355,2.2297644816325977,0.03219425191467798,0.050000000000000044,,1.981736491985126,2.1024044320189907,3.3863147046424915,0.002335877298337687,0.0838086226508851,0.039048035020610265,0.19199019797936848,STRUCTURAL_STRESS,0.026666666666666644,,,,,,,0.05865289309894804,-0.05865289309894804,PEAK,0.039048035020610265,-0.0030093764567667054
MC-ARMK-2022-03-31,ARMK,0001584509,Consumer Discretionary,10750001303,2022-03-31,2022-Q1,mixed,0.2715,0.28,-0.0018465441176470582,0.33284375744425865,-0.489010989010989,0.5842447836284503,0.008481020231476094,-0.0467686604675231,1.660168777195454,-0.004147312091216332,0.19999999999999996,,2.1576903892469224,,,0.002335877298337687,0.10170817103037891,0.039048035020610265,0.19199019797936848,STRUCTURAL_STRESS,0.041379310344827586,,,,,,,0.05865289309894804,-0.05865289309894804,PEAK,0.039048035020610265,-0.0030093764567667054
MC-FREJN-2020-09-30,FREJN,,Unknown,10725982625,2020-09-30,2020-Q3,trap,-0.7551,0.3,0.0032605072302558397,0.5283576675433289,,,,,,,,,,,,,,,,,,,,,,,,,,,,
MC-FREJN-2022-03-31,FREJN,,Unknown,10725982625,2022-03-31,2022-Q1,winner,3.3927,0.28,-0.0018465441176470582,0.33284375744425865,,,-0.11686113511956212,0.14865168539325846,,,0.19999999999999996,,,,,,,,,,,,,,,,,,,,,
MC-FNMAJ-2020-09-30,FNMAJ,,Unknown,10712309995,2020-09-30,2020-Q3,trap,-0.7438,0.3,0.0032605072302558397,0.5283576675433289,-1.5,8.789821679041788e-13,-0.3761775761894017,8.257804297669056,1.409240732707474,0.5642663642841025,-0.050000000000000044,,,,,,,,,,,,,,,,,,,,,
MC-FNMAJ-2022-03-31,FNMAJ,,Unknown,10712309995,2022-03-31,2022-Q1,winner,3.0726,0.28,-0.0018465441176470582,0.33284375744425865,8.36013986013986,0.00015471475620566162,0.0200640280604915,0.0848115625544654,1.148587847135698,0.16773808074347962,-0.09999999999999998,,,,,,,,,,,,,,,,,,,,,
MC-VNORP-2020-09-30,VNORP,,Unknown,10666415240,2020-09-30,2020-Q3,trap,-0.3284,0.3,0.0032605072302558397,0.5283576675433289,,,,,,,,,,,,,,,,,,,,,,,,,,,,
MC-VNORP-2022-03-31,VNORP,,Unknown,10666415240,2022-03-31,2022-Q1,underperform,0.0316,0.28,-0.0018465441176470582,0.33284375744425865,,,0.2410991149204269,0,4.605170185988091,,0.19999999999999996,,,,,,,,,,,,,,,,,,,,,
MC-NTNX-2020-09-30,NTNX,0001618732,Information Technology,10569769509,2020-09-30,2020-Q3,winner,0.5726,0.3,0.0032605072302558397,0.5283576675433289,1.1,0.5043558715774663,0.09136785347859003,0.05441275171357043,4.605170185988091,0.10050463882644904,0.25,,-0.4076588357113744,,0.0077762148644021645,0.003631840792901633,0.07051350893424858,0.03224827841812563,0.08132046852369872,STRUCTURAL_STRESS,,,,,,,,0.4607171868552595,0.4607171868552595,PEAK,0.03224827841812563,-1.0368559731567348
MC-NTNX-2022-03-31,NTNX,0001618732,Information Technology,10569769509,2022-03-31,2022-Q1,winner,1.6029,0.28,-0.0018465441176470582,0.33284375744425865,-0.25274725274725274,0.6123162137043099,0.009925043838810967,0.0025771885063998294,2.384881123612292,-0.002508527563655519,0.3500000000000001,,0.11479151561413387,,,0.00939748998288534,0.08066574559745719,0.125461935959715,0.08132046852369872,STRUCTURAL_STRESS,,,,,,,,0.30021880437292814,0.30021880437292814,PEAK,0.125461935959715,-0.7080239257442434
MC-PBNAF-2020-09-30,PBNAF,,Unknown,10566621399,2020-09-30,2020-Q3,mixed,0.3514,0.3,0.0032605072302558397,0.5283576675433289,,,,,,,,,,,,,,,,,,,,,,,,,,,,
MC-PBNAF-2022-03-31,PBNAF,,Unknown,10566621399,2022-03-31,2022-Q1,trap,-0.0315,0.28,-0.0018465441176470582,0.33284375744425865,,,0.20342391304347826,0.2667572463768116,4.605170185988091,,0.5,,,,,,,,,,,,,,,,,,,,,
MC-FMCCO-2020-09-30,FMCCO,,Unknown,10511463022,2020-09-30,2020-Q3,trap,-0.7584,0.3,0.0032605072302558397,0.5283576675433289,-19.2,0.0003349615591932864,0.1089490214923389,0.03926440934073712,1.339320984440656,-2.0918212126529068,0.3999999999999999,,,,,,,,,,,,,,,,,,,,,
MC-FMCCO-2022-03-31,FMCCO,,Unknown,10511463022,2022-03-31,2022-Q1,winner,3.5162,0.28,-0.0018465441176470582,0.33284375744425865,0.5272727272727272,0.9116784452987498,0.09905087521464352,0.07828419493456673,0.6744867349008342,0.05222682511317567,0.25,,,,,,,,,,,,,,,,,,,,,
MC-PMMBF-2020-09-30,PMMBF,,Unknown,10456310211,2020-09-30,2020-Q3,underperform,0.0749,0.3,0.0032605072302558397,0.5283576675433289,,,,,,,,,,,,,,,,,,,,,,,,,,,,
MC-PMMBF-2022-03-31,PMMBF,,Unknown,10456310211,2022-03-31,2022-Q1,trap,-0.2094,0.28,-0.0018465441176470582,0.33284375744425865,,,0.10906398788079533,1.1801270265752966,,,0.8,,,,,,,,,,,,,,,,,,,,,
MC-PMBPF-2020-09-30,PMBPF,,Unknown,10450504242,2020-09-30,2020-Q3,underperform,0.1254,0.3,0.0032605072302558397,0.5283576675433289,,,,,,,,,,,,,,,,,,,,,,,,,,,,
MC-PMBPF-2022-03-31,PMBPF,,Unknown,10450504242,2022-03-31,2022-Q1,trap,-0.1389,0.28,-0.0018465441176470582,0.33284375744425865,,,0,-0.24875,1.311254685276701,,0.06600000000000006,,,,,,,,,,,,,,,,,,,,,
MC-FNMAI-2020-09-30,FNMAI,,Unknown,10434369244,2020-09-30,2020-Q3,trap,-0.7564,0.3,0.0032605072302558397,0.5283576675433289,,,-16.833970154316447,24.950000000000003,4.605170185988091,,0.3340000000000001,,,,,,,,,,,,,,,,,,,,,
MC-FNMAI-2022-03-31,FNMAI,,Unknown,10434369244,2022-03-31,2022-Q1,winner,3.1492,0.28,-0.0018465441176470582,0.33284375744425865,1.506993006993007,2.3812948107827116e-05,0.35322308212843423,0.1700819931941152,0.9012564725836324,0.532304714676067,0.10000000000000009,,,,,,,,,,,,,,,,,,,,,
MC-CPT-2020-09-30,CPT,0000906345,Real Estate,10426976701,2020-09-30,2020-Q3,underperform,0.0629,0.3,0.0032605072302558397,0.5283576675433289,-0.5,4.270991520823632e-05,-0.11655138817510406,-0.025079714465978523,1.0491489361962292,0.05827569408755203,-0.15000000000000002,,-57.46748775919423,-48.659323778112494,-49.34911509033347,-0.028509533549171063,0.07660914776396384,-0.005890738558415237,0.24604175708445358,STRUCTURAL_STRESS,0.06548672566371683,,,,,,,0.6130812502708117,-0.6130812502708117,TROUGH,-0.005890738558415237,0.12235230303294134
MC-CPT-2022-03-31,CPT,0000906345,Real Estate,10426976701,2022-03-31,2022-Q1,trap,-0.2641,0.28,-0.0018465441176470582,0.33284375744425865,0.3021978021978022,0.5585864838804361,0.07923534550087699,0.031670433002240206,1.0147412422859683,0.02394474726674854,0.25,,0.14960348230665685,8.770076884575538,14.834381708390703,-0.016704737548741366,0.0775259333024218,0.008127590651131542,0.1771587709597734,STRUCTURAL_STRESS,0.07200000000000001,,,,,,,0.5880590316887335,-0.5880590316887335,ACCELERATING,0.008127590651131542,0.5451625783764497
MC-WMS-2020-09-30,WMS,0001604028,Industrials,10419829034,2020-09-30,2020-Q3,winner,0.823,0.3,0.0032605072302558397,0.5283576675433289,-1.3,0.5163866211096694,-0.03122081396695787,-0.07100615161877999,1.2228996735397313,0.04058705815704523,0.050000000000000044,,0.5591383733652635,,,0.008066900764408197,0.07069197969172158,0.19172939179586276,0.14920725817177644,STRUCTURAL_STRESS,-0.05915492957746479,,,,,,,,,ACCELERATING,0.19172939179586276,0.1116527385523663
MC-WMS-2022-03-31,WMS,0001604028,Industrials,10419829034,2022-03-31,2022-Q1,trap,-0.0855,0.28,-0.0018465441176470582,0.33284375744425865,0.1813186813186813,0.4299810155457686,-0.002435551962028759,0.03281048001135363,1.0025721692912792,-0.00044161107003818154,0.050000000000000044,,3.6599568577420802,5.157275831294557,4.116501645968443,-0.0022186352499017135,0.041870392574324324,0.3445179418124007,0.11410758762818038,STRUCTURAL_STRESS,-0.0823529411764706,,,,,,,0.09330420658289423,0.09330420658289423,ACCELERATING,0.3445179418124007,0.17990563995772316
MC-FMCCK-2020-09-30,FMCCK,,Unknown,10394452104,2020-09-30,2020-Q3,trap,-0.7684,0.3,0.0032605072302558397,0.5283576675433289,2.4,4.1482945942905534e-07,-0.20583720775701317,-0.010231704468770197,1.150589913559164,-0.49400929861683157,-0.30000000000000004,,,,,,,,,,,,,,,,,,,,,
MC-FMCCK-2022-03-31,FMCCK,,Unknown,10394452104,2022-03-31,2022-Q1,winner,3.1472,0.28,-0.0018465441176470582,0.33284375744425865,-9.052447552447552,0.6440411160804954,-6.342634125202438,-6.845500018694908,2.8203061608311617,57.41636276275913,-0.44999999999999996,,,,,,,,,,,,,,,,,,,,,
MC-FREJP-2020-09-30,FREJP,,Unknown,10355448878,2020-09-30,2020-Q3,trap,-0.7245,0.3,0.0032605072302558397,0.5283576675433289,,,-0.15382501015808103,1.406944444444444,,,0.19999999999999996,,,,,,,,,,,,,,,,,,,,,
MC-FREJP-2022-03-31,FREJP,,Unknown,10355448878,2022-03-31,2022-Q1,winner,3.635,0.28,-0.0018465441176470582,0.33284375744425865,11.071428571428571,1.4017525933848214e-06,0.6754816892299864,0.0682636469221835,4.605170185988091,7.478547273617707,0.10000000000000009,,,,,,,,,,,,,,,,,,,,,
MC-FREGP-2020-09-30,FREGP,,Unknown,10238437960,2020-09-30,2020-Q3,trap,-0.74,0.3,0.0032605072302558397,0.5283576675433289,,,,,,,,,,,,,,,,,,,,,,,,,,,,
MC-FREGP-2022-03-31,FREGP,,Unknown,10238437960,2022-03-31,2022-Q1,winner,3.2983,0.28,-0.0018465441176470582,0.33284375744425865,,,-1.5946904503946757,-1.0148809523809526,4.605170185988091,,-0.30000000000000004,,,,,,,,,,,,,,,,,,,,,
MC-FMCCP-2020-09-30,FMCCP,,Unknown,10238437960,2020-09-30,2020-Q3,trap,-0.7464,0.3,0.0032605072302558397,0.5283576675433289,-7.8,0.9499021890731694,0.2765535719842538,0.07939340146785247,2.2353880806205675,-2.1571178614771793,0.25,,,,,,,,,,,,,,,,,,,,,
MC-FMCCP-2022-03-31,FMCCP,,Unknown,10238437960,2022-03-31,2022-Q1,winner,2.9795,0.28,-0.0018465441176470582,0.33284375744425865,10.003496503496503,0.009210983706611027,0.03199272853185596,0.03571428571428571,1.3379356794210815,0.3200391480057339,0.19999999999999996,,,,,,,,,,,,,,,,,,,,,
MC-BAH-2020-09-30,BAH,0001443646,Industrials,10173441601,2020-09-30,2020-Q3,mixed,0.3168,0.3,0.0032605072302558397,0.5283576675433289,-4.3,0.9979285397126498,0.05564254285026973,-0.020272284206070714,1.3328003607057608,-0.23926293425615985,0.30000000000000004,,-0.4756640525056597,,,0.00998531511728138,0.02464236739617429,0.09796339434276344,0.1802783128833485,STRUCTURAL_STRESS,-0.03838383838383838,,,,,,,,,ACCELERATING,0.09796339434276344,0.027188949014438107
MC-BAH-2022-03-31,BAH,0001443646,Industrials,10173441601,2022-03-31,2022-Q1,mixed,0.1906,0.28,-0.0018465441176470582,0.33284375744425865,0.5,0.5781629275246222,0.07111304977450458,0.052877178411617765,0.4832265494566701,0.03555652488725229,0.3500000000000001,,6.0225200660161615,6.145593541790724,6.044703278196325,-0.004286657701219949,0.022920517817600253,0.03819502912993758,0.1802783128833485,STRUCTURAL_STRESS,-0.040707964601769925,,,,,,,0.072899204541429,0.072899204541429,PEAK,0.03819502912993758,-0.02877241154707859
MC-DCI-2020-09-30,DCI,0000029644,Industrials,10120035519,2020-09-30,2020-Q3,mixed,0.2848,0.3,0.0032605072302558397,0.5283576675433289,7.8,0.07704834426367738,0.13223643212687433,0.019278984772437373,0.7256979108766903,1.0314441705896198,0.3999999999999999,,4.639120780576797,,,-0.01787024943221619,0.014224982024035113,0.05130627970569086,0.3450120889024459,STRUCTURAL_STRESS,0.0761904761904762,,,,,,,,,PEAK,0.05130627970569086,-0.0765177145524446
MC-DCI-2022-03-31,DCI,0000029644,Industrials,10120035519,2022-03-31,2022-Q1,mixed,0.2914,0.28,-0.0018465441176470582,0.33284375744425865,1.5384615384615385,0.49857014647901227,-0.01949657912168338,0.02154722914473997,0.4385549265672893,-0.029994737110282124,0.1499999999999999,,2.2706871011514074,,,-0.01787024943221619,0.016762094971340565,0.05130627970569086,0.3450120889024459,STRUCTURAL_STRESS,0.0396694214876033,,,,,,,,,PEAK,0.05130627970569086,-0.0765177145524446
MC-ONTO-2020-09-30,ONTO,0000704532,Information Technology,10088084916,2020-09-30,2020-Q3,winner,3.2821,0.3,0.0032605072302558397,0.5283576675433289,1.3,0.9975603310517297,0.025586700615841205,-0.021372770431662313,4.605170185988091,0.033262710800593565,0.19999999999999996,,0.4010456023197439,0.769586094743471,-3.832583368627564,-0.00464896029162262,0.08580317046890096,0.725471298500513,0.14631668073296283,STRUCTURAL_STRESS,-0.06666666666666668,,,,,,,0.5119777705898245,0.5119777705898245,ACCELERATING,0.725471298500513,0.17881210362240235
MC-ONTO-2022-03-31,ONTO,0000704532,Information Technology,10088084916,2022-03-31,2022-Q1,mixed,0.3965,0.28,-0.0018465441176470582,0.33284375744425865,0.8186813186813187,0.301947561408229,-0.03684227815864297,0.022403469164796196,0.4690437719336404,-0.030162084866141775,0.1499999999999999,,6.409006025911296,1.466108519474763,2.912489306296427,0.0032376418753122167,0.06286937401269779,0.3375236974654809,0.12553208949280803,STRUCTURAL_STRESS,-0.07931034482758621,,,,,,,0.49518315759105264,0.49518315759105264,ACCELERATING,0.3375236974654809,0.5924704199114195
MC-RDHL-2020-09-30,RDHL,,Unknown,10076057673,2020-09-30,2020-Q3,trap,-0.9988,0.3,0.0032605072302558397,0.5283576675433289,7.9,0.9996337913760048,0.06518505442784456,0.06229395080442494,4.605170185988091,0.514961929979972,0.25,,,,,,,,,,,,,,,,,,,,,
MC-RDHL-2022-03-31,RDHL,,Unknown,10076057673,2022-03-31,2022-Q1,trap,-0.9989,0.28,-0.0018465441176470582,0.33284375744425865,16.285714285714285,0.4796226639171618,0.011442253070936577,0.056071071859193,0.6851721201312391,0.18634526429810996,0.050000000000000044,,,,,,,,,,,,,,,,,,,,,
MC-DGZ-2020-09-30,DGZ,,Unknown,10041711525,2020-09-30,2020-Q3,underperform,0.0845,0.3,0.0032605072302558397,0.5283576675433289,,,0.13947137128718085,4.084504608294932,4.605170185988091,,0.5,,,,,,,,,,,,,,,,,,,,,
MC-DGZ-2022-03-31,DGZ,,Unknown,10041711525,2022-03-31,2022-Q1,trap,-0.2492,0.28,-0.0018465441176470582,0.33284375744425865,4.940559440559441,0.973562398479531,-287.40206312417223,-19.51180502665652,3.1167841500671205,-1419.9269762043893,-0.15000000000000002,,,,,,,,,,,,,,,,,,,,,
MC-AIT-2020-09-30,AIT,0000109563,Industrials,9997658814,2020-09-30,2020-Q3,winner,1.806,0.3,0.0032605072302558397,0.5283576675433289,3,3.765905633923521e-05,0.043641621296769156,0.0528471352104026,3.719730859744287,0.13092486389030747,0.050000000000000044,,0.8736955034416067,-4.919320162056906,-4.375925343102642,-0.001026309790578936,0.039052956666256425,-0.09605106295693852,0.11730893693306041,STRUCTURAL_STRESS,-0.05046728971962619,,,,,,,0.22441793564335488,-0.22441793564335488,DECELERATING,-0.09605106295693852,-0.14229700180230268
MC-AIT-2022-03-31,AIT,0000109563,Industrials,9997658814,2022-03-31,2022-Q1,winner,1.195,0.28,-0.0018465441176470582,0.33284375744425865,0.07142857142857142,0.45605997774552404,-0.06911621020797265,0.04716918791759681,2.70136553353987,-0.004936872157712332,0.10000000000000009,,-2.0730958614100117,-7.866111526908524,-7.32271670795426,-0.001026309790578936,0.03535778065577461,-0.09605106295693852,0.11730893693306041,STRUCTURAL_STRESS,-0.04000000000000001,,,,,,,0.22441793564335488,-0.22441793564335488,DECELERATING,-0.09605106295693852,-0.14229700180230268
MC-ALSN-2020-09-30,ALSN,0001411207,Industrials,9947488397,2020-09-30,2020-Q3,winner,0.6807,0.3,0.0032605072302558397,0.5283576675433289,2.1,0.999650236176037,-0.021211425341324412,-0.09759568316361056,1.0294930921615695,-0.04454399321678127,-0.09999999999999998,,0.9882607783162732,0.1979270645564385,-2.608194735114363,-0.017234147489389437,0.04317139308432273,-0.15019571448281133,0.16723558918823142,STRUCTURAL_STRESS,0.06315789473684208,,,,,,,0.19729813529452456,-0.19729813529452456,DECELERATING,-0.15019571448281133,-0.4907478185991937
MC-ALSN-2022-03-31,ALSN,0001411207,Industrials,9947488397,2022-03-31,2022-Q1,winner,1.4368,0.28,-0.0018465441176470582,0.33284375744425865,-0.47802197802197804,0.4268685718126927,-0.017503041862810313,-0.020074783343403138,0.803416372030523,0.008366838692662073,0.050000000000000044,,-2.0891332072729,-1.8909653696590865,-2.8925774777556374,-0.01010416605770747,0.04437570131284705,0.154324398193781,0.14695455128469392,STRUCTURAL_STRESS,0.0523364485981308,,,,,,,0.22218700335844144,-0.22218700335844144,PEAK,0.154324398193781,-0.2990640234714804
MC-PAG-2020-09-30,PAG,0001019849,Consumer Discretionary,9938291623,2020-09-30,2020-Q3,winner,2.5052,0.3,0.0032605072302558397,0.5283576675433289,-0.1,0.010561490947522031,0.047932846217284,0.0030973680455658355,2.8341993502803557,-0.0047932846217284,0.050000000000000044,,-2.7350455615957934,,,,0.06726357974102304,-0.27848818230109545,0.2827893121390612,STRUCTURAL_STRESS,0.012389380530973437,,,,,,,,,DECELERATING,-0.27848818230109545,-0.711124611799361
MC-PAG-2022-03-31,PAG,0001019849,Consumer Discretionary,9938291623,2022-03-31,2022-Q1,winner,0.5363,0.28,-0.0018465441176470582,0.33284375744425865,0.5054945054945055,0.7577056130799601,0.00681351267894814,0.03896966926519998,0.2994637499560302,0.003444193222325433,0.30000000000000004,,-1.1244067088920016,,,,0.05310784733136271,-0.27848818230109545,0.2827893121390612,STRUCTURAL_STRESS,0.00799999999999998,,,,,,,,,DECELERATING,-0.27848818230109545,-0.711124611799361
MC-STN-2020-09-30,STN,,Unknown,9920406694,2020-09-30,2020-Q3,winner,1.1381,0.3,0.0032605072302558397,0.5283576675433289,38.7,0.0023033242140746406,0.05276651764399839,-0.08069534262003412,0.4444874196217551,2.042064232822738,0.25,,,,,,,,,,,,,,,,,,,,,
MC-STN-2022-03-31,STN,,Unknown,9920406694,2022-03-31,2022-Q1,winner,0.6522,0.28,-0.0018465441176470582,0.33284375744425865,11.626373626373626,0.5852675587891396,0.062120767916298975,0.11829189145632239,0.38564567174242376,0.7222392577521353,0.19999999999999996,,,,,,,,,,,,,,,,,,,,,
MC-MUSA-2020-09-30,MUSA,0001573516,Consumer Discretionary,9912036350,2020-09-30,2020-Q3,winner,1.6641,0.3,0.0032605072302558397,0.5283576675433289,0.6,0.9993451198752397,0.013434414752402604,-0.028767838932267153,4.605170185988091,0.008060648851441561,0.19999999999999996,,4.27816166165533,,,-0.0036956614239984013,0.017321643790641068,0.20873996616568768,0.17282436094324113,NATURAL_PROCESS,-0.12405063291139241,,,,,,,0.14956893718416378,-0.14956893718416378,ACCELERATING,0.20873996616568768,0.06818173910324099
MC-MUSA-2022-03-31,MUSA,0001573516,Consumer Discretionary,9912036350,2022-03-31,2022-Q1,winner,1.3495,0.28,-0.0018465441176470582,0.33284375744425865,-0.5384615384615384,0.533032280265494,-0.087493472506817,0.00762216108997818,4.605170185988091,0.04711186981136299,0.10000000000000009,,1.0798067228037111,-1.7307148954904044,,0.0018897396422325203,0.0181291858869437,1.1352712819250963,0.18488973580262463,NATURAL_PROCESS,-0.1340659340659341,,,,,,,0.19953828077501815,-0.19953828077501815,ACCELERATING,1.1352712819250963,0.382537071641634
MC-ACI-2020-09-30,ACI,0001646972,Consumer Staples,9901592787,2020-09-30,2020-Q3,winner,0.6426,0.3,0.0032605072302558397,0.5283576675433289,,,,,,,,,0.1912573014368003,,,0.007268284346682623,0.08913432116952351,0.10665244383534148,0.15846240389556776,STRUCTURAL_STRESS,-0.018181818181818188,,,,,,,,,ACCELERATING,0.10665244383534148,0.06299424270785395
MC-ACI-2022-03-31,ACI,0001646972,Consumer Staples,9901592787,2022-03-31,2022-Q1,trap,-0.3386,0.28,-0.0018465441176470582,0.33284375744425865,-0.37272727272727274,0.5678175505673828,-0.04231014350281586,-0.1069194378613684,0.6161856406753647,0.015770144396504093,0.050000000000000044,,0.6090000726069348,0.911526499411053,0.14867116444571038,-0.004986637557979446,0.07003018259553681,-0.010458357600992523,0.15846240389556776,STRUCTURAL_STRESS,0.03999999999999998,,,,,,,0.09996645429242651,0.09996645429242651,TROUGH,-0.010458357600992523,0.06161261313560873
MC-ORI-2020-09-30,ORI,0000074260,Financials,9880485126,2020-09-30,2020-Q3,winner,0.8277,0.3,0.0032605072302558397,0.5283576675433289,2,0.008828311751302288,0.07032437819495146,0.04718973291727377,0.9130249588127287,0.14064875638990293,0.25,,5.551140054984518,-7.092941081739117,1.9962028070226587,-0.001754805659375898,0.05763212432331797,-0.20098006891281137,0.1029949921027801,STRUCTURAL_STRESS,-0.0811881188118812,,,,,,,0.15705141366945974,0.15705141366945974,DECELERATING,-0.20098006891281137,-0.11422016191810125
MC-ORI-2022-03-31,ORI,0000074260,Financials,9880485126,2022-03-31,2022-Q1,winner,0.516,0.28,-0.0018465441176470582,0.33284375744425865,-0.027472527472527472,0.456677540890583,0.018241292747856973,0.05466989034486557,0.5322865010861584,-0.0005011344161499168,0.050000000000000044,,1.6164870469691683,-6.80984215987078,0.31773936524673463,-0.0029619865360444235,0.055798274334299375,0.35463878499659607,0.1029949921027801,STRUCTURAL_STRESS,-0.040707964601769925,,,,,,,0.23676351557601064,-0.23676351557601064,ACCELERATING,0.35463878499659607,0.046149712780397464
MC-EHC-2020-09-30,EHC,0000785161,Health Care,9843307805,2020-09-30,2020-Q3,mixed,0.2993,0.3,0.0032605072302558397,0.5283576675433289,0.1,0.4845467823311488,-0.031742578996334044,0.015762057201754893,0.796247172424383,-0.0031742578996334044,0.050000000000000044,,-0.8840641731675019,-0.8486608566104136,-0.47608238047691415,-0.017187842412172895,0.06822971910935188,0.03241986929413649,0.111347836001952,STRUCTURAL_STRESS,-0.02022471910112361,,,,,,,0.2531517392660897,-0.2531517392660897,PEAK,0.03241986929413649,-0.22390071874699674
MC-EHC-2022-03-31,EHC,0000785161,Health Care,9843307805,2022-03-31,2022-Q1,winner,0.7903,0.28,-0.0018465441176470582,0.33284375744425865,0.21428571428571427,0.5266565724329311,-0.11195145125406882,0.03927264859601018,0.7008202586527083,-0.02398959669730046,-0.050000000000000044,,-0.24738546551829815,0.36852784327366933,0.21076138190649057,-0.01105017184936924,0.057553054054971416,0.10286734065276705,0.10510272872999825,NATURAL_PROCESS,0.01782178217821781,,,,,,,0.18404164765565686,-0.18404164765565686,PEAK,0.10286734065276705,-0.14706496280914408
MC-DY-2020-09-30,DY,,Unknown,9825555736,2020-09-30,2020-Q3,winner,0.685,0.3,0.0032605072302558397,0.5283576675433289,-21.6,0.008508538136288662,0.06302813197304688,0.02351786786821821,1.21453067064095,-1.3614076506178128,0.3999999999999999,,,,,,,,,,,,,,,,,,,,,
MC-DY-2022-03-31,DY,,Unknown,9825555736,2022-03-31,2022-Q1,winner,0.5992,0.28,-0.0018465441176470582,0.33284375744425865,8.901098901098901,0.5599274788965365,-0.0512599003813541,0.04702144689311706,0.605529388299624,-0.4562694429549101,0.25,,,,,,,,,,,,,,,,,,,,,
MC-CANF-2020-09-30,CANF,,Unknown,9814667985,2020-09-30,2020-Q3,trap,-0.8503,0.3,0.0032605072302558397,0.5283576675433289,7.7,0.009070646295667844,0.09049832735368299,0.7745976576921768,3.192825147667797,0.696837120623359,0.25,,,,,,,,,,,,,,,,,,,,,
MC-CANF-2022-03-31,CANF,,Unknown,9814667985,2022-03-31,2022-Q1,trap,-0.8806,0.28,-0.0018465441176470582,0.33284375744425865,-4.137362637362638,0.47935320701705547,0.041797426331920684,-0.06668638411570915,0.45963884499021046,-0.17293111004360592,-0.15000000000000002,,,,,,,,,,,,,,,,,,,,,
MC-TTMI-2020-09-30,TTMI,,Unknown,9795282058,2020-09-30,2020-Q3,underperform,0.1288,0.3,0.0032605072302558397,0.5283576675433289,4.4,0.966698997887053,0.00812986132807292,0.028306126839164343,1.2653504454847186,0.03577138984352085,0.19999999999999996,,,,,,,,,,,,,,,,,,,,,
MC-TTMI-2022-03-31,TTMI,,Unknown,9795282058,2022-03-31,2022-Q1,mixed,0.3839,0.28,-0.0018465441176470582,0.33284375744425865,12.313186813186814,0.4978793030153642,-0.02160872233987068,-0.08011744497270967,0.2586754629732863,-0.26607223496511095,0.1499999999999999,,,,,,,,,,,,,,,,,,,,,
MC-RMBS-2020-09-30,RMBS,,Unknown,9770945179,2020-09-30,2020-Q3,winner,3.0752,0.3,0.0032605072302558397,0.5283576675433289,-12.1,0.004592247171024345,0.015983667716272396,0.004712941982549443,1.133815516734253,-0.19340237936689597,0.050000000000000044,,,,,,,,,,,,,,,,,,,,,
MC-RMBS-2022-03-31,RMBS,,Unknown,9770945179,2022-03-31,2022-Q1,winner,0.6237,0.28,-0.0018465441176470582,0.33284375744425865,6.241758241758242,0.6193622832119683,0.11108584798122073,0.053220467863949385,0.6915988352097682,0.6933710071794876,0.25,,,,,,,,,,,,,,,,,,,,,
MC-SEIC-2020-09-30,SEIC,0000350894,Financials,9765028228,2020-09-30,2020-Q3,underperform,0.1875,0.3,0.0032605072302558397,0.5283576675433289,1.6,0.09330614646733651,-0.0019947296168400658,0.06367794621504716,1.0943511536420534,-0.0031915673869441054,0.050000000000000044,,0.09796676265262536,13.375451254052255,-1.1588387910607758,0.0007207775051811885,0.026740773565604777,0.016984661335982466,0.07186986233677552,STRUCTURAL_STRESS,-0.03185840707964602,,,,,,,0.15776232278730715,-0.15776232278730715,ACCELERATING,0.016984661335982466,0.03762025764219473
MC-SEIC-2022-03-31,SEIC,0000350894,Financials,9765028228,2022-03-31,2022-Q1,mixed,0.2893,0.28,-0.0018465441176470582,0.33284375744425865,-0.489010989010989,0.6301493530584148,0.03969018496319577,-0.017800836964011052,0.6192387650856186,-0.019408936602881448,0.050000000000000044,,-3.2244823668858285,-6.6398885215078405,6.712196490058654,0.00018487283048605952,0.03029889080003178,0.17485085592618793,0.07186986233677552,STRUCTURAL_STRESS,-0.048000000000000015,,,,,,,0.1513941722252398,-0.1513941722252398,ACCELERATING,0.17485085592618793,0.05118729790437819
MC-FMCKP-2020-09-30,FMCKP,,Unknown,9685887092,2020-09-30,2020-Q3,trap,-0.7622,0.3,0.0032605072302558397,0.5283576675433289,3.8,0.9982562937974689,-0.1355683230908314,-0.4788779562090357,4.605170185988091,-0.5151596277451592,-0.15000000000000002,,,,,,,,,,,,,,,,,,,,,
MC-FMCKP-2022-03-31,FMCKP,,Unknown,9685887092,2022-03-31,2022-Q1,winner,2.9442,0.28,-0.0018465441176470582,0.33284375744425865,-6.654545454545454,0.9933685922598996,0.18170392309799038,0.15106293324964082,1.892703697767077,-1.2091570155248086,0.25,,,,,,,,,,,,,,,,,,,,,
MC-KEP-2020-09-30,KEP,,Unknown,9667979269,2020-09-30,2020-Q3,trap,-0.2606,0.3,0.0032605072302558397,0.5283576675433289,13.9,0.08869204942618668,0.0014566281700161485,-0.0029622452959884304,0.8942271671095282,0.020247131563224465,0.050000000000000044,,,,,,,,,,,,,,,,,,,,,
MC-KEP-2022-03-31,KEP,,Unknown,9667979269,2022-03-31,2022-Q1,trap,-0.2041,0.28,-0.0018465441176470582,0.33284375744425865,-18.86263736263736,0.689551886954415,-0.039580265378918025,0.020974774327623392,0.2739589080843109,0.7465881925594812,-0.30000000000000004,,,,,,,,,,,,,,,,,,,,,
MC-IAG-2020-09-30,IAG,,Unknown,9662181917,2020-09-30,2020-Q3,trap,-0.4386,0.3,0.0032605072302558397,0.5283576675433289,25.1,0.003778078071126948,0.03346046642499906,-0.02726969318471445,0.7738242494882362,0.8398577072674764,0.19999999999999996,,,,,,,,,,,,,,,,,,,,,
MC-IAG-2022-03-31,IAG,,Unknown,9662181917,2022-03-31,2022-Q1,winner,0.796,0.28,-0.0018465441176470582,0.33284375744425865,3.7967032967032965,0.45238781961082886,-0.06799890533134884,-0.06553319136950389,0.5607260842944314,-0.25817166804374747,-0.30000000000000004,,,,,,,,,,,,,,,,,,,,,
MC-OGE-2020-09-30,OGE,0001021635,Utilities,9588766884,2020-09-30,2020-Q3,underperform,0.1114,0.3,0.0032605072302558397,0.5283576675433289,-0.3,0.0015127858450226554,0.03764749134401765,-0.007571784514670277,1.0370900434952124,-0.011294247403205296,0.19999999999999996,,5.004369673948897,2.8419123185138044,23.089346744446182,0.0015086792922119833,0.05033875685405217,-0.06873886868314548,0.14497818694614734,STRUCTURAL_STRESS,0.0920353982300885,,,,,,,0.2170388104715916,-0.2170388104715916,TROUGH,-0.06873886868314548,0.03643921653108075
MC-OGE-2022-03-31,OGE,0001021635,Utilities,9588766884,2022-03-31,2022-Q1,underperform,0.127,0.28,-0.0018465441176470582,0.33284375744425865,0.04945054945054945,0.49490751304808767,0.027279637544247292,0.12309331433915661,0.7022138087633174,0.001348993065374866,-0.09999999999999998,,-1.6456008182848463,11.832386301387919,4.717595842403382,0.002303662748327995,0.04671731460184766,0.5804853697531103,0.24795143764885494,STRUCTURAL_STRESS,0.064,,,,,,,0.2274003612425096,-0.2274003612425096,ACCELERATING,0.5804853697531103,0.25984754628033296
MC-EGP-2020-09-30,EGP,0000049600,Real Estate,9575540810,2020-09-30,2020-Q3,mixed,0.2876,0.3,0.0032605072302558397,0.5283576675433289,2.2,0.9867799033467572,0.018805179782942966,-0.04389844040398619,4.605170185988091,0.04137139552247453,0.19999999999999996,,0.9076665146954577,1.1567075444469734,-4.427195732757843,0.0005843441673634078,0.026234335555332024,0.11014287080544256,0.10680218077005811,STRUCTURAL_STRESS,0.02018348623853211,,,,,,,0.078090575490078,0.078090575490078,ACCELERATING,0.11014287080544256,0.03832084468100236
MC-EGP-2022-03-31,EGP,0000049600,Real Estate,9575540810,2022-03-31,2022-Q1,trap,-0.1335,0.28,-0.0018465441176470582,0.33284375744425865,0.07142857142857142,0.34622331353609187,-0.086085234664153,-0.010756564667056837,0.45862990210539567,-0.006148945333153785,-0.19999999999999996,,-0.4096663790368424,-9.004698767179793,-0.8703360303554237,9.808701774635297e-05,0.026166943150459098,0.12661200576303772,0.10680218077005811,STRUCTURAL_STRESS,-0.0016528925619834767,,,,,,,0.07597590090009561,0.07597590090009561,ACCELERATING,0.12661200576303772,0.04560298789558564
MC-MASI-2020-09-30,MASI,0000937556,Health Care,9543001784,2020-09-30,2020-Q3,trap,-0.6286,0.3,0.0032605072302558397,0.5283576675433289,-0.6,0.8846370083139373,-0.037202071490604845,0.04288715875963787,0.47165630506012907,0.022321242894362905,-0.15000000000000002,,0.6898451216609502,4.667509959594503,0.7780328192851246,0.0004683033889482801,0.058450104404919524,0.18069893949041035,0.13182698602709186,STRUCTURAL_STRESS,0.021238938053097345,,,,,,,0.16148715687815202,0.16148715687815202,ACCELERATING,0.18069893949041035,0.049901783205425654
MC-MASI-2022-03-31,MASI,0000937556,Health Care,9543001784,2022-03-31,2022-Q1,underperform,0.1447,0.28,-0.0018465441176470582,0.33284375744425865,-0.038461538461538464,0.43386472472627824,-0.11530888724921727,-0.19929377510894114,0.312743889606493,0.004434957201892973,-0.19999999999999996,,7.916451830787374,12.559029357378126,7.999140470017246,2.991682881401636e-05,0.056433947605219394,0.08136991110740426,0.13613316387212462,STRUCTURAL_STRESS,0.052032520325203224,,,,,,,0.1545370126923698,0.1545370126923698,ACCELERATING,0.08136991110740426,0.04887708168082558
MC-DOCU-2020-09-30,DOCU,0001261333,Information Technology,9531451854,2020-09-30,2020-Q3,trap,-0.8049,0.3,0.0032605072302558397,0.5283576675433289,-0.3,0.10796328373337832,-0.00576386366275667,0.018687391158781007,4.605170185988091,0.001729159098827001,-0.09999999999999998,,-0.20656064195450344,,,0.009541571682994283,0.1679987161464399,0.3985474700616717,0.10431281900567883,STRUCTURAL_STRESS,,,,,,,,,,ACCELERATING,0.3985474700616717,0.03519961657506976
MC-DOCU-2022-03-31,DOCU,0001261333,Information Technology,9531451854,2022-03-31,2022-Q1,trap,-0.2401,0.28,-0.0018465441176470582,0.33284375744425865,-0.14285714285714285,0.4353449774585569,-0.11550270338754755,0.007923244231450854,1.4169711025503335,0.016500386198221077,0.10000000000000009,,-0.9022331659182954,,-0.4454716283385127,-0.0034665177344428786,0.13596687850942382,0.5143393604211712,0.09193101309234707,STRUCTURAL_STRESS,0,,,,,,,0.07135995416866572,0.07135995416866572,ACCELERATING,0.5143393604211712,0.0989905798537577
MC-TTC-2020-09-30,TTC,0000737758,Industrials,9492091244,2020-09-30,2020-Q3,trap,-0.0101,0.3,0.0032605072302558397,0.5283576675433289,6.5,0.6639100960556774,0.01294726311055857,0.025999149099610444,4.605170185988091,0.08415721021863071,0.3500000000000001,,1.8941701020251838,,,,0.03254217303456966,0.03884869562831504,0.32480291418742074,STRUCTURAL_STRESS,-0.025688073394495414,,,,,,,,,PEAK,0.03884869562831504,-0.024173842881704263
MC-TTC-2022-03-31,TTC,0000737758,Industrials,9492091244,2022-03-31,2022-Q1,trap,-0.149,0.28,-0.0018465441176470582,0.33284375744425865,0.25274725274725274,0.6624536456135627,-0.08538530419012542,0.08285896829475602,1.052474853080946,-0.02158090105904269,-0.050000000000000044,,1.6190254769878838,,,,0.03007619185832389,0.03884869562831504,0.32480291418742074,STRUCTURAL_STRESS,-0.042975206611570255,,,,,,,,,PEAK,0.03884869562831504,-0.024173842881704263
MC-GAP-2020-09-30,GAP,0000039911,Consumer Discretionary,9454445166,2020-09-30,2020-Q3,trap,-0.3758,0.3,0.0032605072302558397,0.5283576675433289,,,,,,,,,2.2841092482171392,,,0.009255349540238067,0.07050748269858965,-0.1915303298681547,0.1813063330093513,STRUCTURAL_STRESS,-0.04873949579831935,,,,,,,,,DECELERATING,-0.1915303298681547,-0.20112875628379379
MC-GAP-2022-03-31,GAP,0000039911,Consumer Discretionary,9454445166,2022-03-31,2022-Q1,mixed,0.4638,0.28,-0.0018465441176470582,0.33284375744425865,,,,,,,,,2.7347738816093328,3.0674813898930497,0.0934080553662886,-0.0026119071250092357,0.06075917126713913,0.4803576534284614,0.1284752064571784,STRUCTURAL_STRESS,-0.01954887218045115,,,,,,,0.22643278905511874,0.22643278905511874,ACCELERATING,0.4803576534284614,0.05694418957822533
MC-FMCCH-2020-09-30,FMCCH,,Unknown,9425863519,2020-09-30,2020-Q3,trap,-0.7622,0.3,0.0032605072302558397,0.5283576675433289,,,-87.74338240973336,-0.06157036004478336,4.605170185988091,,-0.30000000000000004,,,,,,,,,,,,,,,,,,,,,
MC-FMCCH-2022-03-31,FMCCH,,Unknown,9425863519,2022-03-31,2022-Q1,winner,3.0749,0.28,-0.0018465441176470582,0.33284375744425865,5.333333333333333,0.0019080272830640428,-247.32064935316447,0.4844788519637575,4.605170185988091,-1319.0434632168772,-0.050000000000000044,,,,,,,,,,,,,,,,,,,,,
MC-FHN-PF-2022-03-31,FHN-PF,,Unknown,9386637611,2022-03-31,2022-Q1,trap,-0.1859,0.28,-0.0018465441176470582,0.33284375744425865,,,,,,,,,,,,,,,,,,,,,,,,,,,,
MC-IESC-2020-09-30,IESC,,Unknown,9381509208,2020-09-30,2020-Q3,winner,1.0733,0.3,0.0032605072302558397,0.5283576675433289,27,0.6545200844387007,-0.14941617432270715,-0.10780686892104419,4.605170185988091,-4.034236706713093,-0.44999999999999996,,,,,,,,,,,,,,,,,,,,,
MC-IESC-2022-03-31,IESC,,Unknown,9381509208,2022-03-31,2022-Q1,winner,3.1072,0.28,-0.0018465441176470582,0.33284375744425865,9.148351648351648,0.5544158117876186,-0.2276650952972938,0.11564164612901576,1.2897101290620645,-2.082760349835133,0.25,,,,,,,,,,,,,,,,,,,,,
MC-GSCE-2020-09-30,GSCE,,Unknown,9361170990,2020-09-30,2020-Q3,winner,1.6104,0.3,0.0032605072302558397,0.5283576675433289,,,,,,,,,,,,,,,,,,,,,,,,,,,,
MC-GSCE-2022-03-31,GSCE,,Unknown,9361170990,2022-03-31,2022-Q1,trap,-0.1321,0.28,-0.0018465441176470582,0.33284375744425865,102.3,0.023510670688061924,-0.12465977663419264,0.031206896551724192,4.605170185988091,-12.752695149677907,0.25,,,,,,,,,,,,,,,,,,,,,
MC-BLDR-2020-09-30,BLDR,0001316835,Industrials,9336268011,2020-09-30,2020-Q3,winner,2.8164,0.3,0.0032605072302558397,0.5283576675433289,-5.2,0.9999999951117746,-0.5522066569716392,-0.002509636256380565,0.4979466385902933,2.8714746162525238,-0.5,,0.4354637484305894,-0.22379918520509184,0.5177567760883359,-0.0010639631485859643,0.04861812424190142,0.04656971426154766,0.10980291346288952,STRUCTURAL_STRESS,-0.08311688311688313,,,,,,,0.08199831038939029,-0.08199831038939029,PEAK,0.04656971426154766,-0.07759826764561006
MC-BLDR-2022-03-31,BLDR,0001316835,Industrials,9336268011,2022-03-31,2022-Q1,winner,0.9359,0.28,-0.0018465441176470582,0.33284375744425865,0.038461538461538464,0.5527646450301162,-0.018902070014985208,0.027073111659068047,0.2752801171914654,-0.0007270026928840465,0,,0.31350448738844194,-0.016935032480956458,0.29371877636021604,-0.005193513885879766,0.031141440852268252,1.2072537898200468,0.198986930832553,STRUCTURAL_STRESS,-0.09887640449438204,,,,,,,0.14492016533156854,-0.14492016533156854,ACCELERATING,1.2072537898200468,0.6951804520097626
MC-FNMAH-2020-09-30,FNMAH,,Unknown,9322605135,2020-09-30,2020-Q3,trap,-0.7352,0.3,0.0032605072302558397,0.5283576675433289,-58.9,0.7810987832661963,-0.26345784080860546,-0.07465765643118909,4.605170185988091,15.517666823626861,-0.30000000000000004,,,,,,,,,,,,,,,,,,,,,
MC-FNMAH-2022-03-31,FNMAH,,Unknown,9322605135,2022-03-31,2022-Q1,winner,3,0.28,-0.0018465441176470582,0.33284375744425865,12.958041958041958,0.9999988960091131,-0.3618763849792635,-0.49464222530873464,1.2512835802424354,-4.689209380185841,-0.15000000000000002,,,,,,,,,,,,,,,,,,,,,
MC-ONON-2022-03-31,ONON,0001858985,Consumer Discretionary,9289305750,2022-03-31,2022-Q1,winner,0.7401,0.28,-0.0018465441176470582,0.33284375744425865,-4.1,0.00018868705473482064,-0.155593295098583,0.023295654512802313,1.1335131440390538,0.6379325099041903,-0.050000000000000044,,,,,,,,,,,,,,,,,,,,,
MC-OSK-2020-09-30,OSK,0000775158,Industrials,9244426250,2020-09-30,2020-Q3,mixed,0.2984,0.3,0.0032605072302558397,0.5283576675433289,1.1,5.664791901244906e-05,0.05573961967754548,0.03617289805510051,0.5831327797438313,0.061313581645300035,0.25,,-2.6795841699286544,,,,0.05836212041383705,0.12954574599951182,0.20674292883953332,STRUCTURAL_STRESS,-0.08636363636363638,,,,,,,,,PEAK,0.12954574599951182,-0.3847959060309696
MC-OSK-2022-03-31,OSK,0000775158,Industrials,9244426250,2022-03-31,2022-Q1,trap,-0.0653,0.28,-0.0018465441176470582,0.33284375744425865,1.164835164835165,0.4802759461898756,-0.0918897838310295,-0.09593095504711158,0.1818627926677981,-0.10703645149548492,-0.050000000000000044,,1.615043573872768,,,,0.04890894327795884,0.12954574599951182,0.20674292883953332,STRUCTURAL_STRESS,-0.08636363636363638,,,,,,,,,PEAK,0.12954574599951182,-0.3847959060309696
MC-FMCKK-2020-09-30,FMCKK,,Unknown,9243847017,2020-09-30,2020-Q3,trap,-0.7575,0.3,0.0032605072302558397,0.5283576675433289,-23.9,0.00020195233753593093,-0.017534814264846835,-0.014790407735600891,4.605170185988091,0.41908206092983935,-0.09999999999999998,,,,,,,,,,,,,,,,,,,,,
MC-FMCKK-2022-03-31,FMCKK,,Unknown,9243847017,2022-03-31,2022-Q1,winner,3.1966,0.28,-0.0018465441176470582,0.33284375744425865,-0.5104895104895105,0.9320740160152092,-0.22824840992421708,-0.15637720488466758,4.605170185988091,0.11651841905222271,-0.15000000000000002,,,,,,,,,,,,,,,,,,,,,
MC-WFCNP-2020-09-30,WFCNP,,Unknown,9042513101,2020-09-30,2020-Q3,underperform,0.1,0.3,0.0032605072302558397,0.5283576675433289,,,,,,,,,,,,,,,,,,,,,,,,,,,,
MC-WFCNP-2022-03-31,WFCNP,,Unknown,9042513101,2022-03-31,2022-Q1,trap,-0.9923,0.28,-0.0018465441176470582,0.33284375744425865,,,,,,,,,,,,,,,,,,,,,,,,,,,,
MC-FTRSF-2020-09-30,FTRSF,,Unknown,8979836285,2020-09-30,2020-Q3,underperform,0.1319,0.3,0.0032605072302558397,0.5283576675433289,,,0.11133986928104575,0.23204819277108432,4.605170185988091,,0.5,,,,,,,,,,,,,,,,,,,,,
MC-FTRSF-2022-03-31,FTRSF,,Unknown,8979836285,2022-03-31,2022-Q1,trap,-0.1275,0.28,-0.0018465441176470582,0.33284375744425865,-55.142857142857146,0.002536291299863135,-11.625,-11.625,1.7735554747202076,641.0357142857143,-0.30000000000000004,,,,,,,,,,,,,,,,,,,,,
MC-TFII-2020-09-30,TFII,,Unknown,8903402218,2020-09-30,2020-Q3,winner,2.0698,0.3,0.0032605072302558397,0.5283576675433289,83.4,0.7314836200132367,-0.010799029835877993,0.3554316176559184,4.605170185988091,-0.9006390883122247,-0.09999999999999998,,,,,,,,,,,,,,,,,,,,,
MC-TFII-2022-03-31,TFII,,Unknown,8903402218,2022-03-31,2022-Q1,trap,-0.2728,0.28,-0.0018465441176470582,0.33284375744425865,6.5989010989010985,0.4649745289616145,-0.031488710307092924,-0.027991008398339415,1.2894242752063976,-0.20779088504845383,-0.09999999999999998,,,,,,,,,,,,,,,,,,,,,
MC-BBAR-2020-09-30,BBAR,,Unknown,8902677284,2020-09-30,2020-Q3,winner,0.6468,0.3,0.0032605072302558397,0.5283576675433289,-1.7,0.10762339930513029,-0.05219254281690223,0.042335154468327654,0.8504940609397309,0.08872732278873378,0.25,,,,,,,,,,,,,,,,,,,,,
MC-BBAR-2022-03-31,BBAR,,Unknown,8902677284,2022-03-31,2022-Q1,winner,4.1042,0.28,-0.0018465441176470582,0.33284375744425865,9.153846153846153,0.5891559837400612,-0.16906807690543293,-0.07735683089148966,0.2886711449790083,-1.547623165518963,-0.050000000000000044,,,,,,,,,,,,,,,,,,,,,
MC-FMCCI-2020-09-30,FMCCI,,Unknown,8866812526,2020-09-30,2020-Q3,trap,-0.7529,0.3,0.0032605072302558397,0.5283576675433289,-5.6,1,0.26993159352904506,0.2566787688987382,3.1886168187602704,-1.5116169237626522,0.25,,,,,,,,,,,,,,,,,,,,,
MC-FMCCI-2022-03-31,FMCCI,,Unknown,8866812526,2022-03-31,2022-Q1,winner,3.4914,0.28,-0.0018465441176470582,0.33284375744425865,8.825174825174825,0.0001475156797614578,0.10758796264838391,0.15982669368636776,2.523643270678735,0.949482579456367,0.10000000000000009,,,,,,,,,,,,,,,,,,,,,
MC-AGNC-2020-09-30,AGNC,0001423689,Financials,8860144903,2020-09-30,2020-Q3,trap,-0.3214,0.3,0.0032605072302558397,0.5283576675433289,0.1,0.009604607660519696,0.1383021708426032,0.10687524751391601,0.7611078999722319,0.013830217084260321,0.25,,,,,,0.03858997421904642,,,STRUCTURAL_STRESS,0.16363636363636364,,,,,,,,,,,
MC-AGNC-2022-03-31,AGNC,0001423689,Financials,8860144903,2022-03-31,2022-Q1,trap,-0.2687,0.28,-0.0018465441176470582,0.33284375744425865,-0.4230769230769231,0.381121415366577,-0.10285039199185728,-0.09456288944411356,0.8446850112683614,0.043513627381170386,-0.30000000000000004,,,,,,0.05603746889082415,,,STRUCTURAL_STRESS,0.1111111111111111,,,,,,,,,,,
MC-FMCCL-2020-09-30,FMCCL,,Unknown,8840810169,2020-09-30,2020-Q3,trap,-0.747,0.3,0.0032605072302558397,0.5283576675433289,-8.8,0.7047773226875577,0.11238413601586517,-0.018826127530498227,0.8312753527847128,-0.9889803969396136,0.30000000000000004,,,,,,,,,,,,,,,,,,,,,
MC-FMCCL-2022-03-31,FMCCL,,Unknown,8840810169,2022-03-31,2022-Q1,winner,3.3399,0.28,-0.0018465441176470582,0.33284375744425865,15.244755244755245,0.9602795548236126,-0.4391705623721138,0.0030682914019938834,0.4413737143204844,-6.695047734064393,0.050000000000000044,,,,,,,,,,,,,,,,,,,,,
MC-QGEN-2020-09-30,QGEN,0001015820,Health Care,8827169371,2020-09-30,2020-Q3,trap,-0.2249,0.3,0.0032605072302558397,0.5283576675433289,-1,0.988500524760777,-0.06140351707329501,-0.0007198949846166786,0.4963945888035748,0.06140351707329501,-0.35,,,,,,0.12021404895778924,,,,,,,,,,,,,,,
MC-QGEN-2022-03-31,QGEN,0001015820,Health Care,8827169371,2022-03-31,2022-Q1,trap,-0.2061,0.28,-0.0018465441176470582,0.33284375744425865,-0.27472527472527475,0.5572207894066034,0.01308182251349714,-0.0018381585966332813,0.7566887133824172,-0.003593907283927786,0.050000000000000044,,,,,,0.11404498959036355,,,,,,,,,,,,,,,
MC-FORFF-2020-09-30,FORFF,,Unknown,8769030416,2020-09-30,2020-Q3,trap,-0.1968,0.3,0.0032605072302558397,0.5283576675433289,,,,,,,,,,,,,,,,,,,,,,,,,,,,
MC-FORFF-2022-03-31,FORFF,,Unknown,8769030416,2022-03-31,2022-Q1,trap,-0.2167,0.28,-0.0018465441176470582,0.33284375744425865,-30.314285714285713,1.9013424275200962e-10,-0.35412628307365146,-0.5227272727272727,4.605170185988091,10.73508532403269,0,,,,,,,,,,,,,,,,,,,,,
MC-BRX-2020-09-30,BRX,0001581068,Real Estate,8761901916,2020-09-30,2020-Q3,winner,0.7776,0.3,0.0032605072302558397,0.5283576675433289,-0.5,0.05803052336643487,-0.07840928046861587,-0.03553751889973203,0.42860368543917077,0.03920464023430793,-0.35,,0.9967626949512508,,,-0.008848010052700894,0.2399168650254508,-0.0694692835867764,0.14860326106818117,STRUCTURAL_STRESS,0.07848101265822782,,,,,,,,,DECELERATING,-0.0694692835867764,-0.003931891726336165
MC-BRX-2022-03-31,BRX,0001581068,Real Estate,8761901916,2022-03-31,2022-Q1,underperform,0.0287,0.28,-0.0018465441176470582,0.33284375744425865,0.21428571428571427,0.44820117653624014,0.17731761971898852,0.10059308190440228,0.589670882986024,0.03799663279692611,0.25,,-9.164432287713497,-10.729728358150581,-14.261865641116184,-0.008168885102099637,0.25388701373440575,0.08107379217732323,0.12388710406442723,STRUCTURAL_STRESS,0.08571428571428569,,,,,,,0.11848585891173602,-0.11848585891173602,ACCELERATING,0.08107379217732323,0.0783269469556171
MC-CFR-2020-09-30,CFR,0000039263,Financials,8760373978,2020-09-30,2020-Q3,mixed,0.4263,0.3,0.0032605072302558397,0.5283576675433289,0.4,0.006549150115425959,0.05467318458925635,-0.002391929222179153,1.020414919412996,0.021869273835702543,0.30000000000000004,,1.083897308510709,1.204548252098813,3.837226153883752,0.0012414656055387489,0.13511016172960422,0.1528630650982633,0.1212194959044188,STRUCTURAL_STRESS,-0.03185840707964602,,,,,,,0.19680913956480742,0.19680913956480742,ACCELERATING,0.1528630650982633,0.08066499755202575
MC-CFR-2022-03-31,CFR,0000039263,Financials,8760373978,2022-03-31,2022-Q1,trap,-0.0954,0.28,-0.0018465441176470582,0.33284375744425865,0.08241758241758242,0.3812484618256015,0.056163274453991434,0.016200897222723665,0.8386332469168678,0.0046288413011531405,0.3999999999999999,,5.249018704208534,-6.333952663731991,0.3669969674401461,3.532092236543766e-05,0.11245801918254837,-0.05078396570734478,0.1212194959044188,STRUCTURAL_STRESS,0,,,,,,,0.2012572486500271,-0.2012572486500271,TROUGH,-0.05078396570734478,0.030822824483219855
MC-CEF-2020-09-30,CEF,,Unknown,8694449546,2020-09-30,2020-Q3,trap,-0.0556,0.3,0.0032605072302558397,0.5283576675433289,13.4,0.0006503878610920172,0.3559399559468337,0.17296046652406882,4.605170185988091,4.769595409687572,0.3999999999999999,,,,,,,,,,,,,,,,,,,,,
MC-CEF-2022-03-31,CEF,,Unknown,8694449546,2022-03-31,2022-Q1,mixed,0.4659,0.28,-0.0018465441176470582,0.33284375744425865,5.384615384615385,0.24130160401337886,-0.4851449900238568,-0.0027398796968000627,4.605170185988091,-2.612319177051537,0,,,,,,,,,,,,,,,,,,,,,
MC-FRHC-2020-09-30,FRHC,0000924805,Financials,8679602226,2020-09-30,2020-Q3,winner,2.534,0.3,0.0032605072302558397,0.5283576675433289,2.5,0.6432261585357266,0.008011219949792056,0.08066683394775531,0.5515006777599061,0.02002804987448014,0.050000000000000044,,1.3512701377469603,2.28816232043048,1.556451730907656,-0.00432749459607533,0.15697973938415719,0.8423359942255949,0.29213002029555923,STRUCTURAL_STRESS,0.03076923076923077,,,,,,,0.6774091512979566,0.6774091512979566,PEAK,0.8423359942255949,-14.552491416406038
MC-FRHC-2022-03-31,FRHC,0000924805,Financials,8679602226,2022-03-31,2022-Q1,winner,1.2176,0.28,-0.0018465441176470582,0.33284375744425865,0.6318681318681318,0.5671068830985665,0.03384354960863907,0.03429570576736103,0.4286377930791154,0.021384660466997215,-0.15000000000000002,,1.392038501611482,1.4879491361578632,1.5558443153768122,-0.010093507375866461,0.16893485880001155,1.460114084300536,0.3518325775624712,STRUCTURAL_STRESS,-0.025000000000000022,,,,,,,0.5698669838169211,0.5698669838169211,PEAK,1.460114084300536,-9.829941356705262
MC-FMCCS-2020-09-30,FMCCS,,Unknown,8665293792,2020-09-30,2020-Q3,trap,-0.7481,0.3,0.0032605072302558397,0.5283576675433289,-3.5,0.016259165312416786,0.03210781125842102,0.011842071010958272,0.7771796805321926,-0.11237733940447357,-0.09999999999999998,,,,,,,,,,,,,,,,,,,,,
MC-FMCCS-2022-03-31,FMCCS,,Unknown,8665293792,2022-03-31,2022-Q1,winner,2.9862,0.28,-0.0018465441176470582,0.33284375744425865,9.659340659340659,0.8712087768565103,-0.1410166605677875,0.2852160753059019,0.9420516339680246,-1.3621279630668703,0.10000000000000009,,,,,,,,,,,,,,,,,,,,,
MC-AGCO-2020-09-30,AGCO,0000880266,Industrials,8647038885,2020-09-30,2020-Q3,winner,0.5926,0.3,0.0032605072302558397,0.5283576675433289,1.9,0.8796728891088195,0.0129441017265183,-0.0569611706226453,1.169636174706718,0.02459379328038477,0.19999999999999996,,3.8413341746852185,,,-0.0050585113689928666,0.09452088405217679,-0.04775010966513513,0.03758467545138854,STRUCTURAL_STRESS,0.0035398230088495575,,,,,,,,,DECELERATING,-0.04775010966513513,-0.04615247793644429
MC-AGCO-2022-03-31,AGCO,0000880266,Industrials,8647038885,2022-03-31,2022-Q1,trap,-0.3661,0.28,-0.0018465441176470582,0.33284375744425865,0.5604395604395604,0.3520443293934467,-0.044149351958632316,-0.06732089154263467,0.6942875966433721,-0.02474304340538734,0.050000000000000044,,-0.39176398912848354,-1.3380629347794455,-1.9270268605971959,-0.003566606064608385,0.09100166142010387,0.23090497577291327,0.03758467545138854,STRUCTURAL_STRESS,0,,,,,,,0.1099036026712888,-0.1099036026712888,ACCELERATING,0.23090497577291327,0.1445077869932323
MC-FMCCJ-2020-09-30,FMCCJ,,Unknown,8632790690,2020-09-30,2020-Q3,trap,-0.748,0.3,0.0032605072302558397,0.5283576675433289,,,-0.3311250587220229,-0.13978019446605106,4.605170185988091,,-0.4,,,,,,,,,,,,,,,,,,,,,
MC-FMCCJ-2022-03-31,FMCCJ,,Unknown,8632790690,2022-03-31,2022-Q1,winner,3.5,0.28,-0.0018465441176470582,0.33284375744425865,-11.20979020979021,0.5561890903672944,-0.1118865157125753,0.40996015600488506,-0.22441166913224475,1.254224368442365,-0.050000000000000044,,,,,,,,,,,,,,,,,,,,,
MC-FCFS-2020-09-30,FCFS,,Unknown,8594063232,2020-09-30,2020-Q3,winner,0.7546,0.3,0.0032605072302558397,0.5283576675433289,-7.5,0.9370258502411806,-0.13899440177505332,0.022471187246877578,0.9642740299009007,1.0424580133128998,-0.19999999999999996,,,,,,,,,,,,,,,,,,,,,
MC-FCFS-2022-03-31,FCFS,,Unknown,8594063232,2022-03-31,2022-Q1,winner,0.7105,0.28,-0.0018465441176470582,0.33284375744425865,1.9835164835164836,0.5108229984097317,-0.14478147563691593,0.10714138036588672,0.8534676092676243,-0.28717644343366294,0.10000000000000009,,,,,,,,,,,,,,,,,,,,,
MC-NFG-2020-09-30,NFG,0000070145,Utilities,8579234607,2020-09-30,2020-Q3,mixed,0.2789,0.3,0.0032605072302558397,0.5283576675433289,0,0.9887826600636281,-0.07568568689941632,-0.018090175366571665,0.8545692108155112,-0.0,-0.15000000000000002,,-0.957865586060963,6.8808893786507985,-0.44593355455738515,-0.001524124677905326,0.14014052780795128,-0.09627252508817744,0.12317684516816589,STRUCTURAL_STRESS,-0.01651376146788991,,,,,,,0.17571671638547884,-0.17571671638547884,TROUGH,-0.09627252508817744,0.10458747900486082
MC-NFG-2022-03-31,NFG,0000070145,Utilities,8579234607,2022-03-31,2022-Q1,underperform,0.1527,0.28,-0.0018465441176470582,0.33284375744425865,0.01098901098901099,0.28730138968298075,-0.006271428899784477,0.0691163479441336,0.8175401563722845,-6.891680109653271e-05,0.050000000000000044,,-3.1666687826148867,-3.5160077582805322,-3.8516593072043523,-0.0005346953296996972,0.11139729968141567,0.1814788067114675,0.0977548288914476,STRUCTURAL_STRESS,-0.02400000000000002,,,,,,,0.1880179016700799,-0.1880179016700799,ACCELERATING,0.1814788067114675,0.023498837471323242
MC-FMCCN-2020-09-30,FMCCN,,Unknown,8574285231,2020-09-30,2020-Q3,trap,-0.7392,0.3,0.0032605072302558397,0.5283576675433289,,,0.17549344874575235,0.3671375593455183,1.483561303708079,,0.1339999999999999,,,,,,,,,,,,,,,,,,,,,
MC-FMCCN-2022-03-31,FMCCN,,Unknown,8574285231,2022-03-31,2022-Q1,winner,3.7521,0.28,-0.0018465441176470582,0.33284375744425865,12.654545454545454,0.9483212874054829,-0.6594234708808897,-0.22432024169184284,0.9243494239173069,-8.34470428605635,-0.15000000000000002,,,,,,,,,,,,,,,,,,,,,
MC-PPC-2020-09-30,PPC,,Unknown,8567225520,2020-09-30,2020-Q3,winner,0.5251,0.3,0.0032605072302558397,0.5283576675433289,44.2,0.06143261141261421,0.03890305475360706,0.020524196537413743,4.605170185988091,1.719515020109432,0.050000000000000044,,,,,,,,,,,,,,,,,,,,,
MC-PPC-2022-03-31,PPC,,Unknown,8567225520,2022-03-31,2022-Q1,winner,1.1717,0.28,-0.0018465441176470582,0.33284375744425865,-1.9285714285714286,0.4579447206315464,-0.022974690684519697,0.09544114336011815,0.3272896665978553,0.044308332034430846,0,,,,,,,,,,,,,,,,,,,,,
MC-PSO-2020-09-30,PSO,,Unknown,8501539396,2020-09-30,2020-Q3,mixed,0.4824,0.3,0.0032605072302558397,0.5283576675433289,-19.5,0.8213253101380628,-0.1630998175708356,-0.2242514511409478,0.38244351966034307,3.180446442631294,-0.35,,,,,,,,,,,,,,,,,,,,,
MC-PSO-2022-03-31,PSO,,Unknown,8501539396,2022-03-31,2022-Q1,winner,0.6058,0.28,-0.0018465441176470582,0.33284375744425865,-2.912087912087912,0.5839843292616814,0.03078796380997542,0.06034321215504943,0.4065551395535814,-0.08965725724882952,0,,,,,,,,,,,,,,,,,,,,,
MC-GIL-2020-09-30,GIL,,Unknown,8463382311,2020-09-30,2020-Q3,mixed,0.424,0.3,0.0032605072302558397,0.5283576675433289,-45.8,0.9750658560633487,0.02480959714808561,0.0543347830363849,0.3392265422112895,-1.1362795493823208,0,,,,,,,,,,,,,,,,,,,,,
MC-GIL-2022-03-31,GIL,,Unknown,8463382311,2022-03-31,2022-Q1,underperform,0.1798,0.28,-0.0018465441176470582,0.33284375744425865,15.489010989010989,0.49406314577000643,-0.029308721246287445,-0.01234301934199327,0.1966229820227551,-0.4539631054576061,0.1499999999999999,,,,,,,,,,,,,,,,,,,,,
MC-FMCCM-2020-09-30,FMCCM,,Unknown,8450774189,2020-09-30,2020-Q3,trap,-0.7466,0.3,0.0032605072302558397,0.5283576675433289,-35.5,4.6024190105944486e-26,0.06755517764867511,0.0603229069920672,0.8268006826473764,-2.3982088065279665,0.10000000000000009,,,,,,,,,,,,,,,,,,,,,
MC-FMCCM-2022-03-31,FMCCM,,Unknown,8450774189,2022-03-31,2022-Q1,winner,3.6154,0.28,-0.0018465441176470582,0.33284375744425865,2.9175824175824174,0.9932737648426205,-0.05463269067990363,-0.026421500460875314,1.7574204083607083,-0.15939537775290563,-0.15000000000000002,,,,,,,,,,,,,,,,,,,,,
MC-PRI-2020-09-30,PRI,0001475922,Financials,8435373462,2020-09-30,2020-Q3,winner,0.7148,0.3,0.0032605072302558397,0.5283576675433289,0.6,0.05433976624916889,0.042256551903755595,0.02665843500853818,0.7832845273894486,0.025353931142253355,0.19999999999999996,,3.8477396750026998,7.142007010661594,8.683724911090069,0.0007756891871774225,0.04393825959750075,0.06415391016275548,0.17891707115573277,STRUCTURAL_STRESS,-0.015533980582524282,,,,,,,0.18330461371796458,-0.18330461371796458,ACCELERATING,0.06415391016275548,0.1268966029969503
MC-PRI-2022-03-31,PRI,0001475922,Financials,8435373462,2022-03-31,2022-Q1,winner,1.0796,0.28,-0.0018465441176470582,0.33284375744425865,0.9285714285714286,0.5886594837642989,0.04220302801982337,0.13938979324936385,0.5363312627993626,0.039188526018407416,0.19999999999999996,,1.8563647119508044,6.4369479110402015,-3.723961440263081,0.00018854672242091058,0.026165112316443313,0.19053637537368848,0.1549870041954743,STRUCTURAL_STRESS,-0.017391304347826098,,,,,,,0.16083181315115405,-0.16083181315115405,ACCELERATING,0.19053637537368848,0.14126254564521415
MC-SBYSF-2020-09-30,SBYSF,,Unknown,8435090501,2020-09-30,2020-Q3,trap,-0.3811,0.3,0.0032605072302558397,0.5283576675433289,,,,,,,,,,,,,,,,,,,,,,,,,,,,
MC-SBYSF-2022-03-31,SBYSF,,Unknown,8435090501,2022-03-31,2022-Q1,trap,-0.7382,0.28,-0.0018465441176470582,0.33284375744425865,1.2303030303030302,0.3644801668712572,-0.0009868331467035567,-2.2855899241848096e-05,0.5213582502378228,-0.0012141038107928606,0.19999999999999996,,,,,,,,,,,,,,,,,,,,,
MC-PSORF-2020-09-30,PSORF,,Unknown,8394937125,2020-09-30,2020-Q3,winner,0.6031,0.3,0.0032605072302558397,0.5283576675433289,-0.4,0.6189763462423336,-0.08581919248790201,0.16058431475199897,4.605170185988091,0.03432767699516081,-0.19999999999999996,,,,,,,,,,,,,,,,,,,,,
MC-PSORF-2022-03-31,PSORF,,Unknown,8394937125,2022-03-31,2022-Q1,winner,0.6819,0.28,-0.0018465441176470582,0.33284375744425865,0.42857142857142855,0.44491024055906003,-0.143016197277075,-0.4256659578548878,1.9628455741918165,-0.06129265597588929,0,,,,,,,,,,,,,,,,,,,,,
MC-CGNX-2020-09-30,CGNX,0000851205,Information Technology,8379475983,2020-09-30,2020-Q3,trap,-0.3481,0.3,0.0032605072302558397,0.5283576675433289,1.2,0.7892820694559883,0.07841549550981326,-0.02620002892794142,4.605170185988091,0.09409859461177592,0.44999999999999996,,0.3871160122137709,-1.4431034515585182,0.5115955193847237,-0.018686173613925113,0.04566952667926971,-0.04413294149277552,0.141797520866822,STRUCTURAL_STRESS,-0.040707964601769925,,,,,,,0.28274079358902693,0.28274079358902693,DECELERATING,-0.04413294149277552,-0.3705655751496264
MC-CGNX-2022-03-31,CGNX,0000851205,Information Technology,8379475983,2022-03-31,2022-Q1,trap,-0.6134,0.28,-0.0018465441176470582,0.33284375744425865,1.2307692307692308,0.6075257911050236,-0.054538454276918426,0.005676171503539808,0.3413301930857508,-0.06712425141774576,0.050000000000000044,,3.7454770203490164,3.4201922022433244,3.0300117311176713,-0.007388257027835449,0.040990067411320386,0.39226745896718196,0.13572392093253288,STRUCTURAL_STRESS,-0.053658536585365874,,,,,,,0.21083148202351176,0.21083148202351176,PEAK,0.39226745896718196,-0.05928227780054615
MC-ICLR-2020-09-30,ICLR,,Unknown,8324417277,2020-09-30,2020-Q3,mixed,0.2887,0.3,0.0032605072302558397,0.5283576675433289,14.1,0.9863416989158797,-0.06844976738699152,-0.08126928556300111,4.605170185988091,-0.9651417201565804,-0.15000000000000002,,,,,,,,,,,,,,,,,,,,,
MC-ICLR-2022-03-31,ICLR,,Unknown,8324417277,2022-03-31,2022-Q1,trap,-0.2805,0.28,-0.0018465441176470582,0.33284375744425865,11.236263736263735,0.6510283098580616,0.005044728773512558,-0.06895330633965546,0.2006499842820489,0.056683902977105384,0,,,,,,,,,,,,,,,,,,,,,
MC-CFG-PE-2020-09-30,CFG-PE,,Unknown,8305602639,2020-09-30,2020-Q3,trap,-0.2435,0.3,0.0032605072302558397,0.5283576675433289,,,,,,,,,,,,,,,,,,,,,,,,,,,,
MC-CFG-PE-2022-03-31,CFG-PE,,Unknown,8305602639,2022-03-31,2022-Q1,trap,-0.1659,0.28,-0.0018465441176470582,0.33284375744425865,,,,,,,,,,,,,,,,,,,,,,,,,,,,
MC-ATR-2020-09-30,ATR,0000896622,Materials,8291298247,2020-09-30,2020-Q3,underperform,0.1046,0.3,0.0032605072302558397,0.5283576675433289,2.3,0.9111472652080284,0.100753170797057,-0.039195798291522685,4.605170185988091,0.2317322928332311,0.44999999999999996,,0.5251426196613876,3.1650159388876373,3.1305170032978076,0.0008243141302490995,0.1847678842047954,-0.011202568174328402,0.14798828838387978,STRUCTURAL_STRESS,-0.0761061946902655,,,,,,,0.1894477709182402,0.1894477709182402,TROUGH,-0.011202568174328402,0.05759370125873043
MC-ATR-2022-03-31,ATR,0000896622,Materials,8291298247,2022-03-31,2022-Q1,mixed,0.2628,0.28,-0.0018465441176470582,0.33284375744425865,-0.4340659340659341,0.3924420331123881,-0.08027983235060568,-0.009431290304103435,1.4335350588650477,0.03484674041592225,-0.30000000000000004,,-0.21006721079137528,2.4936742237217566,-0.4141709709472048,-6.157848430726248e-05,0.1589841007787786,0.10348135435101308,0.14798828838387978,STRUCTURAL_STRESS,-0.04000000000000001,,,,,,,0.1688689935996552,-0.1688689935996552,ACCELERATING,0.10348135435101308,0.07822869450544706
MC-ATHM-2020-09-30,ATHM,,Unknown,8286899987,2020-09-30,2020-Q3,trap,-0.6839,0.3,0.0032605072302558397,0.5283576675433289,-12.1,0.958616416250818,0.022698056740953196,0.008847518052604298,0.6618337109006466,-0.27464648656553364,0.19999999999999996,,,,,,,,,,,,,,,,,,,,,
MC-ATHM-2022-03-31,ATHM,,Unknown,8286899987,2022-03-31,2022-Q1,trap,-0.0885,0.28,-0.0018465441176470582,0.33284375744425865,25.071428571428573,0.5433436473096713,0.054899803279365396,-0.019305440245565256,0.22824849241824793,1.3764164965040897,0.25,,,,,,,,,,,,,,,,,,,,,
MC-ESI-2020-09-30,ESI,0001590714,Materials,8238529960,2020-09-30,2020-Q3,winner,0.8658,0.3,0.0032605072302558397,0.5283576675433289,0.6,0.966576749953054,0.03020779224212118,0.055978689209227495,4.605170185988091,0.01812467534527271,0.3500000000000001,,-4.900045894367043,-5.3467936631332265,-6.888796130691354,0.01803237537514442,0.13393088324526378,-0.05244201234129913,0.25129737120187196,STRUCTURAL_STRESS,-0.01428571428571429,,,,,,,0.37352757806950243,-0.37352757806950243,DECELERATING,-0.05244201234129913,-0.18760604876185386
MC-ESI-2022-03-31,ESI,0001590714,Materials,8238529960,2022-03-31,2022-Q1,underperform,0.0324,0.28,-0.0018465441176470582,0.33284375744425865,0.04395604395604396,0.3324115141003851,0.023423182991127695,0.0202859113150543,1.2655616749408738,0.0010295904611484703,0.19999999999999996,,2.088782575242408,1.7225889361209585,3.1248445263588898,0.01015105066331246,0.13916321748435986,0.3039599672114057,0.1863175031153323,STRUCTURAL_STRESS,0.007317073170731686,,,,,,,0.32346187835222723,-0.32346187835222723,ACCELERATING,0.3039599672114057,0.18411264686645343
MC-BVN-2020-09-30,BVN,,Unknown,8235594835,2020-09-30,2020-Q3,trap,-0.3028,0.3,0.0032605072302558397,0.5283576675433289,24.9,0.9905767878761875,-0.12733743082463572,0.060191350744818545,0.8975188041687938,-3.1707020275334292,-0.19999999999999996,,,,,,,,,,,,,,,,,,,,,
MC-BVN-2022-03-31,BVN,,Unknown,8235594835,2022-03-31,2022-Q1,winner,0.5521,0.28,-0.0018465441176470582,0.33284375744425865,-9.467032967032967,0.2569394074298051,-0.0565788200981954,0.0197434191500774,0.8257517203786701,0.5356335551054433,-0.050000000000000044,,,,,,,,,,,,,,,,,,,,,
MC-FMCCG-2020-09-30,FMCCG,,Unknown,8190750616,2020-09-30,2020-Q3,trap,-0.741,0.3,0.0032605072302558397,0.5283576675433289,8,0.9968598588060207,-0.5053101991016521,-0.06705997517404971,4.605170185988091,-4.042481592813217,-0.30000000000000004,,,,,,,,,,,,,,,,,,,,,
MC-FMCCG-2022-03-31,FMCCG,,Unknown,8190750616,2022-03-31,2022-Q1,winner,3.5781,0.28,-0.0018465441176470582,0.33284375744425865,0.9090909090909091,0.9999429868276782,0.004400748602139837,-0.032867718464486634,2.5244041763174843,0.0040006805473998515,0.19999999999999996,,,,,,,,,,,,,,,,,,,,,
MC-PRS-2020-09-30,PRS,,Unknown,8173860054,2020-09-30,2020-Q3,trap,-0.1223,0.3,0.0032605072302558397,0.5283576675433289,10.6,2.232679983570148e-06,-0.17048367932937158,0.04379336396888342,4.605170185988091,-1.8071270008913387,0.10000000000000009,,,,,,,,,,,,,,,,,,,,,
MC-PRS-2022-03-31,PRS,,Unknown,8173860054,2022-03-31,2022-Q1,trap,-0.1135,0.28,-0.0018465441176470582,0.33284375744425865,-2.087912087912088,0.5761047837602257,-0.01955371592707307,0.18252251097960182,0.3493727682166625,0.040826439847734985,-0.15000000000000002,,,,,,,,,,,,,,,,,,,,,
MC-ALV-2020-09-30,ALV,,Unknown,8168560842,2020-09-30,2020-Q3,mixed,0.3238,0.3,0.0032605072302558397,0.5283576675433289,30.7,0.30200592549304633,0.09104735494064409,0.15605274050134088,1.8487747195688329,2.7951537966777735,0.3999999999999999,,,,,,,,,,,,,,,,,,,,,
MC-ALV-2022-03-31,ALV,,Unknown,8168560842,2022-03-31,2022-Q1,underperform,0.1571,0.28,-0.0018465441176470582,0.33284375744425865,16.346153846153847,0.7079784731968144,-0.028724548634042495,0.08677759035193551,0.5925309536991218,-0.46953589113338695,-0.09999999999999998,,,,,,,,,,,,,,,,,,,,,
MC-TTEK-2020-09-30,TTEK,0000831641,Industrials,8150977365,2020-09-30,2020-Q3,winner,0.5921,0.3,0.0032605072302558397,0.5283576675433289,-1.6,0.9784616519189628,0.04447076845133662,0.037153294688353405,0.4508395512314405,-0.0711532295221386,0,,3.0165654561392077,,,-0.02818777945503387,0.11341706555231479,-0.3421754158998092,0.3523390024097439,STRUCTURAL_STRESS,-0.05321100917431193,,,,,,,,,DECELERATING,-0.3421754158998092,-0.34818117385495584
MC-TTEK-2022-03-31,TTEK,0000831641,Industrials,8150977365,2022-03-31,2022-Q1,trap,-0.1134,0.28,-0.0018465441176470582,0.33284375744425865,-1.3681318681318682,0.5362675765675384,-0.12445501357771874,0.019966223426184253,0.5678857581422345,0.17027087022446136,0.10000000000000009,,-0.6970029928037729,,,-0.02818777945503387,0.10346670218359064,-0.3421754158998092,0.3523390024097439,STRUCTURAL_STRESS,-0.0347107438016529,,,,,,,,,DECELERATING,-0.3421754158998092,-0.34818117385495584
MC-WRB-PE-2020-09-30,WRB-PE,,Unknown,8111645106,2020-09-30,2020-Q3,trap,-0.1478,0.3,0.0032605072302558397,0.5283576675433289,,,,,,,,,,,,,,,,,,,,,,,,,,,,
MC-WRB-PE-2022-03-31,WRB-PE,,Unknown,8111645106,2022-03-31,2022-Q1,trap,-0.1241,0.28,-0.0018465441176470582,0.33284375744425865,,,,,,,,,,,,,,,,,,,,,,,,,,,,
MC-BOKF-2020-09-30,BOKF,0000875357,Financials,8105971226,2020-09-30,2020-Q3,winner,0.5527,0.3,0.0032605072302558397,0.5283576675433289,-0.7,0.003566117461221589,0.0872156753004864,0.015654552142734222,1.5764194930282383,-0.06105097271034048,0.3999999999999999,,,,,,0.12868031191063,,,STRUCTURAL_STRESS,0.08440366972477065,,,,,,,,,,,
MC-BOKF-2022-03-31,BOKF,0000875357,Financials,8105971226,2022-03-31,2022-Q1,underperform,0.1086,0.28,-0.0018465441176470582,0.33284375744425865,0.24175824175824176,0.2544941942264717,-0.07805720502903915,-0.044601946609571674,0.7249822378119081,-0.018870972644383092,0,,,,,,0.11134435939882605,,,STRUCTURAL_STRESS,0.10578512396694212,,,,,,,,,,,
MC-MANH-2020-09-30,MANH,0001056696,Information Technology,8080599356,2020-09-30,2020-Q3,winner,1.07,0.3,0.0032605072302558397,0.5283576675433289,-0.3,0.9993256954391263,0.03290182982906557,-0.0031433074791735946,1.1570762221722215,-0.00987054894871967,0.3500000000000001,,2.0481478386198892,3.025823931163665,-14.94059693769259,-0.0018581213641955974,0.04004600989377852,0.010806652407555947,0.11334711555018769,STRUCTURAL_STRESS,0.09126213592233007,,,,,,,0.0568226151471341,-0.0568226151471341,ACCELERATING,0.010806652407555947,0.07816822841952649
MC-MANH-2022-03-31,MANH,0001056696,Information Technology,8080599356,2022-03-31,2022-Q1,mixed,0.2475,0.28,-0.0018465441176470582,0.33284375744425865,1.4230769230769231,0.516474880673499,0.024300251560736924,0.10815524290775963,0.1379467888629196,0.0345811272210487,0.1499999999999999,,1.2816533265967816,-11.786855943431952,1.4526331510156474,-0.0037516884629672123,0.032373518214214414,0.12712720692336163,0.11280899463867011,STRUCTURAL_STRESS,0.09565217391304348,,,,,,,0.10363200079685092,-0.10363200079685092,ACCELERATING,0.12712720692336163,0.030068722975571432
MC-AXSM-2020-09-30,AXSM,,Unknown,8010448894,2020-09-30,2020-Q3,trap,-0.0191,0.3,0.0032605072302558397,0.5283576675433289,-27,0.8936438918245823,0.0025126754218899334,-0.01024967219901744,0.5346766923626587,-0.0678422363910282,0.19999999999999996,,,,,,,,,,,,,,,,,,,,,
MC-AXSM-2022-03-31,AXSM,,Unknown,8010448894,2022-03-31,2022-Q1,winner,1.8178,0.28,-0.0018465441176470582,0.33284375744425865,4.978021978021978,0.6079635832833198,-0.08524595964923139,-0.0046615983474898905,0.3847968471488995,-0.42435626067144855,-0.35,,,,,,,,,,,,,,,,,,,,,
MC-ADC-2020-09-30,ADC,0000917251,Real Estate,7979303816,2020-09-30,2020-Q3,trap,-0.132,0.3,0.0032605072302558397,0.5283576675433289,0,0.00026052477923071895,0.05691660109400523,0.06031562536559503,0.7000967391018998,0.0,0.10000000000000009,,0.8059119122070885,-0.24042474004443404,0.2869980285431799,-0.0016341872963737314,0.03384283316802378,0.29766871202714706,0.13622986025962652,STRUCTURAL_STRESS,-0.044660194174757306,-887681,0.329,MIXED,-5.948257413549405,434742,1322423,0.1767283731240738,0.1767283731240738,ACCELERATING,0.29766871202714706,0.18485713515827173
MC-ADC-2022-03-31,ADC,0000917251,Real Estate,7979303816,2022-03-31,2022-Q1,underperform,0.1632,0.28,-0.0018465441176470582,0.33284375744425865,0.5,0.5775205355809633,0.11426496155254665,0.11361274804568319,0.34984336439850683,0.05713248077627332,0.19999999999999996,,0.4069135878109398,0.15218359583010121,-1.5026645552593592,-0.0018160873744115214,0.02249096434519577,0.3607563353692213,0.11041012334413781,NATURAL_PROCESS,-0.060869565217391314,-887681,0.329,MIXED,-5.948257413549405,434742,1322423,0.15362997391839792,0.15362997391839792,ACCELERATING,0.3607563353692213,0.17827683855724977
MC-NE-2022-03-31,NE,,Unknown,7932503418,2022-03-31,2022-Q1,trap,-0.3238,0.28,-0.0018465441176470582,0.33284375744425865,-12.904761904761905,0.0018667444846995772,-0.04923225081130962,0.018327866568458258,0.6215912007634625,0.6353304747554718,0.19999999999999996,,,,,,,,,,,,,,,,,,,,,
MC-ONBPP-2020-09-30,ONBPP,,Unknown,7917948047,2020-09-30,2020-Q3,trap,-0.1335,0.3,0.0032605072302558397,0.5283576675433289,,,,,,,,,,,,,,,,,,,,,,,,,,,,
MC-ONBPP-2022-03-31,ONBPP,,Unknown,7917948047,2022-03-31,2022-Q1,trap,-0.0649,0.28,-0.0018465441176470582,0.33284375744425865,,,,,,,,,,,,,,,,,,,,,,,,,,,,
MC-CRUS-2020-09-30,CRUS,0000772406,Information Technology,7902119325,2020-09-30,2020-Q3,underperform,0.0965,0.3,0.0032605072302558397,0.5283576675433289,2.1,0.9844190964986749,0.11139072095121681,0.0012288520398291147,4.605170185988091,0.2339205139975553,0.3999999999999999,,-0.36711671512325234,,,0.006154380998619714,0.07607879779995697,0.02484942614456796,0.214816025024476,STRUCTURAL_STRESS,0.059615384615384626,,,,,,,,,ACCELERATING,0.02484942614456796,0.17492407807473945
MC-CRUS-2022-03-31,CRUS,0000772406,Information Technology,7902119325,2022-03-31,2022-Q1,underperform,0.1754,0.28,-0.0018465441176470582,0.33284375744425865,0.3956043956043956,0.5662572725681074,-0.08732838933012932,-0.0038684935041851734,1.7779295353992317,-0.03454749468005116,0,,6.7008250870480985,8.544268252032142,8.328969528512468,0.0014654335692457997,0.06415374386638542,0.22610498121455724,0.20233424971995592,STRUCTURAL_STRESS,0.04576271186440678,,,,,,,0.08811338882391048,0.08811338882391048,ACCELERATING,0.22610498121455724,0.22442534917737367
MC-SITM-2020-09-30,SITM,,Unknown,7897486418,2020-09-30,2020-Q3,mixed,0.3596,0.3,0.0032605072302558397,0.5283576675433289,-8.4,0.37921451612463813,-0.1389006945841744,-0.117491195793815,1.3256305550467224,1.166765834507065,-0.30000000000000004,,,,,,,,,,,,,,,,,,,,,
MC-SITM-2022-03-31,SITM,,Unknown,7897486418,2022-03-31,2022-Q1,trap,-0.3831,0.28,-0.0018465441176470582,0.33284375744425865,10.423076923076923,0.5789989471380808,-0.2872032128622942,-0.007265963782711771,0.5230257758243901,-2.993541180218528,-0.15000000000000002,,,,,,,,,,,,,,,,,,,,,
MC-NNN-2020-09-30,NNN,0000751364,Real Estate,7895986908,2020-09-30,2020-Q3,underperform,0.0241,0.3,0.0032605072302558397,0.5283576675433289,0.1,0.01294285355604494,-0.013409456793344474,0.005688875154326346,0.5081761542031675,-0.0013409456793344475,0.050000000000000044,,4.5759536211935545,4.451488754729912,3.950575151581174,0.0005668021211756674,0.027600947882071902,0.0444880111961961,0.13383408153532297,STRUCTURAL_STRESS,0.02580645161290321,0,0,NET_SELLING,0,0,0,0.1522174202148321,0.1522174202148321,PEAK,0.0444880111961961,-0.013524593726419065
MC-NNN-2022-03-31,NNN,0000751364,Real Estate,7895986908,2022-03-31,2022-Q1,trap,-0.051,0.28,-0.0018465441176470582,0.33284375744425865,0.054945054945054944,0.38190349726361145,-0.031617526023898675,0.033170285131090924,0.7259060807516619,-0.0017372267046098172,0.050000000000000044,,0.8039150558479634,-4.035615675341297,0.4538069822290883,-1.645729538943432e-05,0.030954141419865022,0.07523501088669146,0.13383408153532297,STRUCTURAL_STRESS,0.03809523809523807,0,0,NET_SELLING,0,0,0,0.15247451942400453,-0.15247451942400453,PEAK,0.07523501088669146,-0.026607034950691305
MC-UGI-2020-09-30,UGI,0000884614,Utilities,7868600529,2020-09-30,2020-Q3,trap,-0.3026,0.3,0.0032605072302558397,0.5283576675433289,-0.1,0.2803498451905776,0.07011040967342377,0.06905700566580948,2.422362305260923,-0.007011040967342378,0.3999999999999999,,2.801568800976103,,,-0.00868182755425335,0.03774932827261888,-0.10748017899196019,0.18752845974528135,STRUCTURAL_STRESS,0.047706422018348627,-5515907,0.323,MIXED,-6.741617013953134,2630148,8146055,,,DECELERATING,-0.10748017899196019,-0.15118205778696722
MC-UGI-2022-03-31,UGI,0000884614,Utilities,7868600529,2022-03-31,2022-Q1,trap,-0.087,0.28,-0.0018465441176470582,0.33284375744425865,0.02197802197802198,0.4924033902205556,-0.12332127116415909,0.033340145317660386,1.5654637066549126,-0.0027103576080034966,-0.050000000000000044,,0.5749596754355226,-1.7096950280530618,-3.8016270822842193,0.005710995923334274,0.02804687310472333,0.2462179536982845,0.10294351046512398,STRUCTURAL_STRESS,0.015999999999999986,-5515907,0.323,MIXED,-6.741617013953134,2630148,8146055,0.18744137138453024,0.18744137138453024,ACCELERATING,0.2462179536982845,0.10215327429081768
MC-ONBPO-2020-09-30,ONBPO,,Unknown,7862733628,2020-09-30,2020-Q3,trap,-0.1285,0.3,0.0032605072302558397,0.5283576675433289,,,,,,,,,,,,,,,,,,,,,,,,,,,,
MC-ONBPO-2022-03-31,ONBPO,,Unknown,7862733628,2022-03-31,2022-Q1,trap,-0.0751,0.28,-0.0018465441176470582,0.33284375744425865,,,,,,,,,,,,,,,,,,,,,,,,,,,,
MC-KNSL-2020-09-30,KNSL,0001669162,Financials,7804444967,2020-09-30,2020-Q3,winner,1.1776,0.3,0.0032605072302558397,0.5283576675433289,1,0.0015717951914756751,0.025196780432280373,-0.0430478323376505,4.605170185988091,0.025196780432280373,0.19999999999999996,,1.0510249623758943,0.19783216622007427,-1.313865647004732,0.00037656415010551176,0.12429575638246669,0.3350853972958656,0.1146267022028028,STRUCTURAL_STRESS,0.10232558139534881,-4730873,0,NET_SELLING,-6.674941381395971,0,4730873,0.0847780202712397,0.0847780202712397,PEAK,0.3350853972958656,-0.1854842560187669
MC-KNSL-2022-03-31,KNSL,0001669162,Financials,7804444967,2022-03-31,2022-Q1,winner,1.1345,0.28,-0.0018465441176470582,0.33284375744425865,0.13736263736263737,0.49970940441997097,-0.018294678402332024,0.026040965799387323,1.114584843274579,-0.002513005275045608,0.19999999999999996,,1.5162710688741057,0.933833052295691,1.3781799622005786,-0.001957405530740728,0.11245422691508289,0.3972548073938107,0.10875191666834227,STRUCTURAL_STRESS,0.0727272727272727,-4730873,0,NET_SELLING,-6.674941381395971,0,4730873,0.15647648420029242,0.15647648420029242,PEAK,0.3972548073938107,-0.021459406619966703
MC-HALO-2020-09-30,HALO,0001159036,Health Care,7794353483,2020-09-30,2020-Q3,mixed,0.4536,0.3,0.0032605072302558397,0.5283576675433289,-1.1,0.869016466952796,0.02457129141295341,0.002052002954838851,1.1903960195752143,-0.027028420554248752,0.19999999999999996,,0.3675607154238472,0.7773536875201368,0.2903681147532545,0.002943880264996752,0.03160830985628453,-0.09449891371563429,0.18741409427214975,STRUCTURAL_STRESS,0.09268292682926826,-20645135,0,NET_SELLING,-7.314817748138548,0,20645135,0.4423608123748835,0.4423608123748835,DECELERATING,-0.09449891371563429,-0.6679229105248841
MC-HALO-2022-03-31,HALO,0001159036,Health Care,7794353483,2022-03-31,2022-Q1,winner,0.6001,0.28,-0.0018465441176470582,0.33284375744425865,0.15934065934065933,0.4207291478202431,-0.030694604352554108,-0.005575015466974543,0.6549286142586388,-0.004890898495736643,0.19999999999999996,,0.4566709968165317,-0.025830484584324576,0.3411348666760242,0.002117672982167803,0.034607794497230934,0.3841131240381742,0.19708821346704558,STRUCTURAL_STRESS,0.026415094339622636,-20645135,0,NET_SELLING,-7.314817748138548,0,20645135,0.4423608123748835,0.4423608123748835,PEAK,0.3841131240381742,-0.6444154082969016
MC-FORM-2020-09-30,FORM,,Unknown,7783730621,2020-09-30,2020-Q3,mixed,0.4015,0.3,0.0032605072302558397,0.5283576675433289,21.3,0.00034537727474486093,0.023165001243780948,-0.01611984859601271,2.0772124375939716,0.4934145264925342,0.050000000000000044,,,,,,,,,,,,,,,,,,,,,
MC-FORM-2022-03-31,FORM,,Unknown,7783730621,2022-03-31,2022-Q1,trap,-0.3269,0.28,-0.0018465441176470582,0.33284375744425865,-6.8901098901098905,0.5721085555627762,-0.048101217177562196,0.10029294160684912,0.18024064121334973,0.33142267220144506,0,,,,,,,,,,,,,,,,,,,,,
MC-SIRI-2020-09-30,SIRI,0000908937,Communication,7774740638,2020-09-30,2020-Q3,trap,-0.1567,0.3,0.0032605072302558397,0.5283576675433289,,0.0001031516927062015,0.017421817799095338,-0.004550179674257655,1.3272409533550718,,0.050000000000000044,,-0.073952714050115,-0.5761594218994028,-0.3625466832312903,-0.007645721332678357,0.03243406764037906,0.07768484550264275,0.10386963346092343,STRUCTURAL_STRESS,-0.05344827586206899,-4845309,0,NET_SELLING,-6.685321568173674,0,4845309,0.05342260138691435,-0.05342260138691435,PEAK,0.07768484550264275,-0.011797203232875614
MC-SIRI-2022-03-31,SIRI,0000908937,Communication,7774740638,2022-03-31,2022-Q1,trap,-0.6594,0.28,-0.0018465441176470582,0.33284375744425865,,0.5758697012014696,-0.0035487484274641934,0.02316736706535281,0.9462994415429831,,0.050000000000000044,,-0.073952714050115,-0.5761594218994028,-0.3625466832312903,-0.007645721332678357,0.029741198026332606,0.07768484550264275,0.10386963346092343,STRUCTURAL_STRESS,-0.03593750000000001,-4845309,0,NET_SELLING,-6.685321568173674,0,4845309,0.05342260138691435,-0.05342260138691435,PEAK,0.07768484550264275,-0.011797203232875614
MC-FR-2020-09-30,FR,0000921825,Real Estate,7701313132,2020-09-30,2020-Q3,underperform,0.1957,0.3,0.0032605072302558397,0.5283576675433289,1.4,0.34562525616722745,0.1401168404393966,-0.07875187168137517,4.605170185988091,0.1961635766151552,0.30000000000000004,,3.260510920524479,4.999650454756583,1.4435165925947093,-0.018077961535052447,0.1727705905726124,0.056849213157347846,0.1113221686147999,STRUCTURAL_STRESS,-0.012500000000000011,-1655496,0,NET_SELLING,-6.218928398084387,0,1655496,0.2653062995271774,-0.2653062995271774,PEAK,0.056849213157347846,-0.14308572550990364
MC-FR-2022-03-31,FR,0000921825,Real Estate,7701313132,2022-03-31,2022-Q1,trap,-0.1284,0.28,-0.0018465441176470582,0.33284375744425865,0.3076923076923077,0.6018401078393639,0.06641563618166443,0.019272750813346076,1.6903211968346452,0.020435580363589056,0.3999999999999999,,-0.23718133551077686,-0.7060544324529765,-1.795896918891136,-0.010595983087944436,0.15581802178186732,0.06588724751022598,0.1113221686147999,NATURAL_PROCESS,-0.026086956521739146,-1655496,0,NET_SELLING,-6.218928398084387,0,1655496,0.16554685120630433,-0.16554685120630433,PEAK,0.06588724751022598,-0.08989005525982091
MC-IDCC-2020-09-30,IDCC,,Unknown,7680555840,2020-09-30,2020-Q3,mixed,0.4062,0.3,0.0032605072302558397,0.5283576675433289,-12.9,0.9928621586410792,0.030032248387788462,0.01490699617341864,0.7949397664650674,-0.3874160042024712,0.19999999999999996,,,,,,,,,,,,,,,,,,,,,
MC-IDCC-2022-03-31,IDCC,,Unknown,7680555840,2022-03-31,2022-Q1,winner,2.2406,0.28,-0.0018465441176470582,0.33284375744425865,-1.478021978021978,0.6580889481992465,0.011702798940147991,0.023136774400428252,1.26824222888073,-0.017296994037911042,0.19999999999999996,,,,,,,,,,,,,,,,,,,,,
MC-FCELB-2020-09-30,FCELB,,Unknown,7668643125,2020-09-30,2020-Q3,underperform,0.0241,0.3,0.0032605072302558397,0.5283576675433289,,,-2.2120535714285716,-0.07833333333333314,,,-0.8,,,,,,,,,,,,,,,,,,,,,
MC-FCELB-2022-03-31,FCELB,,Unknown,7668643125,2022-03-31,2022-Q1,trap,-0.3852,0.28,-0.0018465441176470582,0.33284375744425865,12.942857142857143,0.29729165640321137,-0.5884615384615384,1.575,,-7.616373626373625,0.266,,,,,,,,,,,,,,,,,,,,,
MC-ARWR-2020-09-30,ARWR,,Unknown,7662982263,2020-09-30,2020-Q3,trap,-0.376,0.3,0.0032605072302558397,0.5283576675433289,37.6,0.9882683102286179,0.021562855094739215,-0.00977028396116421,0.6174561638649309,0.8107633515621945,0.19999999999999996,,,,,,,,,,,,,,,,,,,,,
MC-ARWR-2022-03-31,ARWR,,Unknown,7662982263,2022-03-31,2022-Q1,trap,-0.723,0.28,-0.0018465441176470582,0.33284375744425865,5.758241758241758,0.3255086190237297,-0.08263005181134471,0.0020709272334406385,0.776583920158434,-0.4758038148257651,0.25,,,,,,,,,,,,,,,,,,,,,
MC-ZWS-2020-09-30,ZWS,,Unknown,7620221065,2020-09-30,2020-Q3,winner,0.9499,0.3,0.0032605072302558397,0.5283576675433289,,,,,,,,,,,,,,,,,,,,,,,,,,,,
MC-ZWS-2022-03-31,ZWS,,Unknown,7620221065,2022-03-31,2022-Q1,trap,-0.0684,0.28,-0.0018465441176470582,0.33284375744425865,,,-0.20229751819735575,-0.0016992201173387234,0.9029125305371026,,-0.19999999999999996,,,,,,,,,,,,,,,,,,,,,
MC-REXR-2020-09-30,REXR,0001571283,Real Estate,7579812077,2020-09-30,2020-Q3,underperform,0.0785,0.3,0.0032605072302558397,0.5283576675433289,-2.4,0.8452403405933971,-0.28878032480118243,0.05832862159628206,0.07203251277555696,0.6930727795228379,-0.35,,0.7761878409118612,-1.743658741439548,-1.4723484331633636,0.0035658566416757486,0.01940995269305977,0.2650890087810539,0.10076834567882766,STRUCTURAL_STRESS,-0.0035714285714285865,-9733413,0,NET_SELLING,-6.988265196003725,0,9733413,0.17147470005233775,0.17147470005233775,PEAK,0.2650890087810539,-0.5407133260772854
MC-REXR-2022-03-31,REXR,0001571283,Real Estate,7579812077,2022-03-31,2022-Q1,trap,-0.4751,0.28,-0.0018465441176470582,0.33284375744425865,-0.3626373626373626,0.46564630911257554,-0.08215472545535561,-0.0858173609481476,0.3812608193186404,0.029792372967326758,-0.35,,0.534326271799796,-0.665701436938274,-0.40122342159593694,0.0013030631311559961,0.008885720822685838,0.3497093661354985,0.10076834567882766,STRUCTURAL_STRESS,-0.00882352941176473,-9733413,0,NET_SELLING,-6.988265196003725,0,9733413,0.16021916313685436,0.16021916313685436,PEAK,0.3497093661354985,-0.42719524591437164
MC-IDA-2020-09-30,IDA,0001057877,Utilities,7534111434,2020-09-30,2020-Q3,underperform,0.1721,0.3,0.0032605072302558397,0.5283576675433289,0.7,0.058535993614838445,0.06072542873860336,0.006664361691285051,0.9045463709646978,0.04250780011702235,0.3999999999999999,,2.7437946710233097,3.4369332128946333,5.453505315917749,-0.004238180935661474,0.031911809207239,-0.08431139862680351,0.14297030503459987,STRUCTURAL_STRESS,0.04778761061946901,,,,,,,0.1899754838034609,-0.1899754838034609,DECELERATING,-0.08431139862680351,-0.0880408754840453
MC-IDA-2022-03-31,IDA,0001057877,Utilities,7534111434,2022-03-31,2022-Q1,underperform,0.0075,0.28,-0.0018465441176470582,0.33284375744425865,-0.04945054945054945,0.54396910349869,-0.039078704842451836,-0.06353809487600451,0.4294929903673204,0.0019324634262750907,-0.15000000000000002,,2.237808215560754,6.752728309281677,9.654298195197576,-0.004696356851218614,0.03041187569677812,0.09605175972954887,0.13072140997802584,STRUCTURAL_STRESS,0.03999999999999998,,,,,,,0.18891110766241226,-0.18891110766241226,PEAK,0.09605175972954887,-0.008588321050560534
MC-FRO-2020-09-30,FRO,,Unknown,7473450316,2020-09-30,2020-Q3,winner,1.8892,0.3,0.0032605072302558397,0.5283576675433289,-66,0.964677000033395,0.00368885552473622,-0.035335791457814715,0.19103835656010576,-0.24346446463259053,0,,,,,,,,,,,,,,,,,,,,,
MC-FRO-2022-03-31,FRO,,Unknown,7473450316,2022-03-31,2022-Q1,winner,0.6875,0.28,-0.0018465441176470582,0.33284375744425865,2.197802197802198,0.5915992602506268,0.05237988455741993,-0.005670449143415638,0.3025818468521313,0.11512062540092294,0.25,,,,,,,,,,,,,,,,,,,,,
MC-ARW-2020-09-30,ARW,0000007536,Information Technology,7473160968,2020-09-30,2020-Q3,winner,0.5922,0.3,0.0032605072302558397,0.5283576675433289,-0.9,0.08485294272190198,0.025260368058743793,0.058743220484421266,2.086996299796351,-0.022734331252869413,0.050000000000000044,,0.21439986927688715,-1.5570444815612854,-1.082815569899503,0.011305033945137747,0.03176699698334334,-0.07529116032119508,0.04349862316837709,STRUCTURAL_STRESS,0.021238938053097345,-8584306,0,NET_SELLING,-6.933705240880286,0,8584306,0.4270810975019215,-0.4270810975019215,DECELERATING,-0.07529116032119508,-0.6959780804916701
MC-ARW-2022-03-31,ARW,0000007536,Information Technology,7473160968,2022-03-31,2022-Q1,trap,-0.1248,0.28,-0.0018465441176470582,0.33284375744425865,-0.4065934065934066,0.6279407314674021,-0.028878920316384595,0.049966244093834995,0.9406689994746882,0.01174197859017835,-0.09999999999999998,,6.735330932911295,1.8573077611300315,2.5958787910243606,0.005238864508114221,0.030107006418929185,0.27017923548189177,0.0458736247312191,STRUCTURAL_STRESS,0.01951219512195121,-8584306,0,NET_SELLING,-6.933705240880286,0,8584306,0.2894215262102372,0.2894215262102372,PEAK,0.27017923548189177,-0.40066127013930075
MC-CSAN-2022-03-31,CSAN,,Unknown,7466283728,2022-03-31,2022-Q1,trap,-0.7364,0.28,-0.0018465441176470582,0.33284375744425865,-12.857142857142858,0.16486611519895983,0.006519125690909474,-0.008063520881122664,0.7476592967354597,-0.08381733031169325,0.050000000000000044,,,,,,,,,,,,,,,,,,,,,
MC-HBM-2020-09-30,HBM,,Unknown,7432627158,2020-09-30,2020-Q3,underperform,0.1513,0.3,0.0032605072302558397,0.5283576675433289,13.3,0.004038570089864534,0.01094030178515562,0.04511447982894383,4.149216386139428,0.14550601374256977,0.19999999999999996,,,,,,,,,,,,,,,,,,,,,
MC-HBM-2022-03-31,HBM,,Unknown,7432627158,2022-03-31,2022-Q1,trap,-0.0331,0.28,-0.0018465441176470582,0.33284375744425865,1.6703296703296704,0.6659930608721949,-0.32611109525237864,-0.2018870648887671,1.1072330252600078,-0.5447130382237534,-0.30000000000000004,,,,,,,,,,,,,,,,,,,,,
MC-PSEC-PA-2022-03-31,PSEC-PA,,Unknown,7358421341,2022-03-31,2022-Q1,trap,-0.1999,0.28,-0.0018465441176470582,0.33284375744425865,,,,,,,,,,,,,,,,,,,,,,,,,,,,
MC-AAVXF-2020-09-30,AAVXF,,Unknown,7326177446,2020-09-30,2020-Q3,trap,-0.1816,0.3,0.0032605072302558397,0.5283576675433289,,,,,,,,,,,,,,,,,,,,,,,,,,,,
MC-AAVXF-2022-03-31,AAVXF,,Unknown,7326177446,2022-03-31,2022-Q1,trap,-0.7301,0.28,-0.0018465441176470582,0.33284375744425865,-13.983333333333333,2.421264976033016e-12,-0.3788461538461539,0.021153846153846134,4.605170185988091,5.297532051282052,0.25,,,,,,,,,,,,,,,,,,,,,
MC-HQY-2020-09-30,HQY,,Unknown,7266664160,2020-09-30,2020-Q3,mixed,0.422,0.3,0.0032605072302558397,0.5283576675433289,-26.6,0.9565971788729957,-0.09943246985705075,-0.021064557323134385,4.605170185988091,2.64490369819755,-0.30000000000000004,,,,,,,,,,,,,,,,,,,,,
MC-HQY-2022-03-31,HQY,,Unknown,7266664160,2022-03-31,2022-Q1,mixed,0.3103,0.28,-0.0018465441176470582,0.33284375744425865,-1.3516483516483517,0.3224706941593134,0.002305071760079283,-0.0027269095668197504,0.9383263465078505,-0.003115646444942328,0.050000000000000044,,,,,,,,,,,,,,,,,,,,,
MC-SYF-PA-2020-09-30,SYF-PA,,Unknown,7265728157,2020-09-30,2020-Q3,trap,-0.3477,0.3,0.0032605072302558397,0.5283576675433289,,,,,,,,,,,,,,,,,,,,,,,,,,,,
MC-SYF-PA-2022-03-31,SYF-PA,,Unknown,7265728157,2022-03-31,2022-Q1,trap,-0.2763,0.28,-0.0018465441176470582,0.33284375744425865,,,,,,,,,,,,,,,,,,,,,,,,,,,,
MC-CAMT-2020-09-30,CAMT,,Unknown,7265526085,2020-09-30,2020-Q3,winner,3.0481,0.3,0.0032605072302558397,0.5283576675433289,-54.8,0.992913793926636,0.02742594266996423,0.11242368076710263,-0.07992989687568909,-1.5029416583140398,-0.09999999999999998,,,,,,,,,,,,,,,,,,,,,
MC-CAMT-2022-03-31,CAMT,,Unknown,7265526085,2022-03-31,2022-Q1,winner,0.9248,0.28,-0.0018465441176470582,0.33284375744425865,4.983516483516484,0.678527995046161,0.042821894216582085,-0.0500011494611769,0.6712678961337647,0.213403615683736,0.050000000000000044,,,,,,,,,,,,,,,,,,,,,
MC-KRYS-2020-09-30,KRYS,,Unknown,7241847833,2020-09-30,2020-Q3,winner,1.6945,0.3,0.0032605072302558397,0.5283576675433289,-11.3,0.00514418424076245,-0.026588436099569596,-0.01469290227817943,1.434772605691609,0.30044932792513646,-0.09999999999999998,,,,,,,,,,,,,,,,,,,,,
MC-KRYS-2022-03-31,KRYS,,Unknown,7241847833,2022-03-31,2022-Q1,winner,1.7096,0.28,-0.0018465441176470582,0.33284375744425865,8.175824175824175,0.5386444479415093,-0.1114862923599811,-0.048654507108417455,0.6641451274178027,-0.9114923243497355,-0.15000000000000002,,,,,,,,,,,,,,,,,,,,,
MC-VAL-2022-03-31,VAL,,Unknown,7241032733,2022-03-31,2022-Q1,trap,-0.2446,0.28,-0.0018465441176470582,0.33284375744425865,22.61904761904762,0.0008148993795259431,0.03040160791057853,0.01674141081343907,0.9156196579540556,0.6876554170249906,0.19999999999999996,,,,,,,,,,,,,,,,,,,,,
MC-AL-2020-09-30,AL,0001487712,Industrials,7208312068,2020-09-30,2020-Q3,mixed,0.3396,0.3,0.0032605072302558397,0.5283576675433289,-5.3,0.0550700469657382,-0.03532075499797903,-0.03190749101658659,0.3555960294448197,0.18720000148928884,0,,0.08531788331702767,-7.152886337843053,0.6815662178461974,0.0011871924560084477,0.017569739928219495,0.10979229906626523,0.1552743456625216,STRUCTURAL_STRESS,0.0038834951456310496,,,,,,,0.22449842245839424,0.22449842245839424,PEAK,0.10979229906626523,-4.963449332154588
MC-AL-2022-03-31,AL,0001487712,Industrials,7208312068,2022-03-31,2022-Q1,underperform,0.082,0.28,-0.0018465441176470582,0.33284375744425865,0.510989010989011,0.5710771396719657,0.07372812254397228,0.03624663187932975,0.5718406278770827,0.037674260420821,0.3999999999999999,,0.7382873688880552,-0.5937387168914575,2.144939985887392,0.00032665434774377595,0.008124973180054574,0.05145770468055726,0.1552743456625216,STRUCTURAL_STRESS,0.03478260869565217,,,,,,,0.2175079716295082,0.2175079716295082,PEAK,0.05145770468055726,-4.334463000754697
MC-NGD-2020-09-30,NGD,,Unknown,7181648644,2020-09-30,2020-Q3,trap,-0.4647,0.3,0.0032605072302558397,0.5283576675433289,68.2,0.1300079664820445,0.04725965057109539,-0.028237217125586855,1.3566332535074919,3.223108168948706,0.19999999999999996,,,,,,,,,,,,,,,,,,,,,
MC-NGD-2022-03-31,NGD,,Unknown,7181648644,2022-03-31,2022-Q1,winner,1.0611,0.28,-0.0018465441176470582,0.33284375744425865,10.989010989010989,0.3955565911764528,0.22576123069433712,0.10707405524214504,0.9564842223291073,2.4808926449927156,0.25,,,,,,,,,,,,,,,,,,,,,
MC-INGR-2020-09-30,INGR,0001046257,Consumer Staples,7177270338,2020-09-30,2020-Q3,mixed,0.3002,0.3,0.0032605072302558397,0.5283576675433289,0.8,0.23265565345044736,-0.012035270192703966,0.007160220330054923,4.605170185988091,-0.009628216154163174,0.050000000000000044,,1.2286893152837204,1.5354134673588415,2.9647738544668023,-0.00654228685966507,0.07372113384571756,0.04554758710348538,0.1206697078794668,STRUCTURAL_STRESS,0.030088495575221225,-103291,0,NET_SELLING,-5.014066686569023,0,103291,0.08017713011775338,-0.08017713011775338,ACCELERATING,0.04554758710348538,0.01601787998934204
MC-INGR-2022-03-31,INGR,0001046257,Consumer Staples,7177270338,2022-03-31,2022-Q1,winner,0.5515,0.28,-0.0018465441176470582,0.33284375744425865,0.35714285714285715,0.5469131179424543,-0.2199243524813643,-0.062436132703895156,0.3582861690598395,-0.07854441160048725,-0.050000000000000044,,1.7291443951417145,5.380998946644316,2.984418221461767,-0.005397209117318819,0.0697818326052422,0.16516134889964457,0.10386592332363066,STRUCTURAL_STRESS,0.023999999999999994,-103291,0,NET_SELLING,-5.014066686569023,0,103291,0.11411782149877954,-0.11411782149877954,ACCELERATING,0.16516134889964457,0.08477691165976362
MC-ESE-2020-09-30,ESE,,Unknown,7164529068,2020-09-30,2020-Q3,mixed,0.2964,0.3,0.0032605072302558397,0.5283576675433289,38.6,0.3335196966130303,0.07087120864869428,0.08778928089973136,3.7679077474668023,2.7356286538395995,0.3999999999999999,,,,,,,,,,,,,,,,,,,,,
MC-ESE-2022-03-31,ESE,,Unknown,7164529068,2022-03-31,2022-Q1,winner,1.2757,0.28,-0.0018465441176470582,0.33284375744425865,7.565934065934066,0.610409952687382,-0.19110425385517754,0.006838511687385904,1.128080979328649,-1.4458821843877994,-0.050000000000000044,,,,,,,,,,,,,,,,,,,,,
MC-DQ-2020-09-30,DQ,,Unknown,7095729853,2020-09-30,2020-Q3,underperform,0.119,0.3,0.0032605072302558397,0.5283576675433289,13.8,0.6332674983002762,-0.15695465157335473,-0.19163742025047575,0.49858296455425627,-2.165974191712295,-0.19999999999999996,,,,,,,,,,,,,,,,,,,,,
MC-DQ-2022-03-31,DQ,,Unknown,7095729853,2022-03-31,2022-Q1,trap,-0.5617,0.28,-0.0018465441176470582,0.33284375744425865,1.4175824175824177,0.5077066629345548,0.07285444021491957,-0.03584726665649738,1.0365229872916752,0.1032771734914794,0,,,,,,,,,,,,,,,,,,,,,
MC-COF-PI-2020-09-30,COF-PI,,Unknown,7092695328,2020-09-30,2020-Q3,trap,-0.2536,0.3,0.0032605072302558397,0.5283576675433289,,,,,,,,,,,,,,,,,,,,,,,,,,,,
MC-COF-PI-2022-03-31,COF-PI,,Unknown,7092695328,2022-03-31,2022-Q1,trap,-0.1773,0.28,-0.0018465441176470582,0.33284375744425865,,,,,,,,,,,,,,,,,,,,,,,,,,,,
MC-MLCO-2020-09-30,MLCO,,Unknown,7059268580,2020-09-30,2020-Q3,trap,-0.406,0.3,0.0032605072302558397,0.5283576675433289,3.7,0.024101104268477197,0.03929609411606209,0.014988774376690543,4.605170185988091,0.14539554822942974,-0.09999999999999998,,,,,,,,,,,,,,,,,,,,,
MC-MLCO-2022-03-31,MLCO,,Unknown,7059268580,2022-03-31,2022-Q1,trap,-0.3102,0.28,-0.0018465441176470582,0.33284375744425865,-4.027472527472527,0.6110210215233236,0.038114171346661015,0.02650157761555779,0.37407577546420434,-0.15350377800605783,0,,,,,,,,,,,,,,,,,,,,,
MC-U-2020-09-30,U,0001810806,Information Technology,7017552969,2020-09-30,2020-Q3,trap,-0.6404,0.3,0.0032605072302558397,0.5283576675433289,,,,,,,,,,,,,,,,,,,,,,,,,,,,
MC-U-2022-03-31,U,0001810806,Information Technology,7017552969,2022-03-31,2022-Q1,trap,-0.8025,0.28,-0.0018465441176470582,0.33284375744425865,-0.13333333333333333,0.6751248797807324,-0.059830174277269575,-0.00782708581787004,0.8911255635717306,0.00797735657030261,-0.44999999999999996,,0.3867759291235427,,,0.020050205004210862,0.358322286322632,0.42186596428561546,0.07723643936035252,STRUCTURAL_STRESS,-0.06666666666666668,,,,,,,,,ACCELERATING,0.42186596428561546,0.12356303917425976
MC-CTRE-2020-09-30,CTRE,,Unknown,6994158838,2020-09-30,2020-Q3,underperform,0.1517,0.3,0.0032605072302558397,0.5283576675433289,24.9,0.991524242029014,0.07817943206304596,0.07955961689609387,4.605170185988091,1.9466678583698445,0.55,,,,,,,,,,,,,,,,,,,,,
MC-CTRE-2022-03-31,CTRE,,Unknown,6994158838,2022-03-31,2022-Q1,winner,0.4808,0.28,-0.0018465441176470582,0.33284375744425865,-3.17032967032967,0.5010935771969576,-0.1466708405499308,0.01224847331253151,0.8333473237121429,0.4649949175676377,-0.050000000000000044,,,,,,,,,,,,,,,,,,,,,
MC-WFRD-2022-03-31,WFRD,0001603923,Energy,6988881108,2022-03-31,2022-Q1,winner,0.6081,0.28,-0.0018465441176470582,0.33284375744425865,0.2,0.06095075144442351,-0.15560177117092167,-0.0639366177608013,0.9896907562909868,-0.031120354234184334,-0.15000000000000002,,0.47283056728816303,0.8390464594257281,0.7753155868045467,-0.024786890601785263,0.1015067737182432,0.16813309724875253,0.271470519274309,STRUCTURAL_STRESS,0.00512820512820511,-6077259,0,NET_SELLING,-6.783707816921586,0,6077259,0.33521651220632215,-0.33521651220632215,ACCELERATING,0.16813309724875253,0.07812542759492866
MC-TKR-2020-09-30,TKR,0000098362,Industrials,6934311073,2020-09-30,2020-Q3,mixed,0.3554,0.3,0.0032605072302558397,0.5283576675433289,0.4,0.5242377287592089,-0.0320347945997663,-0.03248174736159094,4.605170185988091,-0.01281391783990652,0.050000000000000044,,0.5331656865052409,-0.30534703345452585,5.214194000332187,-0.01935980477144385,0.04328681635464711,-0.05520858375216002,0.1157259413185857,STRUCTURAL_STRESS,-0.12035398230088497,,,,,,,0.2579573541698399,-0.2579573541698399,DECELERATING,-0.05520858375216002,-0.3826950168045632
MC-TKR-2022-03-31,TKR,0000098362,Industrials,6934311073,2022-03-31,2022-Q1,mixed,0.184,0.28,-0.0018465441176470582,0.33284375744425865,-0.14285714285714285,0.395144083337938,-0.10403048947351923,0.0016249042053832902,1.9075125085323654,0.014861498496217032,0.10000000000000009,,1.0711791300534401,4.577513891171181,5.704760609703728,-0.010705478266013327,0.03112135049614314,0.16867646363159522,0.10371258081114926,STRUCTURAL_STRESS,-0.128,,,,,,,0.1857341869291953,-0.1857341869291953,PEAK,0.16867646363159522,-0.23116630041855993
MC-ONB-2020-09-30,ONB,,Unknown,6931326604,2020-09-30,2020-Q3,underperform,0.1576,0.3,0.0032605072302558397,0.5283576675433289,23.4,0.03912251795239393,0.06926010333427715,0.0017487354460348006,1.961205927256846,1.6206864180220852,0.3999999999999999,,,,,,,,,,,,,,,,,,,,,
MC-ONB-2022-03-31,ONB,,Unknown,6931326604,2022-03-31,2022-Q1,mixed,0.2937,0.28,-0.0018465441176470582,0.33284375744425865,5.725274725274725,0.25094298260498643,0.027267586587766388,0.026566894726163123,0.5578734807219858,0.156114424310179,-0.09999999999999998,,,,,,,,,,,,,,,,,,,,,
MC-NICE-2020-09-30,NICE,,Unknown,6920165554,2020-09-30,2020-Q3,trap,-0.2512,0.3,0.0032605072302558397,0.5283576675433289,9.2,0.21136159442311164,-0.036588911496808214,-0.026196267176862964,2.5683486709104146,-0.33661798577063556,0.050000000000000044,,,,,,,,,,,,,,,,,,,,,
MC-NICE-2022-03-31,NICE,,Unknown,6920165554,2022-03-31,2022-Q1,trap,-0.296,0.28,-0.0018465441176470582,0.33284375744425865,0.2032967032967033,0.5139023433866433,-0.0003856340410015799,0.00904106911710786,1.083377638511993,-7.83981292146069e-05,0.050000000000000044,,,,,,,,,,,,,,,,,,,,,
MC-NCSYF-2020-09-30,NCSYF,,Unknown,6894232887,2020-09-30,2020-Q3,underperform,0.0864,0.3,0.0032605072302558397,0.5283576675433289,-0.1,4.8813900247797e-48,-0.07001906445229994,-0.5629358140743086,4.605170185988091,0.007001906445229994,0,,,,,,,,,,,,,,,,,,,,,
MC-NCSYF-2022-03-31,NCSYF,,Unknown,6894232887,2022-03-31,2022-Q1,trap,-0.4321,0.28,-0.0018465441176470582,0.33284375744425865,0.7472527472527473,2.4574197271216813e-07,-0.35710063900366507,-0.22206110909858817,4.605170185988091,-0.2668444335412003,-0.15000000000000002,,,,,,,,,,,,,,,,,,,,,
MC-FMCKJ-2020-09-30,FMCKJ,,Unknown,6825625307,2020-09-30,2020-Q3,trap,-0.7618,0.3,0.0032605072302558397,0.5283576675433289,-47.6,0.19881136439830144,0.01608693875631919,0.01818538029312619,1.8339278650662285,-0.7657382848007934,0.050000000000000044,,,,,,,,,,,,,,,,,,,,,
MC-FMCKJ-2022-03-31,FMCKJ,,Unknown,6825625307,2022-03-31,2022-Q1,winner,2.7387,0.28,-0.0018465441176470582,0.33284375744425865,-4.736263736263736,0.5372425452615182,-0.08191023357770956,0.012975679991108116,0.6666369455921881,0.387948468922998,0.25,,,,,,,,,,,,,,,,,,,,,
MC-ALL-PB-2020-09-30,ALL-PB,,Unknown,6819120094,2020-09-30,2020-Q3,trap,-0.0081,0.3,0.0032605072302558397,0.5283576675433289,,,,,,,,,,,,,,,,,,,,,,,,,,,,
MC-ALL-PB-2022-03-31,ALL-PB,,Unknown,6819120094,2022-03-31,2022-Q1,underperform,0.046,0.28,-0.0018465441176470582,0.33284375744425865,,,,,,,,,,,,,,,,,,,,,,,,,,,,
MC-CMSC-2020-09-30,CMSC,,Unknown,6818493548,2020-09-30,2020-Q3,trap,-0.1464,0.3,0.0032605072302558397,0.5283576675433289,32.7,0.8123580825744601,-0.06340132134402769,-0.12317828588390846,1.0047090661557714,-2.0732232079497055,-0.15000000000000002,,,,,,,,,,,,,,,,,,,,,
MC-CMSC-2022-03-31,CMSC,,Unknown,6818493548,2022-03-31,2022-Q1,trap,-0.1321,0.28,-0.0018465441176470582,0.33284375744425865,22.65934065934066,0.7301181588502657,-5.49799236976027,-5.5907971145264135,0.41279003142044174,-124.58088204885361,-0.19999999999999996,,,,,,,,,,,,,,,,,,,,,
MC-CMSD-2020-09-30,CMSD,,Unknown,6797578015,2020-09-30,2020-Q3,trap,-0.1438,0.3,0.0032605072302558397,0.5283576675433289,13.1,0.9999967691003071,-1.7801557161467805,-0.2950341586276817,4.605170185988091,-23.320039881522824,-0.15000000000000002,,,,,,,,,,,,,,,,,,,,,
MC-CMSD-2022-03-31,CMSD,,Unknown,6797578015,2022-03-31,2022-Q1,trap,-0.1125,0.28,-0.0018465441176470582,0.33284375744425865,5.252747252747253,0.4349322027453946,-2.206008789567039,-0.6994300940040439,0.8363756593778213,-11.587606608934557,-0.30000000000000004,,,,,,,,,,,,,,,,,,,,,
MC-STAG-2020-09-30,STAG,0001479094,Real Estate,6776032389,2020-09-30,2020-Q3,underperform,0.1318,0.3,0.0032605072302558397,0.5283576675433289,4.5,0.034803936234542344,0.1632730625900057,-0.052906651095449966,0.4601278734635321,0.7347287816550256,0.25,,0.4514146027124274,,,0.02466044877464391,0.0707418418525502,0.20555126837543014,0.08555427911484002,STRUCTURAL_STRESS,,-2544399,0,NET_SELLING,-6.4055853869044945,0,2544399,,,ACCELERATING,0.20555126837543014,0.132929760977114
MC-STAG-2022-03-31,STAG,0001479094,Real Estate,6776032389,2022-03-31,2022-Q1,trap,-0.1265,0.28,-0.0018465441176470582,0.33284375744425865,0.6593406593406593,0.41711074634386375,-0.030025456258268732,0.03540000100182089,0.3814107184274094,-0.019797004126331032,0,,0.41783247653902583,0.1138036960662765,0.2682403665922627,0.004445920098558872,0.044343135537601226,0.16934764956290083,0.08596248770946514,STRUCTURAL_STRESS,,-2544399,0,NET_SELLING,-6.4055853869044945,0,2544399,0.22325308429970042,-0.22325308429970042,ACCELERATING,0.16934764956290083,0.07311234732368098
MC-EGO-2020-09-30,EGO,,Unknown,6771416821,2020-09-30,2020-Q3,trap,-0.1555,0.3,0.0032605072302558397,0.5283576675433289,1.8,0.9989154210940252,-0.10279917897322438,-0.11524272054499851,1.455228102994703,-0.18503852215180389,-0.30000000000000004,,,,,,,,,,,,,,,,,,,,,
MC-EGO-2022-03-31,EGO,,Unknown,6771416821,2022-03-31,2022-Q1,winner,0.5004,0.28,-0.0018465441176470582,0.33284375744425865,-1.3571428571428572,0.6133781869769596,0.03507052422118864,0.02797149943465571,0.2766087115896051,-0.047595711443041734,0.1499999999999999,,,,,,,,,,,,,,,,,,,,,
MC-CMC-2020-09-30,CMC,,Unknown,6759397141,2020-09-30,2020-Q3,winner,1.473,0.3,0.0032605072302558397,0.5283576675433289,11.7,0.997803923455597,0.09491110855862897,0.011559729963357652,3.164224855660942,1.110459970135959,0.55,,,,,,,,,,,,,,,,,,,,,
MC-CMC-2022-03-31,CMC,,Unknown,6759397141,2022-03-31,2022-Q1,underperform,0.1055,0.28,-0.0018465441176470582,0.33284375744425865,16.439560439560438,0.28793720919530924,-0.11014786764759876,0.043411605215900276,0.26432487818312,-1.8107825274814036,0.19999999999999996,,,,,,,,,,,,,,,,,,,,,
MC-AKTX-2020-09-30,AKTX,,Unknown,6754134521,2020-09-30,2020-Q3,trap,-0.8865,0.3,0.0032605072302558397,0.5283576675433289,14,0.27169358597211285,-0.039077556469336805,0.11518511536647555,0.2811757493850651,-0.5470857905707153,-0.15000000000000002,,,,,,,,,,,,,,,,,,,,,
MC-AKTX-2022-03-31,AKTX,,Unknown,6754134521,2022-03-31,2022-Q1,trap,-0.9483,0.28,-0.0018465441176470582,0.33284375744425865,10.81868131868132,0.5181891774018734,-0.060741328001488834,0.0030514323964267315,1.1521624879890704,-0.6571410705216018,0.25,,,,,,,,,,,,,,,,,,,,,
MC-COF-PJ-2020-09-30,COF-PJ,,Unknown,6734247088,2020-09-30,2020-Q3,trap,-0.2756,0.3,0.0032605072302558397,0.5283576675433289,,,,,,,,,,,,,,,,,,,,,,,,,,,,
MC-COF-PJ-2022-03-31,COF-PJ,,Unknown,6734247088,2022-03-31,2022-Q1,trap,-0.1777,0.28,-0.0018465441176470582,0.33284375744425865,,,,,,,,,,,,,,,,,,,,,,,,,,,,
MC-SLAB-2020-09-30,SLAB,,Unknown,6711923429,2020-09-30,2020-Q3,underperform,0.1844,0.3,0.0032605072302558397,0.5283576675433289,-19,0.005982955179398624,0.044610118818874056,0.016722873041634098,0.46967372720298695,-0.847592257558607,0,,,,,,,,,,,,,,,,,,,,,
MC-SLAB-2022-03-31,SLAB,,Unknown,6711923429,2022-03-31,2022-Q1,trap,-0.2505,0.28,-0.0018465441176470582,0.33284375744425865,-4.43956043956044,0.6292535331768775,0.0016278239854453092,0.021688662434340027,0.6309532942989402,-0.007226822968350604,0.050000000000000044,,,,,,,,,,,,,,,,,,,,,
MC-ICL-2020-09-30,ICL,,Unknown,6684145925,2020-09-30,2020-Q3,winner,0.5903,0.3,0.0032605072302558397,0.5283576675433289,18.5,0.0040569913860451804,0.04120127268076733,-0.0244553067334314,0.5103008051825585,0.7622235445941956,0.19999999999999996,,,,,,,,,,,,,,,,,,,,,
MC-ICL-2022-03-31,ICL,,Unknown,6684145925,2022-03-31,2022-Q1,trap,-0.5286,0.28,-0.0018465441176470582,0.33284375744425865,26.10989010989011,0.4852542728384696,-0.28009664704683723,0.06687023520058089,0.3355341776123855,-7.3132926745415965,0.19999999999999996,,,,,,,,,,,,,,,,,,,,,
MC-ENS-2020-09-30,ENS,,Unknown,6678002312,2020-09-30,2020-Q3,mixed,0.4105,0.3,0.0032605072302558397,0.5283576675433289,-17.6,0.13136313229007024,0.01728113155221674,0.022496915024256388,1.1253864395142745,-0.30414791531901464,0.050000000000000044,,,,,,,,,,,,,,,,,,,,,
MC-ENS-2022-03-31,ENS,,Unknown,6678002312,2022-03-31,2022-Q1,mixed,0.2281,0.28,-0.0018465441176470582,0.33284375744425865,3.318681318681319,0.5433505338393801,0.006827689661021997,0.05522460466292892,1.1631206813431718,0.022658926127787287,0.050000000000000044,,,,,,,,,,,,,,,,,,,,,
MC-FSS-2020-09-30,FSS,,Unknown,6632087569,2020-09-30,2020-Q3,winner,1.0421,0.3,0.0032605072302558397,0.5283576675433289,31,0.3906341204216533,0.09231777236484418,0.05123709270198303,1.2742196253895244,2.8618509433101695,0.25,,,,,,,,,,,,,,,,,,,,,
MC-FSS-2022-03-31,FSS,,Unknown,6632087569,2022-03-31,2022-Q1,winner,1.1793,0.28,-0.0018465441176470582,0.33284375744425865,6.4945054945054945,0.6648455745204089,-0.1519003959566756,0.05428999765750823,0.6919356263297977,-0.9865179561581898,0.10000000000000009,,,,,,,,,,,,,,,,,,,,,
MC-MSA-2020-09-30,MSA,0000066570,Industrials,6582117333,2020-09-30,2020-Q3,underperform,0.175,0.3,0.0032605072302558397,0.5283576675433289,0,0.14876138881819842,0.025296698693307154,-0.004357767914446142,4.605170185988091,0.0,0.19999999999999996,,-3.7848277581511236,-4.095911237728299,-5.593156632110971,0.0030295477150512106,0.06214253649159638,-0.038737249625836245,0.08976678413457065,STRUCTURAL_STRESS,-0.040707964601769925,,,,,,,0.2861944975322656,-0.2861944975322656,TROUGH,-0.038737249625836245,0.07556725723086773
MC-MSA-2022-03-31,MSA,0000066570,Industrials,6582117333,2022-03-31,2022-Q1,underperform,0.1054,0.28,-0.0018465441176470582,0.33284375744425865,0.016483516483516484,0.4413689487517251,0.061437550547141125,0.031210367056240897,0.9071553627608826,0.001012706877150678,0.3999999999999999,,3.2854683448063073,1.9927659495706176,2.3528757595949394,0.0035325741527281154,0.0704721753372273,0.7081060932450506,0.13853721588918486,STRUCTURAL_STRESS,-0.032,,,,,,,0.2937558136281955,0.2937558136281955,ACCELERATING,0.7081060932450506,0.21433675496884436
MC-VOYA-2020-09-30,VOYA,0001535929,Financials,6576028628,2020-09-30,2020-Q3,mixed,0.3864,0.3,0.0032605072302558397,0.5283576675433289,-0.8,0.01273310888109635,-0.0007516783170643661,0.0016918249420277455,1.4909776479301926,0.0006013426536514929,0.050000000000000044,,2.3860148728014843,3.7993195806675173,1.9468523836551803,0.0007273374830738246,0.1079092089957511,-0.20468535253110176,0.12317201107963344,STRUCTURAL_STRESS,-0.0979591836734694,,,,,,,0.20696797348754128,-0.20696797348754128,DECELERATING,-0.20468535253110176,-0.19561954564031414
MC-VOYA-2022-03-31,VOYA,0001535929,Financials,6576028628,2022-03-31,2022-Q1,underperform,0.0213,0.28,-0.0018465441176470582,0.33284375744425865,-0.03296703296703297,0.4833581377878888,0.02132229629319083,0.0018182899068247289,0.9544179886549051,-0.000702932844830467,0.050000000000000044,,1.3079067241443183,5.255545633460805,1.0710737226891598,0.0006505215446828687,0.10571801436347933,-0.48357525565391357,0.20707498097464738,STRUCTURAL_STRESS,-0.08524590163934427,,,,,,,0.2112210627646013,-0.2112210627646013,DECELERATING,-0.48357525565391357,-0.23552569512463292
MC-FMS-2020-09-30,FMS,,Unknown,6569526944,2020-09-30,2020-Q3,trap,-0.4929,0.3,0.0032605072302558397,0.5283576675433289,-35.5,0.9965453706717573,-0.10614493556129057,-0.05802747782892734,0.47611952795354184,3.7681452124258152,-0.35,,,,,,,,,,,,,,,,,,,,,
MC-FMS-2022-03-31,FMS,,Unknown,6569526944,2022-03-31,2022-Q1,trap,-0.2607,0.28,-0.0018465441176470582,0.33284375744425865,1.6373626373626373,0.521132586085963,-0.6344653998100718,-0.765646560952366,1.3282385404741828,-1.0388499403483593,-0.30000000000000004,,,,,,,,,,,,,,,,,,,,,
MC-LEA-2020-09-30,LEA,0000842162,Consumer Discretionary,6541078693,2020-09-30,2020-Q3,mixed,0.2306,0.3,0.0032605072302558397,0.5283576675433289,2.9,0.44867743853468817,0.06473138411401799,-0.04032905066145667,1.2269318467688306,0.18772101393065216,0.30000000000000004,,9.397350039950041,,,0.010620031540796333,0.025973101020181105,-0.1488587170827358,0.17769885489858625,STRUCTURAL_STRESS,-0.001980198019801982,-5202196,0,NET_SELLING,-6.716186794302178,0,5202196,,,DECELERATING,-0.1488587170827358,-0.22763370764807855
MC-LEA-2022-03-31,LEA,0000842162,Consumer Discretionary,6541078693,2022-03-31,2022-Q1,trap,-0.3813,0.28,-0.0018465441176470582,0.33284375744425865,0.1978021978021978,0.4352602315508088,-0.053643151930703195,-0.009146370649972584,0.8423231222089461,-0.010610733348930302,-0.15000000000000002,,3.448663581881162,3.9980482417848693,4.291612308708032,0.002428028186616827,0.025339772365372593,0.25385796331546107,0.1405098193212781,NATURAL_PROCESS,-0.008695652173913049,-5202196,0,NET_SELLING,-6.716186794302178,0,5202196,0.08724472405439573,0.08724472405439573,PEAK,0.25385796331546107,-0.008899668467914214
MC-HXL-2020-09-30,HXL,0000717605,Industrials,6534341716,2020-09-30,2020-Q3,winner,0.9416,0.3,0.0032605072302558397,0.5283576675433289,-6.1,0.9043775700934871,-0.003741784504242906,-0.03937308170659487,0.2962629018606412,0.022824885475881726,-0.30000000000000004,,-1.1561326817992204,-1.2984347642867096,-1.747283024853103,-0.0029952635410519417,0.0984712690269592,-0.1521952040911372,0.16920074768778604,STRUCTURAL_STRESS,0.016666666666666663,-63418,0.934,MIXED,-4.802219389726613,902958,966376,0.058055288538996705,-0.058055288538996705,DECELERATING,-0.1521952040911372,-0.16232500850633075
MC-HXL-2022-03-31,HXL,0000717605,Industrials,6534341716,2022-03-31,2022-Q1,trap,-0.0792,0.28,-0.0018465441176470582,0.33284375744425865,-1.3846153846153846,0.5074039961681016,-0.031923846346353923,-0.02428565242094953,0.2869496489600193,0.04420224878725928,-0.15000000000000002,,3.901211427334083,4.55750425421133,5.175943273927827,-0.004141771513673074,0.08964728714215436,-0.0936416384880465,0.16920074768778604,STRUCTURAL_STRESS,0.016666666666666663,-63418,0.934,MIXED,-4.802219389726613,902958,966376,0.22247104951309735,-0.22247104951309735,DECELERATING,-0.0936416384880465,-0.3034929540299758
MC-COF-PK-2020-09-30,COF-PK,,Unknown,6524517146,2020-09-30,2020-Q3,trap,-0.2914,0.3,0.0032605072302558397,0.5283576675433289,,,,,,,,,,,,,,,,,,,,,,,,,,,,
MC-COF-PK-2022-03-31,COF-PK,,Unknown,6524517146,2022-03-31,2022-Q1,trap,-0.1859,0.28,-0.0018465441176470582,0.33284375744425865,,,,,,,,,,,,,,,,,,,,,,,,,,,,
MC-CHDN-2020-09-30,CHDN,0000020212,Consumer Discretionary,6440604380,2020-09-30,2020-Q3,mixed,0.4167,0.3,0.0032605072302558397,0.5283576675433289,0.2,0.001439776902349685,0.015415779927084046,-0.029779828244187845,1.2667276439205648,0.0030831559854168095,0.050000000000000044,,1.4074116295078645,0.36136613588082445,-3.0524782687084757,-0.022361296994089962,0.010852576941829532,-0.10002688462665434,0.09859946031740294,STRUCTURAL_STRESS,0.0038834951456310496,,,,,,,0.07684591605009672,-0.07684591605009672,DECELERATING,-0.10002688462665434,-0.21888360998946674
MC-CHDN-2022-03-31,CHDN,0000020212,Consumer Discretionary,6440604380,2022-03-31,2022-Q1,underperform,0.0016,0.28,-0.0018465441176470582,0.33284375744425865,0.7692307692307693,0.5271322583060108,-0.01729620321468684,0.02204376876221672,0.3065321487704402,-0.013304771703605263,0.1499999999999999,,-0.17514710863208102,-2.0865011147425676,-2.139625041404854,-0.007943311598440708,0.021501304655561142,0.5357719993033648,0.09859946031740294,STRUCTURAL_STRESS,-0.012500000000000011,,,,,,,0.13499170246152428,-0.13499170246152428,PEAK,0.5357719993033648,-0.11101449979122718
MC-CMSA-2020-09-30,CMSA,,Unknown,6439771367,2020-09-30,2020-Q3,trap,-0.1491,0.3,0.0032605072302558397,0.5283576675433289,14.8,0.1545694326182511,-0.5817662871058037,-0.6096176163745552,0.9300770109841399,-8.610141049165895,0,,,,,,,,,,,,,,,,,,,,,
MC-CMSA-2022-03-31,CMSA,,Unknown,6439771367,2022-03-31,2022-Q1,trap,-0.1388,0.28,-0.0018465441176470582,0.33284375744425865,5.263736263736264,0.7453778176434117,-2.4883141105073316,-2.62331895519982,4.605170185988091,-13.097829219044087,-0.30000000000000004,,,,,,,,,,,,,,,,,,,,,
MC-LEGN-2020-09-30,LEGN,,Unknown,6424047445,2020-09-30,2020-Q3,winner,1.1759,0.3,0.0032605072302558397,0.5283576675433289,,,-0.5371548774269764,-0.030093489710001024,0.5990083677087782,,-0.30000000000000004,,,,,,,,,,,,,,,,,,,,,
MC-LEGN-2022-03-31,LEGN,,Unknown,6424047445,2022-03-31,2022-Q1,trap,-0.0663,0.28,-0.0018465441176470582,0.33284375744425865,-13.272727272727273,0.6747571823608767,0.030824654929661837,-0.012802710878233753,0.9196624094295109,-0.4091272381573299,0.050000000000000044,,,,,,,,,,,,,,,,,,,,,
MC-OR-2020-09-30,OR,,Unknown,6369494173,2020-09-30,2020-Q3,trap,-0.0068,0.3,0.0032605072302558397,0.5283576675433289,-4.3,0.16912497948487706,-0.15238507179695135,-0.013029601952469216,0.2958256117407094,0.6552558087268908,-0.19999999999999996,,,,,,,,,,,,,,,,,,,,,
MC-OR-2022-03-31,OR,,Unknown,6369494173,2022-03-31,2022-Q1,winner,0.6012,0.28,-0.0018465441176470582,0.33284375744425865,-5.554945054945055,0.41080469494024674,-0.06657021955730744,-0.024680344351452235,0.4515571627202477,0.36979391193647154,-0.35,,,,,,,,,,,,,,,,,,,,,
MC-MAA-PI-2020-09-30,MAA-PI,,Unknown,6334124110,2020-09-30,2020-Q3,trap,-0.1679,0.3,0.0032605072302558397,0.5283576675433289,,,,,,,,,,,,,,,,,,,,,,,,,,,,
MC-MAA-PI-2022-03-31,MAA-PI,,Unknown,6334124110,2022-03-31,2022-Q1,trap,-0.0919,0.28,-0.0018465441176470582,0.33284375744425865,,,,,,,,,,,,,,,,,,,,,,,,,,,,
MC-OMF-2020-09-30,OMF,0001584207,Financials,6332473370,2020-09-30,2020-Q3,mixed,0.2829,0.3,0.0032605072302558397,0.5283576675433289,-1.4,0.010773156279532407,-0.038869048477465695,-0.028137693316646298,0.24612993344346754,0.05441666786845197,0,,,,,,0.12599331784388157,,,STRUCTURAL_STRESS,0.08749999999999997,,,,,,,,,,,
MC-OMF-2022-03-31,OMF,0001584207,Financials,6332473370,2022-03-31,2022-Q1,underperform,0.031,0.28,-0.0018465441176470582,0.33284375744425865,0.08791208791208792,0.467843114250404,0.030232727289277145,-0.029375703013996064,0.889605977394064,0.002657822179277112,-0.09999999999999998,,,,,,0.1105937719473511,,,STRUCTURAL_STRESS,0.07173913043478258,,,,,,,,,,,
MC-POWL-2020-09-30,POWL,,Unknown,6326620271,2020-09-30,2020-Q3,winner,2.4356,0.3,0.0032605072302558397,0.5283576675433289,4.1,0.1930315027960392,0.05875564943687541,-0.02202781657136267,1.23692997772892,0.24089816269118916,0.1499999999999999,,,,,,,,,,,,,,,,,,,,,
MC-POWL-2022-03-31,POWL,,Unknown,6326620271,2022-03-31,2022-Q1,winner,7.7709,0.28,-0.0018465441176470582,0.33284375744425865,3.659340659340659,0.7003046936023888,-0.1188417299595469,-0.0017300918881038643,1.373289828645753,-0.4348823744673529,-0.30000000000000004,,,,,,,,,,,,,,,,,,,,,
MC-NXE-2020-09-30,NXE,,Unknown,6305500692,2020-09-30,2020-Q3,winner,2.4509,0.3,0.0032605072302558397,0.5283576675433289,2.7,0.9968980338308457,-0.014415368425492427,-0.004195720797595441,1.9433344999419537,-0.038921494748829555,-0.09999999999999998,,,,,,,,,,,,,,,,,,,,,
MC-NXE-2022-03-31,NXE,,Unknown,6305500692,2022-03-31,2022-Q1,trap,-0.2067,0.28,-0.0018465441176470582,0.33284375744425865,18.428571428571427,0.24043290100980502,-0.006797596685557277,0.05877585675792059,0.23874246815387967,-0.12526999606241268,0.1499999999999999,,,,,,,,,,,,,,,,,,,,,
MC-STT-PG-2020-09-30,STT-PG,,Unknown,6294395587,2020-09-30,2020-Q3,trap,-0.1634,0.3,0.0032605072302558397,0.5283576675433289,,,,,,,,,,,,,,,,,,,,,,,,,,,,
MC-STT-PG-2022-03-31,STT-PG,,Unknown,6294395587,2022-03-31,2022-Q1,trap,-0.1485,0.28,-0.0018465441176470582,0.33284375744425865,,,,,,,,,,,,,,,,,,,,,,,,,,,,
MC-WH-2020-09-30,WH,0001722684,Consumer Discretionary,6265545423,2020-09-30,2020-Q3,mixed,0.377,0.3,0.0032605072302558397,0.5283576675433289,-0.1,0.9957004106538453,0.05137971717863889,0.059326676678531844,1.1741182992998538,-0.005137971717863889,0.3999999999999999,,1.160630963554418,-0.572968039926051,-0.15959414163513674,-0.00194197523066743,0.17366307895343375,-0.17884602616900655,0.1671806344811333,STRUCTURAL_STRESS,-0.1090909090909091,,,,,,,0.26226374650671785,-0.26226374650671785,DECELERATING,-0.17884602616900655,-0.30521435895020244
MC-WH-2022-03-31,WH,0001722684,Consumer Discretionary,6265545423,2022-03-31,2022-Q1,underperform,0.0687,0.28,-0.0018465441176470582,0.33284375744425865,-0.29120879120879123,0.4158385323283549,0.07094222484733739,-0.01786835937165573,0.6729195547896991,-0.020658999543455396,0.1499999999999999,,-0.6102525047301919,-1.8862208115763426,-2.3450512293954358,-0.0040249429467481114,0.1942334721854044,0.10335248972643817,0.1671806344811333,STRUCTURAL_STRESS,-0.13333333333333336,,,,,,,0.31932983110959706,-0.31932983110959706,PEAK,0.10335248972643817,-0.36535957665187146
MC-FSV-2020-09-30,FSV,,Unknown,6243455159,2020-09-30,2020-Q3,underperform,0.1035,0.3,0.0032605072302558397,0.5283576675433289,-39,0.022709280046729174,-0.039970029069454856,-0.07179177188195189,2.259166740866855,1.5588311337087393,0.19999999999999996,,,,,,,,,,,,,,,,,,,,,
MC-FSV-2022-03-31,FSV,,Unknown,6243455159,2022-03-31,2022-Q1,underperform,0.1454,0.28,-0.0018465441176470582,0.33284375744425865,10,0.37912589764876164,-0.13931342971998006,0.019063356341298465,0.6996153443444151,-1.3931342971998006,0.25,,,,,,,,,,,,,,,,,,,,,
MC-SKM-2020-09-30,SKM,,Unknown,6216281349,2020-09-30,2020-Q3,trap,-0.4191,0.3,0.0032605072302558397,0.5283576675433289,-21.3,0.9807084651248397,-0.042784044199440596,0.05633919700612128,1.0368578272888036,0.9113001414480847,-0.09999999999999998,,,,,,,,,,,,,,,,,,,,,
MC-SKM-2022-03-31,SKM,,Unknown,6216281349,2022-03-31,2022-Q1,trap,-0.1705,0.28,-0.0018465441176470582,0.33284375744425865,-3.0054945054945055,0.4873134026622454,-0.1460035459788393,-0.261685981415952,0.2816115468705639,0.43881285522211594,-0.35,,,,,,,,,,,,,,,,,,,,,
MC-PCTY-2020-09-30,PCTY,0001591698,Industrials,6205156525,2020-09-30,2020-Q3,underperform,0.1256,0.3,0.0032605072302558397,0.5283576675433289,-1.1,0.44874300867520384,0.01120403028358357,0.004807577570419334,2.134962477459715,-0.012324433311941928,0.19999999999999996,,0.7240284939918248,-3.8305649156373773,-0.930660252362223,-0.003254872808000227,0.10040845193446123,0.18994014216757127,0.11713338556071484,STRUCTURAL_STRESS,0,-126956592,0,NET_SELLING,-8.103655259200846,0,126956592,0.14047571864789293,0.14047571864789293,PEAK,0.18994014216757127,-0.2745994195857425
MC-PCTY-2022-03-31,PCTY,0001591698,Industrials,6205156525,2022-03-31,2022-Q1,trap,-0.0896,0.28,-0.0018465441176470582,0.33284375744425865,0.7857142857142857,0.5865562997137806,-0.014987727402489055,0.11517280267844095,0.6185756383230179,-0.011776071530527114,0.19999999999999996,,2.076226419523492,-0.19421700468265568,1.278622215089575,-0.0016233178947896814,0.09258009660337033,0.28537327468105583,0.11713338556071484,STRUCTURAL_STRESS,0.028915662650602386,-126956592,0,NET_SELLING,-8.103655259200846,0,126956592,0.14056372059640845,0.14056372059640845,PEAK,0.28537327468105583,-0.2517114475481989
MC-COF-PL-2022-03-31,COF-PL,,Unknown,6190855410,2022-03-31,2022-Q1,trap,-0.1893,0.28,-0.0018465441176470582,0.33284375744425865,,,,,,,,,,,,,,,,,,,,,,,,,,,,
MC-THG-2020-09-30,THG,0000944695,Financials,6189428919,2020-09-30,2020-Q3,underperform,0.191,0.3,0.0032605072302558397,0.5283576675433289,1.3,0.372668566019091,0.07702823071993108,0.032685141605767354,4.605170185988091,0.1001366999359104,0.25,,7.191504868919136,8.684989724592418,8.999973405198489,-0.0008988297686089072,0.026450088532807146,-0.03270651530715607,0.13071253405787292,STRUCTURAL_STRESS,-0.020512820512820523,,,,,,,0.1787028795188888,0.1787028795188888,DECELERATING,-0.03270651530715607,-0.10186656374014041
MC-THG-2022-03-31,THG,0000944695,Financials,6189428919,2022-03-31,2022-Q1,underperform,0.1634,0.28,-0.0018465441176470582,0.33284375744425865,-0.9010989010989011,0.5264312709229516,-0.0306238152979735,0.04515858845808155,0.5262974575419925,0.027595086312459636,0.050000000000000044,,10.907076745832686,13.985910605752238,24.30718778811533,-0.000935450388043707,0.02378834372468941,0.08530561076140586,0.13071253405787292,STRUCTURAL_STRESS,-0.021705426356589147,,,,,,,0.17753675250652404,-0.17753675250652404,PEAK,0.08530561076140586,-0.0705117229039705
MC-GXO-2022-03-31,GXO,0001852244,Industrials,6181472916,2022-03-31,2022-Q1,trap,-0.4522,0.28,-0.0018465441176470582,0.33284375744425865,-5.1,0.1665630089777099,-0.08955561285098985,-0.026288628347856238,1.4848525800252148,0.4567336255400482,-0.15000000000000002,,-1.2626904007177202,,,,0.11134899274865276,0.25221653334075406,0.05301578012984694,STRUCTURAL_STRESS,-0.06666666666666668,-557968888,0,NET_SELLING,-8.746609984399408,0,557968888,,,ACCELERATING,0.25221653334075406,0.4351863947261687
MC-VSAT-2020-09-30,VSAT,,Unknown,6175809310,2020-09-30,2020-Q3,trap,-0.4632,0.3,0.0032605072302558397,0.5283576675433289,-16.2,0.741865230003862,-0.042848234770607146,0.06813662055711828,1.57281988979886,0.6941414032838358,-0.25,,,,,,,,,,,,,,,,,,,,,
MC-VSAT-2022-03-31,VSAT,,Unknown,6175809310,2022-03-31,2022-Q1,trap,-0.7865,0.28,-0.0018465441176470582,0.33284375744425865,-3.598901098901099,0.4234224568793523,0.011714561379791108,-0.025456970059400924,0.9356219219277497,-0.04215954782287459,0.050000000000000044,,,,,,,,,,,,,,,,,,,,,
MC-CRC-2022-03-31,CRC,,Unknown,6169288360,2022-03-31,2022-Q1,trap,-0.017,0.28,-0.0018465441176470582,0.33284375744425865,3.2,0.00679349300230479,0.024912375245998146,0.037936441681945834,0.7677541552934141,0.07971960078719408,0.19999999999999996,,,,,,,,,,,,,,,,,,,,,
MC-TRNO-2020-09-30,TRNO,,Unknown,6164263589,2020-09-30,2020-Q3,underperform,0.0373,0.3,0.0032605072302558397,0.5283576675433289,2.2,0.8358611278614654,0.18475772394414744,0.1121733409660346,0.7348710007922417,0.4064669926771244,0.25,,,,,,,,,,,,,,,,,,,,,
MC-TRNO-2022-03-31,TRNO,,Unknown,6164263589,2022-03-31,2022-Q1,trap,-0.1463,0.28,-0.0018465441176470582,0.33284375744425865,-1.1978021978021978,0.3127324396443818,0.058561420097906144,0.04923847842450104,1.0966139389391356,-0.07014499769968978,0.25,,,,,,,,,,,,,,,,,,,,,
MC-FCN-2020-09-30,FCN,0000887936,Industrials,6152438679,2020-09-30,2020-Q3,winner,0.6836,0.3,0.0032605072302558397,0.5283576675433289,0.7,0.9890277251822157,0.0155303002314532,-0.03372039342894275,3.938082747742836,0.010871210162017239,0.19999999999999996,,-5.44249590271395,-9.594326763737286,-7.107840688896257,-0.0035693594786813006,0.07722793042800485,-0.042191565861307456,0.1727611526715112,STRUCTURAL_STRESS,-0.05840707964601771,-4096129,0,NET_SELLING,-6.612373731509455,0,4096129,0.2318223124376517,-0.2318223124376517,DECELERATING,-0.042191565861307456,-0.005924146178558321
MC-FCN-2022-03-31,FCN,0000887936,Industrials,6152438679,2022-03-31,2022-Q1,underperform,0.0436,0.28,-0.0018465441176470582,0.33284375744425865,-0.5879120879120879,0.5352853368646329,-0.036683558169278464,0.015573698026841446,0.662923143644206,0.021566707275345032,0.050000000000000044,,5.176629991845037,-3.1872308093233945,-3.272919166262084,-0.002043758545913861,0.0663818014271017,0.8030885587026215,0.17522135002646425,STRUCTURAL_STRESS,-0.07200000000000001,-4096129,0,NET_SELLING,-6.612373731509455,0,4096129,0.2295858820698306,0.2295858820698306,ACCELERATING,0.8030885587026215,0.15236484493592195
MC-TLRY-2020-09-30,TLRY,,Unknown,6132264940,2020-09-30,2020-Q3,trap,-0.5072,0.3,0.0032605072302558397,0.5283576675433289,-73.1,0.005049195047078801,-0.07086242935229255,-0.12263915369381373,0.43279225526051,5.180043585652585,-0.19999999999999996,,,,,,,,,,,,,,,,,,,,,
MC-TLRY-2022-03-31,TLRY,,Unknown,6132264940,2022-03-31,2022-Q1,trap,-0.9151,0.28,-0.0018465441176470582,0.33284375744425865,2.379120879120879,0.3487858839928103,-0.029791202161523585,-0.004904878410454752,0.40974978544067886,-0.07087687107659182,-0.15000000000000002,,,,,,,,,,,,,,,,,,,,,
MC-EXP-2020-09-30,EXP,0000918646,Materials,6122263056,2020-09-30,2020-Q3,winner,0.9291,0.3,0.0032605072302558397,0.5283576675433289,-0.1,0.9803694546678646,0.05015415073149147,0.004978697085741696,1.5151145376292823,-0.005015415073149148,0.3999999999999999,,-0.38522503626730026,6.628440536449371,1.0050443293829585,-0.001968630856825902,0.0631328256502388,0.2122413501806172,0.2118361812466611,STRUCTURAL_STRESS,0.03423423423423422,-1320656,0,NET_SELLING,-6.120790037637316,0,1320656,0.1883300790255684,-0.1883300790255684,ACCELERATING,0.2122413501806172,0.06296836073942863
MC-EXP-2022-03-31,EXP,0000918646,Materials,6122263056,2022-03-31,2022-Q1,winner,0.729,0.28,-0.0018465441176470582,0.33284375744425865,0.8186813186813187,0.7060134120386296,-0.05211517536529338,0.06058116721242164,0.36288639205484946,-0.042665720491366556,0.050000000000000044,,0.29983369554906975,7.3134992682657405,1.6901030611993284,-0.001968630856825902,0.06190594021159048,0.2122413501806172,0.2118361812466611,STRUCTURAL_STRESS,0.03999999999999998,-1320656,0,NET_SELLING,-6.120790037637316,0,1320656,0.1883300790255684,-0.1883300790255684,ACCELERATING,0.2122413501806172,0.06296836073942863
MC-FAF-2020-09-30,FAF,0001472787,Financials,6110431859,2020-09-30,2020-Q3,underperform,0.1096,0.3,0.0032605072302558397,0.5283576675433289,0.4,0.31455503046661876,0.0330241012882259,0.04515300043091861,1.4622744641838572,0.01320964051529036,0.050000000000000044,,1.3339150154493686,1.7708726479433552,0.7172038216671706,0.0007457097190585166,0.034819541108495736,0.08612866775077363,0.07627375090317495,STRUCTURAL_STRESS,0.02018348623853211,,,,,,,0.17276162764945774,0.17276162764945774,ACCELERATING,0.08612866775077363,0.062392866506894525
MC-FAF-2022-03-31,FAF,0001472787,Financials,6110431859,2022-03-31,2022-Q1,underperform,0.0125,0.28,-0.0018465441176470582,0.33284375744425865,-0.6373626373626373,0.5954627228083489,-0.09114212330472467,-0.004957250236030393,0.7506593619008067,0.05809058408433,-0.30000000000000004,,2.7500876469635345,-5.889731000087334,4.565549878757991,0.00017838007999202438,0.0266262583235952,0.2783087024561181,0.07627375090317495,STRUCTURAL_STRESS,0.031404958677685946,,,,,,,0.16554494195331007,-0.16554494195331007,ACCELERATING,0.2783087024561181,0.09405023891096675
MC-EAT-2020-09-30,EAT,,Unknown,6109051643,2020-09-30,2020-Q3,trap,-0.2605,0.3,0.0032605072302558397,0.5283576675433289,-16.5,0.7810798037450388,0.03346470374819145,-0.03537831133854098,1.0343872415723698,-0.552167611845159,0.19999999999999996,,,,,,,,,,,,,,,,,,,,,
MC-EAT-2022-03-31,EAT,,Unknown,6109051643,2022-03-31,2022-Q1,winner,2.9059,0.28,-0.0018465441176470582,0.33284375744425865,2.967032967032967,0.5532311623941085,-0.08160491075971966,0.06682479688206536,1.0003447697443355,-0.24212446049587155,0.25,,,,,,,,,,,,,,,,,,,,,
MC-DSGX-2020-09-30,DSGX,,Unknown,6102542664,2020-09-30,2020-Q3,mixed,0.2878,0.3,0.0032605072302558397,0.5283576675433289,8.3,0.0076679614510425,0.08011131047049366,0.03298959876833735,1.3865177484930034,0.6649238769050975,0.25,,,,,,,,,,,,,,,,,,,,,
MC-DSGX-2022-03-31,DSGX,,Unknown,6102542664,2022-03-31,2022-Q1,mixed,0.3763,0.28,-0.0018465441176470582,0.33284375744425865,25.934065934065934,0.3835672585257069,0.02653160513623325,0.13479666123518755,0.21772919198377522,0.6880723969396755,0.1499999999999999,,,,,,,,,,,,,,,,,,,,,
MC-FMCKN-2020-09-30,FMCKN,,Unknown,6084557193,2020-09-30,2020-Q3,trap,-0.7471,0.3,0.0032605072302558397,0.5283576675433289,,,-0.029631470946604312,-0.21871366725894512,1.3854743600128936,,0.10000000000000009,,,,,,,,,,,,,,,,,,,,,
MC-FMCKN-2022-03-31,FMCKN,,Unknown,6084557193,2022-03-31,2022-Q1,winner,3.5349,0.28,-0.0018465441176470582,0.33284375744425865,6.7622377622377625,0.2710717546288694,0.10262631238242262,0.01656819798672085,3.797737916503704,0.6939835249916271,0.25,,,,,,,,,,,,,,,,,,,,,
MC-ESNT-2020-09-30,ESNT,,Unknown,6083714227,2020-09-30,2020-Q3,mixed,0.2778,0.3,0.0032605072302558397,0.5283576675433289,-85.5,0.997991213335672,-0.04585423792732826,-0.07878845516686586,0.2831896850869699,3.920537342786566,-0.30000000000000004,,,,,,,,,,,,,,,,,,,,,
MC-ESNT-2022-03-31,ESNT,,Unknown,6083714227,2022-03-31,2022-Q1,mixed,0.4006,0.28,-0.0018465441176470582,0.33284375744425865,8.95054945054945,0.49969122559669377,-0.03390228829896221,0.05469342168024985,0.19348501623514114,-0.3034441079066453,0.1499999999999999,,,,,,,,,,,,,,,,,,,,,
MC-GS-PC-2020-09-30,GS-PC,,Unknown,6056677583,2020-09-30,2020-Q3,trap,-0.0846,0.3,0.0032605072302558397,0.5283576675433289,,,,,,,,,,,,,,,,,,,,,,,,,,,,
MC-GS-PC-2022-03-31,GS-PC,,Unknown,6056677583,2022-03-31,2022-Q1,underperform,0.0192,0.28,-0.0018465441176470582,0.33284375744425865,,,,,,,,,,,,,,,,,,,,,,,,,,,,
MC-LOMA-2020-09-30,LOMA,,Unknown,6050720209,2020-09-30,2020-Q3,mixed,0.3991,0.3,0.0032605072302558397,0.5283576675433289,32.5,0.48127009339640964,0.10026240250187465,0.1521218274242569,1.17885443127669,3.258528081310926,0.3999999999999999,,,,,,,,,,,,,,,,,,,,,
MC-LOMA-2022-03-31,LOMA,,Unknown,6050720209,2022-03-31,2022-Q1,winner,0.9213,0.28,-0.0018465441176470582,0.33284375744425865,-10.43956043956044,0.4173841193521795,-0.07213995367629944,-0.0749294925530912,0.40312774696359,0.7531094065108184,-0.35,,,,,,,,,,,,,,,,,,,,,
MC-HR-2020-09-30,HR,0001360604,Real Estate,6034111251,2020-09-30,2020-Q3,trap,-0.493,0.3,0.0032605072302558397,0.5283576675433289,1.8,0.2816882124518564,0.02819676084135729,-0.03604930397413444,1.6205864687564426,0.05075416951444312,0.19999999999999996,,0.686553344452473,9.129089881641496,9.293056993478947,0.0005348677061977219,0.08082684489957428,0.05838991088973127,0.07527012810075351,STRUCTURAL_STRESS,-0.02105263157894738,-9396700,0.017,NET_SELLING,-6.972975407964636,166088,9562787,0.16188890937167247,0.16188890937167247,ACCELERATING,0.05838991088973127,0.01770742905942853
MC-HR-2022-03-31,HR,0001360604,Real Estate,6034111251,2022-03-31,2022-Q1,trap,-0.385,0.28,-0.0018465441176470582,0.33284375744425865,-0.21978021978021978,0.7500023066125321,-0.6795422623356813,0.007734151526687105,0.3989233552559627,0.1493499477660838,-0.25,,3.6991795288819893,13.067028072157555,-0.2563065288524271,-0.00014949221284576303,0.0765062359797484,0.042645122028253483,0.07527012810075351,STRUCTURAL_STRESS,-0.013084112149532728,-9396700,0.017,NET_SELLING,-6.972975407964636,166088,9562787,0.14226611872179348,0.14226611872179348,ACCELERATING,0.042645122028253483,0.0019248533443987498
MC-WEX-2020-09-30,WEX,0001309108,Financials,6020282736,2020-09-30,2020-Q3,mixed,0.3535,0.3,0.0032605072302558397,0.5283576675433289,-1.7,0.8640311317115483,0.01740011759461354,0.0032906800385071287,0.6556330787970043,-0.029580199910843014,0.050000000000000044,,2.296097164285637,2.2484375950882503,1.708212518272016,-0.002086342212343062,0.03171270735270351,0.033759033506389945,0.10957403371921987,STRUCTURAL_STRESS,-0.11150442477876107,-2551099,0,NET_SELLING,-6.406727482756002,0,2551099,0.04925824617694117,0.04925824617694117,PEAK,0.033759033506389945,-0.11910745787671088
MC-WEX-2022-03-31,WEX,0001309108,Financials,6020282736,2022-03-31,2022-Q1,trap,-0.1201,0.28,-0.0018465441176470582,0.33284375744425865,0.4175824175824176,0.4268456115718182,-0.013076660210857738,-0.01877900968170622,0.45019467085233433,-0.005460583384753781,0.1499999999999999,,2.2950944592372067,2.66108407703513,3.6514010821307368,-0.004190387411825502,0.027019845525279383,0.18231568987304292,0.10957403371921987,STRUCTURAL_STRESS,-0.12000000000000001,-2551099,0,NET_SELLING,-6.406727482756002,0,2551099,0.14613985886922365,-0.14613985886922365,PEAK,0.18231568987304292,-0.11385832420285444
MC-COF-PN-2022-03-31,COF-PN,,Unknown,6009724608,2022-03-31,2022-Q1,trap,-0.2034,0.28,-0.0018465441176470582,0.33284375744425865,,,,,,,,,,,,,,,,,,,,,,,,,,,,
MC-GATX-2020-09-30,GATX,,Unknown,5995751935,2020-09-30,2020-Q3,winner,0.7071,0.3,0.0032605072302558397,0.5283576675433289,-0.5,0.9918107501165958,0.005145229252928192,0.00907449514627057,0.3291395147641586,-0.002572614626464096,0.1499999999999999,,,,,,,,,,,,,,,,,,,,,
MC-GATX-2022-03-31,GATX,,Unknown,5995751935,2022-03-31,2022-Q1,mixed,0.259,0.28,-0.0018465441176470582,0.33284375744425865,1.3571428571428572,0.4487018538241026,0.035768418448373286,0.038879918359236376,0.8501173237937377,0.0485428536085066,0.19999999999999996,,,,,,,,,,,,,,,,,,,,,
MC-NEU-2020-09-30,NEU,0001282637,Materials,5992235209,2020-09-30,2020-Q3,mixed,0.3293,0.3,0.0032605072302558397,0.5283576675433289,-1.6,0.17800790109020362,0.009438660950382219,0.0489023093645346,4.605170185988091,-0.01510185752061155,0.050000000000000044,,0.28969940699256314,0.8285866010722237,0.921218330514348,-0.015267433453326377,0.07155966825072971,-0.05579072618396444,0.14849102114717377,STRUCTURAL_STRESS,-0.2,-387458,0,NET_SELLING,-5.588225753253107,0,387458,0.24255809251195573,-0.24255809251195573,DECELERATING,-0.05579072618396444,-0.2837836931403006
MC-NEU-2022-03-31,NEU,0001282637,Materials,5992235209,2022-03-31,2022-Q1,winner,0.7463,0.28,-0.0018465441176470582,0.33284375744425865,0.3241758241758242,0.8180415233689278,-0.04615988520222393,0.18390165989069057,1.482079034378477,-0.014963918829292374,-0.09999999999999998,,-0.3004638710431412,0.3771765366576626,0.4095878778162826,-0.009140994112132672,0.0634043385073309,0.18339798219779338,0.11197787021029953,STRUCTURAL_STRESS,-0.1090909090909091,-387458,0,NET_SELLING,-5.588225753253107,0,387458,0.2068790786908276,-0.2068790786908276,PEAK,0.18339798219779338,-0.07709490292250165
MC-PFH-2020-09-30,PFH,,Unknown,5979059784,2020-09-30,2020-Q3,trap,-0.2432,0.3,0.0032605072302558397,0.5283576675433289,,,,,,,,,,,,,,,,,,,,,,,,,,,,
MC-PFH-2022-03-31,PFH,,Unknown,5979059784,2022-03-31,2022-Q1,trap,-0.2389,0.28,-0.0018465441176470582,0.33284375744425865,-31.263636363636362,0.05699563728308696,-0.5783849246042704,-0.0835505675338946,0.5095858974180579,18.082415961037142,-0.30000000000000004,,,,,,,,,,,,,,,,,,,,,
MC-AXTA-2020-09-30,AXTA,0001616862,Materials,5968401177,2020-09-30,2020-Q3,mixed,0.2134,0.3,0.0032605072302558397,0.5283576675433289,-1.5,0.004230766386886953,-0.019228806819008924,-0.08670607111020356,1.7451997626085225,0.028843210228513386,0.050000000000000044,,3.777560783095918,-2.7812722512738945,1.794628760352149,-0.001266912714481515,0.061280839634634536,-0.16529978548322485,0.10425651546805625,STRUCTURAL_STRESS,0,,,,,,,0.11595140250375918,0.11595140250375918,DECELERATING,-0.16529978548322485,-0.006816282530855517
MC-AXTA-2022-03-31,AXTA,0001616862,Materials,5968401177,2022-03-31,2022-Q1,mixed,0.3495,0.28,-0.0018465441176470582,0.33284375744425865,0.3626373626373626,0.20373013288305397,-0.1414840780259334,0.008928869259550387,0.6227093585100371,-0.05130741291050332,0.25,,4.187108118910771,1.369976948769335,3.346752223496183,-0.0005459051942885322,0.04989851320597693,0.213859068841571,0.10425651546805625,STRUCTURAL_STRESS,0.04675324675324674,,,,,,,0.1339176799841727,0.1339176799841727,PEAK,0.213859068841571,-0.0033450038091541335
MC-GS-PA-2020-09-30,GS-PA,,Unknown,5965562242,2020-09-30,2020-Q3,trap,-0.0328,0.3,0.0032605072302558397,0.5283576675433289,,,,,,,,,,,,,,,,,,,,,,,,,,,,
MC-GS-PA-2022-03-31,GS-PA,,Unknown,5965562242,2022-03-31,2022-Q1,underperform,0.0399,0.28,-0.0018465441176470582,0.33284375744425865,,,,,,,,,,,,,,,,,,,,,,,,,,,,
MC-GS-PD-2020-09-30,GS-PD,,Unknown,5959945649,2020-09-30,2020-Q3,trap,-0.0467,0.3,0.0032605072302558397,0.5283576675433289,,,,,,,,,,,,,,,,,,,,,,,,,,,,
MC-GS-PD-2022-03-31,GS-PD,,Unknown,5959945649,2022-03-31,2022-Q1,underperform,0.026,0.28,-0.0018465441176470582,0.33284375744425865,,,,,,,,,,,,,,,,,,,,,,,,,,,,
MC-FNB-2020-09-30,FNB,0000037808,Financials,5949729119,2020-09-30,2020-Q3,winner,0.5914,0.3,0.0032605072302558397,0.5283576675433289,0.5,0.13218430505423534,0.020050597921438998,-0.02183012948445544,1.6857771562159445,0.010025298960719499,0.050000000000000044,,,,,,0.037398016052032794,,,NATURAL_PROCESS,0.07433628318584068,,,,,,,,,,,
MC-FNB-2022-03-31,FNB,0000037808,Financials,5949729119,2022-03-31,2022-Q1,underperform,0.0803,0.28,-0.0018465441176470582,0.33284375744425865,0.14285714285714285,0.5026972159588567,-0.005905181218193396,-0.1017475954704492,0.5032587051106465,-0.0008435973168847709,-0.09999999999999998,,,,,,0.03615115392601806,,,STRUCTURAL_STRESS,0.064,,,,,,,,,,,
MC-OTEX-2020-09-30,OTEX,,Unknown,5873999956,2020-09-30,2020-Q3,trap,-0.169,0.3,0.0032605072302558397,0.5283576675433289,0.2,0.9471695487363903,-0.029322290423814342,-0.021651253801986278,2.4240309126147004,-0.005864458084762869,-0.09999999999999998,,,,,,,,,,,,,,,,,,,,,
MC-OTEX-2022-03-31,OTEX,,Unknown,5873999956,2022-03-31,2022-Q1,trap,-0.4042,0.28,-0.0018465441176470582,0.33284375744425865,10.532967032967033,0.70756076927967,-0.006143092927828608,0.13411932218600536,0.6184261549871076,-0.06470499528927166,0.050000000000000044,,,,,,,,,,,,,,,,,,,,,
MC-CNR-2020-09-30,CNR,,Unknown,5869997081,2020-09-30,2020-Q3,winner,22.6817,0.3,0.0032605072302558397,0.5283576675433289,8.9,0.4080283366034751,-0.023955645975709892,0.04785366257051747,4.605170185988091,-0.21320524918381806,0.050000000000000044,,,,,,,,,,,,,,,,,,,,,
MC-CNR-2022-03-31,CNR,,Unknown,5869997081,2022-03-31,2022-Q1,winner,1.0489,0.28,-0.0018465441176470582,0.33284375744425865,2.0274725274725274,0.6668045219730823,-0.4372629944633105,0.020904019166004095,0.700431773884331,-0.8865387085547339,-0.19999999999999996,,,,,,,,,,,,,,,,,,,,,
MC-AG-2020-09-30,AG,,Unknown,5832963666,2020-09-30,2020-Q3,trap,-0.4611,0.3,0.0032605072302558397,0.5283576675433289,13.3,0.016321858843687753,-0.08654317965398461,-0.08898570902992274,1.8965944640267405,-1.1510242893979954,-0.15000000000000002,,,,,,,,,,,,,,,,,,,,,
MC-AG-2022-03-31,AG,,Unknown,5832963666,2022-03-31,2022-Q1,trap,-0.4916,0.28,-0.0018465441176470582,0.33284375744425865,10.45054945054945,0.44290867088939245,0.01396663853967312,-0.023248485576372283,0.4225508993419951,0.1459590467168037,0.1499999999999999,,,,,,,,,,,,,,,,,,,,,
MC-UGP-2020-09-30,UGP,,Unknown,5810729701,2020-09-30,2020-Q3,underperform,0.0731,0.3,0.0032605072302558397,0.5283576675433289,34.3,0.0027662795259307616,-0.02292519779505385,-0.03118001065584754,0.8906937033795799,-0.786334284370347,0.19999999999999996,,,,,,,,,,,,,,,,,,,,,
MC-UGP-2022-03-31,UGP,,Unknown,5810729701,2022-03-31,2022-Q1,underperform,0.0165,0.28,-0.0018465441176470582,0.33284375744425865,3.6868131868131866,0.5121939417252764,0.019818697275601038,0.033716972911379955,0.5786618090852316,0.07306783446114448,-0.09999999999999998,,,,,,,,,,,,,,,,,,,,,
MC-GTES-2020-09-30,GTES,0001718512,Industrials,5800440646,2020-09-30,2020-Q3,underperform,0.0441,0.3,0.0032605072302558397,0.5283576675433289,8.2,0.0003206820694576194,0.2408691092573688,0.06632302076048177,0.4124765322935976,1.975126695910424,0.3500000000000001,,-1.9662782115963746,,-0.6506738290867018,0.011918800123732958,0.20914245446594082,-0.1380983776165909,0.061854020689979784,STRUCTURAL_STRESS,0.028571428571428553,,,,,,,0.43681854594813035,-0.43681854594813035,DECELERATING,-0.1380983776165909,-0.7697000376823427
MC-GTES-2022-03-31,GTES,0001718512,Industrials,5800440646,2022-03-31,2022-Q1,mixed,0.2224,0.28,-0.0018465441176470582,0.33284375744425865,1.434065934065934,0.3783862354693026,0.014892894348502305,0.0484845389220578,0.21099916122146734,0.02135739244483023,-0.15000000000000002,,4.213773668769168,4.648893494948718,3.8712712304594215,0.006424966371088194,0.23961147790131787,0.3028740325661087,0.07248781452660188,STRUCTURAL_STRESS,0.0222222222222222,,,,,,,0.2964978451663739,0.2964978451663739,PEAK,0.3028740325661087,-0.41033345284210326
MC-FMCKM-2020-09-30,FMCKM,,Unknown,5792030518,2020-09-30,2020-Q3,trap,-0.7234,0.3,0.0032605072302558397,0.5283576675433289,10,0.9999999650222658,-0.3879068234663898,-0.8143790625482361,,-3.8790682346638983,-0.6659999999999999,,,,,,,,,,,,,,,,,,,,,
MC-FMCKM-2022-03-31,FMCKM,,Unknown,5792030518,2022-03-31,2022-Q1,winner,3.2756,0.28,-0.0018465441176470582,0.33284375744425865,2.8736263736263736,0.9810507370748951,-0.10354274718158621,0.018996684518722124,4.605170185988091,-0.297543169098734,-0.19999999999999996,,,,,,,,,,,,,,,,,,,,,
MC-EPRT-2020-09-30,EPRT,,Unknown,5769635345,2020-09-30,2020-Q3,underperform,0.1807,0.3,0.0032605072302558397,0.5283576675433289,2.6,0.7920772308161981,-0.07596328165762056,-0.13401521509898084,0.5267038297331962,-0.19750453230981346,-0.30000000000000004,,,,,,,,,,,,,,,,,,,,,
MC-EPRT-2022-03-31,EPRT,,Unknown,5769635345,2022-03-31,2022-Q1,mixed,0.2901,0.28,-0.0018465441176470582,0.33284375744425865,8.126373626373626,0.627286149600594,0.07680795053243704,0.057923425531994546,0.6078082040214439,0.6241701035026065,0.55,,,,,,,,,,,,,,,,,,,,,
MC-OTLY-2022-03-31,OTLY,,Unknown,5758145592,2022-03-31,2022-Q1,trap,-0.9019,0.28,-0.0018465441176470582,0.33284375744425865,-23.685714285714287,0.10486452506866101,-0.004570776390735966,-0.02458196912378782,0.8086960227046309,0.10826210365486044,-0.09999999999999998,,,,,,,,,,,,,,,,,,,,,
MC-COLB-2020-09-30,COLB,0000887343,Financials,5756962172,2020-09-30,2020-Q3,trap,-0.1488,0.3,0.0032605072302558397,0.5283576675433289,0.8,0.9847457628665836,0.0714662716928233,0.02591841549338484,4.605170185988091,0.05717301735425864,0.55,,,,,,0.06667452421827705,,,STRUCTURAL_STRESS,0.10476190476190478,,,,,,,,,,,
MC-COLB-2022-03-31,COLB,0000887343,Financials,5756962172,2022-03-31,2022-Q1,trap,-0.2271,0.28,-0.0018465441176470582,0.33284375744425865,0.016483516483516484,0.5795965534739765,-0.09422166393405844,-0.0005002479343985591,1.0410582796860854,-0.0015531043505614029,-0.30000000000000004,,,,,,0.07660352538552735,,,STRUCTURAL_STRESS,0.09914529914529913,,,,,,,,,,,
MC-ALGM-2022-03-31,ALGM,0000866291,Information Technology,5750224665,2022-03-31,2022-Q1,trap,-0.1151,0.28,-0.0018465441176470582,0.33284375744425865,-0.7833333333333333,0.19353568599924248,0.0012999910511838917,0.0008169904918556795,1.1696768952809486,-0.0010183263234273818,0.050000000000000044,,2.6084463070866253,,,,0.08001206726118419,0.45478795781070486,0.11280286399527767,STRUCTURAL_STRESS,-0.09473684210526317,,,,,,,,,ACCELERATING,0.45478795781070486,0.5942247847255202
MC-FMCKL-2020-09-30,FMCKL,,Unknown,5727024935,2020-09-30,2020-Q3,trap,-0.7765,0.3,0.0032605072302558397,0.5283576675433289,-59.7,0.9971019906980676,0.1191060957528149,0.06833537068289126,1.1924540418409222,-7.11063391644305,0.3999999999999999,,,,,,,,,,,,,,,,,,,,,
MC-FMCKL-2022-03-31,FMCKL,,Unknown,5727024935,2022-03-31,2022-Q1,winner,2.8911,0.28,-0.0018465441176470582,0.33284375744425865,4.1208791208791204,0.9948931574249326,0.13767271105966145,0.12643727899003293,0.8265221041807294,0.5673326005205829,0.55,,,,,,,,,,,,,,,,,,,,,
MC-PSN-2020-09-30,PSN,0000275880,Industrials,5725389382,2020-09-30,2020-Q3,winner,0.6205,0.3,0.0032605072302558397,0.5283576675433289,-0.2,0.7656821727213146,-0.27678512289980706,-0.03781382387077833,2.1968360784049303,0.05535702457996142,-0.44999999999999996,,,,,-0.010088336756534519,0.06965939678119178,0.056717187043248254,0.10669911358607734,STRUCTURAL_STRESS,-0.06666666666666668,-2229051,0.425,MIXED,-6.348120199951589,1645297,3874348,,,PEAK,0.056717187043248254,-0.10112841309143734
MC-PSN-2022-03-31,PSN,0000275880,Industrials,5725389382,2022-03-31,2022-Q1,winner,0.53,0.28,-0.0018465441176470582,0.33284375744425865,-0.45604395604395603,0.43895573342322447,-0.10029748707095407,0.011960137875571097,1.2031487949928157,0.04574006278510542,-0.050000000000000044,,-1.3404247925355983,,,-0.006451113737512345,0.06469199022673562,-0.041081346280195594,0.1169866138538509,STRUCTURAL_STRESS,-0.05185185185185187,-2229051,0.425,MIXED,-6.348120199951589,1645297,3874348,0.1378657723637049,-0.1378657723637049,DECELERATING,-0.041081346280195594,-0.15789605205419427
MC-FMCKO-2020-09-30,FMCKO,,Unknown,5707522702,2020-09-30,2020-Q3,trap,-0.725,0.3,0.0032605072302558397,0.5283576675433289,,,0.2095160628952087,2.3153156250794678,4.605170185988091,,0.1339999999999999,,,,,,,,,,,,,,,,,,,,,
MC-FMCKO-2022-03-31,FMCKO,,Unknown,5707522702,2022-03-31,2022-Q1,winner,3.0667,0.28,-0.0018465441176470582,0.33284375744425865,-1.5594405594405594,0.43371470667605794,-0.058022578596010704,0.14206091325158904,0.7697319390738458,0.09048276242594676,0.10000000000000009,,,,,,,,,,,,,,,,,,,,,
MC-FNMA-2020-09-30,FNMA,,Unknown,5697790918,2020-09-30,2020-Q3,trap,-0.6931,0.3,0.0032605072302558397,0.5283576675433289,12.5,0.9984835260786405,0.03561991911501196,0.007817602954989898,1.1255542907022584,0.44524898893764947,0.3500000000000001,,,,,,,,,,,,,,,,,,,,,
MC-FNMA-2022-03-31,FNMA,,Unknown,5697790918,2022-03-31,2022-Q1,winner,7,0.28,-0.0018465441176470582,0.33284375744425865,5.846153846153846,0.5508837755540424,-0.0057429321678679115,-0.0005142519006309442,0.8683525669358272,-0.033574064981381636,0.19999999999999996,,,,,,,,,,,,,,,,,,,,,
MC-POR-2020-09-30,POR,,Unknown,5653270280,2020-09-30,2020-Q3,underperform,0.1403,0.3,0.0032605072302558397,0.5283576675433289,5.3,0.9983371066133163,-0.07386144503073871,0.006149937047113481,0.40955467037759025,-0.39146565866291516,-0.25,,,,,,,,,,,,,,,,,,,,,
MC-POR-2022-03-31,POR,,Unknown,5653270280,2022-03-31,2022-Q1,trap,-0.1913,0.28,-0.0018465441176470582,0.33284375744425865,3.758241758241758,0.49507013579714215,-0.09106077206354325,0.10918496636117524,1.0424884251853501,-0.3422283961069428,0.25,,,,,,,,,,,,,,,,,,,,,
MC-GLNG-2020-09-30,GLNG,,Unknown,5651146188,2020-09-30,2020-Q3,winner,3.0033,0.3,0.0032605072302558397,0.5283576675433289,67.2,0.04986716041023203,0.026954365798423342,-0.007438311114537938,1.0972222285775757,1.8113333816540487,0.050000000000000044,,,,,,,,,,,,,,,,,,,,,
MC-GLNG-2022-03-31,GLNG,,Unknown,5651146188,2022-03-31,2022-Q1,winner,0.5331,0.28,-0.0018465441176470582,0.33284375744425865,22.032967032967033,0.4351196420691867,-0.06628062949107338,0.08590718503560148,0.42245904886904284,-1.4603589245011224,0.19999999999999996,,,,,,,,,,,,,,,,,,,,,
MC-SMTC-2020-09-30,SMTC,,Unknown,5612641397,2020-09-30,2020-Q3,trap,-0.5138,0.3,0.0032605072302558397,0.5283576675433289,-1.1,0.0010301167345875488,-0.09345572939654094,-0.04495472308223135,1.4372505406694274,0.10280130233619504,-0.15000000000000002,,,,,,,,,,,,,,,,,,,,,
MC-SMTC-2022-03-31,SMTC,,Unknown,5612641397,2022-03-31,2022-Q1,trap,-0.5039,0.28,-0.0018465441176470582,0.33284375744425865,5.274725274725275,0.5124907501120737,-0.022241505120852614,0.18147853397071018,0.9375072028229332,-0.11731782920889292,0.050000000000000044,,,,,,,,,,,,,,,,,,,,,
MC-ESAB-2022-03-31,ESAB,0001877322,Industrials,5595994987,2022-03-31,2022-Q1,winner,1.33,0.28,-0.0018465441176470582,0.33284375744425865,,,,,,,,,,,,,0.23266039686703482,,,STRUCTURAL_STRESS,,,,,,,,,,,,
MC-FMCKI-2020-09-30,FMCKI,,Unknown,5590512404,2020-09-30,2020-Q3,trap,-0.7238,0.3,0.0032605072302558397,0.5283576675433289,,,0.09119612707282032,0.011093885013690588,1.2318116219160022,,0.1339999999999999,,,,,,,,,,,,,,,,,,,,,
MC-FMCKI-2022-03-31,FMCKI,,Unknown,5590512404,2022-03-31,2022-Q1,winner,3.3,0.28,-0.0018465441176470582,0.33284375744425865,7.7972027972027975,0.9999999999550377,-4.502108505337171,-3.157958336333309,0.9963701312572449,-35.103853031125496,-0.15000000000000002,,,,,,,,,,,,,,,,,,,,,
MC-AGX-2020-09-30,AGX,,Unknown,5577336491,2020-09-30,2020-Q3,underperform,0.0861,0.3,0.0032605072302558397,0.5283576675433289,6,0.005947877803086342,-0.033531392531269015,-0.03899582749421406,0.35781303978355616,-0.20118835518761408,0,,,,,,,,,,,,,,,,,,,,,
MC-AGX-2022-03-31,AGX,,Unknown,5577336491,2022-03-31,2022-Q1,winner,2.2316,0.28,-0.0018465441176470582,0.33284375744425865,17.95054945054945,0.2770434221906915,0.0058567668458430755,0.17942076330844964,0.36486788566514633,0.10513218288664465,0.1499999999999999,,,,,,,,,,,,,,,,,,,,,
MC-RHP-2020-09-30,RHP,,Unknown,5575209513,2020-09-30,2020-Q3,winner,1.263,0.3,0.0032605072302558397,0.5283576675433289,-34.5,0.019904902257705213,-0.0013866275093993383,0.019627848904300443,0.432894103031058,0.04783864907427717,0,,,,,,,,,,,,,,,,,,,,,
MC-RHP-2022-03-31,RHP,,Unknown,5575209513,2022-03-31,2022-Q1,trap,-0.0143,0.28,-0.0018465441176470582,0.33284375744425865,-2.6373626373626373,0.5130871980001905,-0.03931301877512395,-0.00288346706024813,0.7255086824293052,0.10368268687944777,0.19999999999999996,,,,,,,,,,,,,,,,,,,,,
MC-CNF-2020-09-30,CNF,,Unknown,5568871476,2020-09-30,2020-Q3,mixed,0.2038,0.3,0.0032605072302558397,0.5283576675433289,-10.8,0.0367174017522665,-0.28035804015208415,0.07288314630126141,2.0783126159369316,3.027866833642509,-0.050000000000000044,,,,,,,,,,,,,,,,,,,,,
MC-CNF-2022-03-31,CNF,,Unknown,5568871476,2022-03-31,2022-Q1,trap,-0.7578,0.28,-0.0018465441176470582,0.33284375744425865,9.153846153846153,0.8567173796007793,-0.31554648402047447,0.13368149914435845,0.9089710747265114,-2.888463969110497,-0.19999999999999996,,,,,,,,,,,,,,,,,,,,,
MC-TSLTF-2020-09-30,TSLTF,,Unknown,5561665563,2020-09-30,2020-Q3,mixed,0.3405,0.3,0.0032605072302558397,0.5283576675433289,,,,,,,,,,,,,,,,,,,,,,,,,,,,
MC-TSLTF-2022-03-31,TSLTF,,Unknown,5561665563,2022-03-31,2022-Q1,trap,-0.093,0.28,-0.0018465441176470582,0.33284375744425865,,,,,,,,,,,,,,,,,,,,,,,,,,,,
MC-OLLI-2020-09-30,OLLI,0001639300,Consumer Discretionary,5546782881,2020-09-30,2020-Q3,trap,-0.1164,0.3,0.0032605072302558397,0.5283576675433289,0.3,0.000307807331282318,0.007129947810511125,-0.014030307974390626,4.605170185988091,0.0021389843431533374,0.19999999999999996,,-0.549976578471777,,,0.010977913317617143,0.047423031634115924,0.17674335992355897,0.10396538570179552,STRUCTURAL_STRESS,-0.013559322033898313,-223757,0,NET_SELLING,-5.349778571557761,0,223757,,,PEAK,0.17674335992355897,-0.008318760956215643
MC-OLLI-2022-03-31,OLLI,0001639300,Consumer Discretionary,5546782881,2022-03-31,2022-Q1,winner,1.7086,0.28,-0.0018465441176470582,0.33284375744425865,-0.22527472527472528,0.44334500153629913,0.014073479677211693,-0.03229284027835661,1.4004799147906322,-0.0031703992679432934,0.050000000000000044,,2.684507090934508,2.4305585912236776,3.2307877319589147,-0.004265988384287398,0.04033894947362913,0.05518545849189607,0.10396538570179552,STRUCTURAL_STRESS,-0.049315068493150704,-223757,0,NET_SELLING,-5.349778571557761,0,223757,0.17146469317349705,0.17146469317349705,PEAK,0.05518545849189607,-0.027439255149220243
MC-AVAV-2020-09-30,AVAV,,Unknown,5525517446,2020-09-30,2020-Q3,winner,0.8585,0.3,0.0032605072302558397,0.5283576675433289,7.4,0.9920488020297263,0.0071106994431676465,-0.012677772561761395,1.7556852616069916,0.05261917587944059,0.3500000000000001,,,,,,,,,,,,,,,,,,,,,
MC-AVAV-2022-03-31,AVAV,,Unknown,5525517446,2022-03-31,2022-Q1,mixed,0.2661,0.28,-0.0018465441176470582,0.33284375744425865,12.615384615384615,0.4745773973596131,-0.11565795957435676,-0.02997027839516473,0.6416827136565969,-1.459069643861116,-0.15000000000000002,,,,,,,,,,,,,,,,,,,,,
MC-LSTR-2020-09-30,LSTR,0000853816,Industrials,5522374163,2020-09-30,2020-Q3,mixed,0.41,0.3,0.0032605072302558397,0.5283576675433289,2.6,0.0026597124392708773,0.06965749865271989,-0.020523288947196457,0.6654053786115014,0.18110949649707173,0.30000000000000004,,4.006476765992053,-0.37013327321440403,7.800880331692244,-0.0002682015406014956,0.058070583297027814,-0.11406922605209989,0.09049197957086177,STRUCTURAL_STRESS,-0.049557522123893805,-5840918,0.061,NET_SELLING,-6.766481183624226,379501,6220418,0.09951750408013306,0.09951750408013306,DECELERATING,-0.11406922605209989,-0.030856933364375956
MC-LSTR-2022-03-31,LSTR,0000853816,Industrials,5522374163,2022-03-31,2022-Q1,trap,-0.0042,0.28,-0.0018465441176470582,0.33284375744425865,0.7692307692307693,0.476386164153051,-0.09353952423998375,-0.015844148142878753,0.4729469119673004,-0.07195348018460289,-0.050000000000000044,,1.7731428995001994,0.15569281580251793,-1.2495928341432971,-0.0003204247969443513,0.05527939321301287,0.5909061989956799,0.09319419871675746,STRUCTURAL_STRESS,-0.032,-5840918,0.061,NET_SELLING,-6.766481183624226,379501,6220418,0.12067955824606734,-0.12067955824606734,ACCELERATING,0.5909061989956799,0.10306067464980129
MC-UEC-2020-09-30,UEC,,Unknown,5521299981,2020-09-30,2020-Q3,winner,4.15,0.3,0.0032605072302558397,0.5283576675433289,12,0.8353371325985661,0.008330510216763017,0.007837630191255843,4.605170185988091,0.0999661226011562,0.19999999999999996,,,,,,,,,,,,,,,,,,,,,
MC-UEC-2022-03-31,UEC,,Unknown,5521299981,2022-03-31,2022-Q1,underperform,0.0414,0.28,-0.0018465441176470582,0.33284375744425865,26.412087912087912,0.4938266372473321,-0.015647657496872806,0.07503640129075317,0.29130914135812896,-0.413287305425646,-0.15000000000000002,,,,,,,,,,,,,,,,,,,,,
MC-NJR-2020-09-30,NJR,,Unknown,5482822517,2020-09-30,2020-Q3,winner,0.5037,0.3,0.0032605072302558397,0.5283576675433289,-6.1,0.011084976651507013,-0.020232048552695565,-0.026875538674446788,1.2504129688353787,0.12341549617144294,0.050000000000000044,,,,,,,,,,,,,,,,,,,,,
MC-NJR-2022-03-31,NJR,,Unknown,5482822517,2022-03-31,2022-Q1,underperform,0.0698,0.28,-0.0018465441176470582,0.33284375744425865,2.5384615384615383,0.5040302563915627,0.11044135185806278,0.11789779694034007,1.4268306012116967,0.28035112394739015,0.25,,,,,,,,,,,,,,,,,,,,,
MC-EQX-2020-09-30,EQX,,Unknown,5476447106,2020-09-30,2020-Q3,trap,-0.6388,0.3,0.0032605072302558397,0.5283576675433289,-10.9,0.45195167019001975,-0.5673491542713601,-0.30188387939794026,-1.018903660441783,6.184105781557825,-0.44999999999999996,,,,,,,,,,,,,,,,,,,,,
MC-EQX-2022-03-31,EQX,,Unknown,5476447106,2022-03-31,2022-Q1,trap,-0.1681,0.28,-0.0018465441176470582,0.33284375744425865,-15.252747252747254,0.5186468613412666,0.08710973353913629,0.018685129150602817,0.17129673999281161,-1.3286627489266063,0.050000000000000044,,,,,,,,,,,,,,,,,,,,,
MC-HWC-2020-09-30,HWC,,Unknown,5463894922,2020-09-30,2020-Q3,winner,0.9665,0.3,0.0032605072302558397,0.5283576675433289,-3.5,0.23774693666680152,0.06206978405403268,0.05732975459414125,0.6772072457495105,-0.21724424418911437,0.25,,,,,,,,,,,,,,,,,,,,,
MC-HWC-2022-03-31,HWC,,Unknown,5463894922,2022-03-31,2022-Q1,underperform,0.0058,0.28,-0.0018465441176470582,0.33284375744425865,-5.791208791208791,0.5488885690486232,-0.05801046585495596,0.026083777031772257,0.763414555890621,0.33595071984133834,0.10000000000000009,,,,,,,,,,,,,,,,,,,,,
MC-IFS-2020-09-30,IFS,,Unknown,5450307735,2020-09-30,2020-Q3,trap,-0.0255,0.3,0.0032605072302558397,0.5283576675433289,-13.2,0.9814258302597502,0.021179016983783626,-0.04580728679662191,,-0.27956302418594386,0,,,,,,,,,,,,,,,,,,,,,
MC-IFS-2022-03-31,IFS,,Unknown,5450307735,2022-03-31,2022-Q1,trap,-0.0411,0.28,-0.0018465441176470582,0.33284375744425865,-2.912087912087912,0.5248262995971856,0.02997467659750267,0.1243885462231755,1.452617975336111,-0.08728889338833196,-0.09999999999999998,,,,,,,,,,,,,,,,,,,,,
MC-CHE-2020-09-30,CHE,0000019584,Health Care,5444118884,2020-09-30,2020-Q3,underperform,0.0819,0.3,0.0032605072302558397,0.5283576675433289,0.7,0.02975214913094279,-0.02113357779275388,-0.10022324660868019,1.1672407427092282,-0.014793504454927716,0.19999999999999996,,1.6722326730688384,,,0.02375753009502767,0.0478702529017079,0.09592673303999273,0.10457635821613503,STRUCTURAL_STRESS,-0.033333333333333354,,,,,,,,,ACCELERATING,0.09592673303999273,0.1280156065566054
MC-CHE-2022-03-31,CHE,0000019584,Health Care,5444118884,2022-03-31,2022-Q1,mixed,0.2147,0.28,-0.0018465441176470582,0.33284375744425865,-0.054945054945054944,0.6208208705386229,-0.002777014384251184,0.03495189708150477,0.6983268289098354,0.00015258320792588923,-0.09999999999999998,,-0.46454889262510296,-3.0373156235448144,-4.427362840754855,0.005692573042746643,0.042225575220380784,0.027312276299353257,0.10587712154916736,STRUCTURAL_STRESS,-0.033333333333333354,,,,,,,0.24250753480157347,-0.24250753480157347,ACCELERATING,0.027312276299353257,0.03742086819849091
MC-BCPC-2020-09-30,BCPC,,Unknown,5413119927,2020-09-30,2020-Q3,mixed,0.2705,0.3,0.0032605072302558397,0.5283576675433289,7.3,0.9424375318932872,0.02642332566572142,0.030968145369291086,1.5363987530377026,0.19289027735976635,0.19999999999999996,,,,,,,,,,,,,,,,,,,,,
MC-BCPC-2022-03-31,BCPC,,Unknown,5413119927,2022-03-31,2022-Q1,mixed,0.2143,0.28,-0.0018465441176470582,0.33284375744425865,3.741758241758242,0.7120088110253967,-0.0037532792668471676,0.06069706423012965,1.796640469778513,-0.01404386363034572,-0.09999999999999998,,,,,,,,,,,,,,,,,,,,,
MC-PLXS-2020-09-30,PLXS,,Unknown,5412628377,2020-09-30,2020-Q3,mixed,0.3164,0.3,0.0032605072302558397,0.5283576675433289,39.3,0.7933564002374816,0.07439559279417489,0.08672175870930618,1.4678333039738667,2.923746796811073,0.55,,,,,,,,,,,,,,,,,,,,,
MC-PLXS-2022-03-31,PLXS,,Unknown,5412628377,2022-03-31,2022-Q1,winner,0.5662,0.28,-0.0018465441176470582,0.33284375744425865,1.3241758241758241,0.5994528479884731,-0.14427794526362936,0.12087747056446291,1.1668249481265853,-0.19104936707986084,0.25,,,,,,,,,,,,,,,,,,,,,
MC-POST-2020-09-30,POST,0001530950,Consumer Staples,5407007499,2020-09-30,2020-Q3,winner,0.5235,0.3,0.0032605072302558397,0.5283576675433289,-0.2,0.39413473822036627,-0.07341043971511481,-0.017663001622776616,1.820724650061441,0.014682087943022962,-0.15000000000000002,,-6.278068178428303,-5.631957981450558,-6.562823437625804,0.00555065411368156,0.01673547354827447,0.02529751179045745,0.05314674266115014,STRUCTURAL_STRESS,0.004301075268817206,223614,11.365,NET_BUYING,5.349500932482416,245187,21573,0.4403588133848908,0.4403588133848908,PEAK,0.02529751179045745,-0.7562718046014568
MC-POST-2022-03-31,POST,0001530950,Consumer Staples,5407007499,2022-03-31,2022-Q1,winner,0.68,0.28,-0.0018465441176470582,0.33284375744425865,0.07692307692307693,0.6532476674608609,-0.11205857122571733,0.0027108726681663864,0.4257862738440723,-0.008619890094285949,-0.25,,-0.076344131332666,1.9995411190406613,0.5978482367098888,0.010185753525056457,0.00962888756136026,0.05271717823142444,0.05314674266115014,STRUCTURAL_STRESS,0.047706422018348627,223614,11.365,NET_BUYING,5.349500932482416,245187,21573,0.28856507096075135,-0.28856507096075135,PEAK,0.05271717823142444,-0.4314703523685279
MC-TXNM-2020-09-30,TXNM,,Unknown,5397406264,2020-09-30,2020-Q3,underperform,0.0794,0.3,0.0032605072302558397,0.5283576675433289,,,,,,,,,,,,,,,,,,,,,,,,,,,,
MC-TXNM-2022-03-31,TXNM,,Unknown,5397406264,2022-03-31,2022-Q1,underperform,0.1219,0.28,-0.0018465441176470582,0.33284375744425865,,,,,,,,,,,,,,,,,,,,,,,,,,,,
MC-BTG-2020-09-30,BTG,,Unknown,5390786276,2020-09-30,2020-Q3,trap,-0.5567,0.3,0.0032605072302558397,0.5283576675433289,11.9,0.00036853176188715993,-0.08985929803201659,-0.10387057390543317,4.605170185988091,-1.0693256465809975,-0.30000000000000004,,,,,,,,,,,,,,,,,,,,,
MC-BTG-2022-03-31,BTG,,Unknown,5390786276,2022-03-31,2022-Q1,trap,-0.3791,0.28,-0.0018465441176470582,0.33284375744425865,-0.24725274725274726,0.7359801125944337,-0.4891658794738425,0.07157765946939393,0.39151258551843926,0.1209476075622138,-0.25,,,,,,,,,,,,,,,,,,,,,
MC-ALL-PH-2020-09-30,ALL-PH,,Unknown,5372078114,2020-09-30,2020-Q3,trap,-0.2704,0.3,0.0032605072302558397,0.5283576675433289,,,,,,,,,,,,,,,,,,,,,,,,,,,,
MC-ALL-PH-2022-03-31,ALL-PH,,Unknown,5372078114,2022-03-31,2022-Q1,trap,-0.1546,0.28,-0.0018465441176470582,0.33284375744425865,,,,,,,,,,,,,,,,,,,,,,,,,,,,
MC-LAUR-2020-09-30,LAUR,,Unknown,5339291409,2020-09-30,2020-Q3,underperform,0.0617,0.3,0.0032605072302558397,0.5283576675433289,-39.3,0.9966732931456057,0.02002760306111583,0.057344387842675884,0.6181595044265877,-0.787084800301852,0.050000000000000044,,,,,,,,,,,,,,,,,,,,,
MC-LAUR-2022-03-31,LAUR,,Unknown,5339291409,2022-03-31,2022-Q1,winner,0.7257,0.28,-0.0018465441176470582,0.33284375744425865,15.851648351648352,0.607086888240049,-0.18759527465899983,0.16309123343923382,0.28170329368272534,-2.973694326325355,0.050000000000000044,,,,,,,,,,,,,,,,,,,,,
MC-KRG-2020-09-30,KRG,,Unknown,5331259142,2020-09-30,2020-Q3,winner,0.8497,0.3,0.0032605072302558397,0.5283576675433289,-16.3,0.9040704429435199,-0.002218255026376275,0.012998143748248946,0.7142847394794173,0.036157556929933284,-0.09999999999999998,,,,,,,,,,,,,,,,,,,,,
MC-KRG-2022-03-31,KRG,,Unknown,5331259142,2022-03-31,2022-Q1,trap,-0.0176,0.28,-0.0018465441176470582,0.33284375744425865,12.423076923076923,0.6765852514629328,0.10887667468039662,0.10108931077933198,0.29501353889037657,1.3525833046833888,0.3500000000000001,,,,,,,,,,,,,,,,,,,,,
MC-CACC-2020-09-30,CACC,0000885550,Financials,5328154730,2020-09-30,2020-Q3,mixed,0.3587,0.3,0.0032605072302558397,0.5283576675433289,-0.3,0.22586819927301366,-0.019441870017615468,-0.014412551655154565,1.004416263963103,0.00583256100528464,0.19999999999999996,,4.31508708106001,5.043815264791586,4.458702626681356,0.0006733528180478021,0.02643575377795662,0.11587910802257068,0.14447396723273262,STRUCTURAL_STRESS,0.0038834951456310496,-75697509,0,NET_SELLING,-7.879081594017306,0,75697509,0.16070895141571154,0.16070895141571154,ACCELERATING,0.11587910802257068,0.06404984973197303
MC-CACC-2022-03-31,CACC,0000885550,Financials,5328154730,2022-03-31,2022-Q1,trap,-0.0618,0.28,-0.0018465441176470582,0.33284375744425865,0.06043956043956044,0.5904125051139091,-0.12548051942214675,-0.02178484465801261,0.8379947203901926,-0.007583987437602276,0,,0.3650294212878142,-1.540042655101596,-2.15559216331622,-3.1308486735049786e-05,0.027029423415118787,0.1055434949712925,0.14447396723273262,STRUCTURAL_STRESS,-0.017391304347826098,-75697509,0,NET_SELLING,-7.879081594017306,0,75697509,0.14058589833914342,0.14058589833914342,ACCELERATING,0.1055434949712925,0.04333515960288149
MC-ESTC-2020-09-30,ESTC,0001707753,Information Technology,5317336820,2020-09-30,2020-Q3,trap,-0.247,0.3,0.0032605072302558397,0.5283576675433289,0.1,0.9999911650310016,-0.0033064606312753556,-0.09015349391397423,1.4560505525791287,-0.00033064606312753557,-0.09999999999999998,,0.8641210395274006,,,-0.0049423622426206975,0.23996953811936525,0.5472630769800253,0.07664497495135514,STRUCTURAL_STRESS,,,,,,,,,,ACCELERATING,0.5472630769800253,0.0989546743391127
MC-ESTC-2022-03-31,ESTC,0001707753,Information Technology,5317336820,2022-03-31,2022-Q1,underperform,0.0017,0.28,-0.0018465441176470582,0.33284375744425865,0.005494505494505495,0.5055817412130017,0.11148135884404674,0.018464194410367188,0.6788396303834706,0.0006125349387035536,0.25,,-0.41186123370765737,,-4.667226769792634,0.0034114217734142176,0.1566382893005511,0.4562491065486506,0.07664497495135514,STRUCTURAL_STRESS,,,,,,,,0.23003526523488715,0.23003526523488715,PEAK,0.4562491065486506,-0.05111442503245717
MC-SR-2020-09-30,SR,,Unknown,5314722261,2020-09-30,2020-Q3,underperform,0.0635,0.3,0.0032605072302558397,0.5283576675433289,40.6,0.021890490574253615,0.054199306138252065,0.11475764340194454,0.7532493987157922,2.2004918292130338,0.25,,,,,,,,,,,,,,,,,,,,,
MC-SR-2022-03-31,SR,,Unknown,5314722261,2022-03-31,2022-Q1,underperform,0.0904,0.28,-0.0018465441176470582,0.33284375744425865,-11.796703296703297,0.39826248885805615,0.007093841223583648,-0.0024224683022919906,0.38243687965036344,-0.08368394014853897,-0.15000000000000002,,,,,,,,,,,,,,,,,,,,,
MC-ST-2020-09-30,ST,0001477294,Industrials,5313580956,2020-09-30,2020-Q3,trap,-0.1233,0.3,0.0032605072302558397,0.5283576675433289,1.5,0.9957607931798358,0.1455676791654924,0.02513909476059791,4.605170185988091,0.2183515187482386,0.55,,20.276989487460177,20.053457896127625,21.275331618717747,-0.0019736269095833804,0.013786989183396159,-0.13480326300711395,0.13720011814900493,STRUCTURAL_STRESS,-0.05436893203883497,-1339710,0,NET_SELLING,-6.1270111232589795,0,1339710,0.05203747368283152,-0.05203747368283152,DECELERATING,-0.13480326300711395,-0.15758706313348833
MC-ST-2022-03-31,ST,0001477294,Industrials,5313580956,2022-03-31,2022-Q1,trap,-0.5227,0.28,-0.0018465441176470582,0.33284375744425865,-1.3736263736263736,0.38499864204417605,-0.2764540290275773,0.10865089969060665,0.45817972163984216,0.37974454536755126,-0.09999999999999998,,1.1734652722157926,2.8663980579771713,1.1376453366871808,-0.0035645554352420525,0.014630040529459333,0.2679334463279759,0.099598572216662,STRUCTURAL_STRESS,-0.052173913043478265,-1339710,0,NET_SELLING,-6.1270111232589795,0,1339710,0.07122918436831296,-0.07122918436831296,ACCELERATING,0.2679334463279759,0.04107470636607082
MC-SGHC-2022-03-31,SGHC,,Unknown,5305918014,2022-03-31,2022-Q1,trap,-0.3987,0.28,-0.0018465441176470582,0.33284375744425865,,,,,,,,,,,,,,,,,,,,,,,,,,,,
MC-FROG-2020-09-30,FROG,,Unknown,5295109355,2020-09-30,2020-Q3,trap,-0.7004,0.3,0.0032605072302558397,0.5283576675433289,,,,,,,,,,,,,,,,,,,,,,,,,,,,
MC-FROG-2022-03-31,FROG,,Unknown,5295109355,2022-03-31,2022-Q1,mixed,0.1874,0.28,-0.0018465441176470582,0.33284375744425865,-23.133333333333333,0.46909831764980786,0.10335305755010005,0.007084874713743625,0.6146165475493024,-2.390900731325648,0.10000000000000009,,,,,,,,,,,,,,,,,,,,,
MC-AVT-2020-09-30,AVT,0000008858,Information Technology,5294079260,2020-09-30,2020-Q3,winner,0.8649,0.3,0.0032605072302558397,0.5283576675433289,-1.6,0.009641609969634467,0.028057141422267003,0.010869285996336102,0.4237408003337127,-0.04489142627562721,-0.15000000000000002,,-2.226742236458952,,,-0.01883165203571428,0.09498981137407132,-0.0937052823578753,0.18678140629322143,STRUCTURAL_STRESS,0.030088495575221225,-327217,0.236,NET_SELLING,-5.514837185847875,100964,428181,,,DECELERATING,-0.0937052823578753,-0.15721933481650763
MC-AVT-2022-03-31,AVT,0000008858,Information Technology,5294079260,2022-03-31,2022-Q1,mixed,0.1848,0.28,-0.0018465441176470582,0.33284375744425865,-0.6208791208791209,0.533259657633498,0.02480214201225078,0.02453914825685395,0.5909560923655022,-0.015399132128485375,0.050000000000000044,,-0.8642289481282083,-0.20599056768126778,-2.214691626909125,0.005434748742698714,0.0973275349258951,0.1428129590939752,0.1533996537574119,STRUCTURAL_STRESS,0.06356589147286823,-327217,0.236,NET_SELLING,-5.514837185847875,100964,428181,0.11000765472074103,-0.11000765472074103,ACCELERATING,0.1428129590939752,0.02657861704609633
MC-NPO-2020-09-30,NPO,,Unknown,5280410161,2020-09-30,2020-Q3,winner,1.1484,0.3,0.0032605072302558397,0.5283576675433289,35.4,0.008191511667523904,0.09285272410752185,0.09547337942354667,4.605170185988091,3.2869864334062733,0.3999999999999999,,,,,,,,,,,,,,,,,,,,,
MC-NPO-2022-03-31,NPO,,Unknown,5280410161,2022-03-31,2022-Q1,winner,0.6555,0.28,-0.0018465441176470582,0.33284375744425865,16.824175824175825,0.6647665217697775,-0.03280702873802698,0.0752334723123379,0.526456925257619,-0.5519512197573551,0.050000000000000044,,,,,,,,,,,,,,,,,,,,,
MC-SEB-2020-09-30,SEB,,Unknown,5278626057,2020-09-30,2020-Q3,mixed,0.323,0.3,0.0032605072302558397,0.5283576675433289,35.3,0.29439985583315,-0.018779897031251713,-0.06941914094028578,0.7705607805738673,-0.6629303652031854,0.050000000000000044,,,,,,,,,,,,,,,,,,,,,
MC-SEB-2022-03-31,SEB,,Unknown,5278626057,2022-03-31,2022-Q1,trap,-0.3587,0.28,-0.0018465441176470582,0.33284375744425865,19.895604395604394,0.33368203344561365,-0.05166328964411993,0.025913041489410368,0.3617692294606183,-1.0278723725349355,0.19999999999999996,,,,,,,,,,,,,,,,,,,,,
MC-SON-2020-09-30,SON,0000091767,Materials,5265675533,2020-09-30,2020-Q3,underperform,0.0642,0.3,0.0032605072302558397,0.5283576675433289,0.5,0.9928558709046001,-0.02001790819641284,-0.04069287205595308,4.605170185988091,-0.01000895409820642,0.050000000000000044,,1.2467008273758748,,,,0.10733125554606694,0.0714914426947696,0.7929572692652341,STRUCTURAL_STRESS,-0.023008849557522137,0,0,NET_SELLING,0,0,0,,,PEAK,0.0714914426947696,-0.14183177511389333
MC-SON-2022-03-31,SON,0000091767,Materials,5265675533,2022-03-31,2022-Q1,trap,-0.2449,0.28,-0.0018465441176470582,0.33284375744425865,0.2967032967032967,0.6183368157291261,0.019393210717862448,0.06546849689851474,0.7103295409813849,0.005754029553651495,0.19999999999999996,,0.23606438697975218,,,-0.018242552233348492,0.11713518042139061,0.09148226303944602,0.7929572692652341,STRUCTURAL_STRESS,-0.02113821138211383,0,0,NET_SELLING,0,0,0,,,PEAK,0.09148226303944602,-0.08610925694487744
MC-RLI-2020-09-30,RLI,0000084246,Financials,5258084694,2020-09-30,2020-Q3,winner,0.6226,0.3,0.0032605072302558397,0.5283576675433289,0.8,0.0013360350224249282,0.024040711896959617,-0.05334807659152777,4.605170185988091,0.019232569517567695,0.050000000000000044,,1.4037763161923769,-10.234722081396992,-10.431346504441343,0.000987210602505909,0.12245742205295382,-0.14420315343419968,0.09698602144855523,STRUCTURAL_STRESS,-0.005825242718446616,0,0,NET_SELLING,0,0,0,0.1874824980860069,0.1874824980860069,DECELERATING,-0.14420315343419968,-0.015876117040769782
MC-RLI-2022-03-31,RLI,0000084246,Financials,5258084694,2022-03-31,2022-Q1,mixed,0.4524,0.28,-0.0018465441176470582,0.33284375744425865,0.16483516483516483,0.4737370379581023,-0.002433031097833941,0.08170505279474824,4.605170185988091,-0.00040104908206053973,0.19999999999999996,,3.445468680896689,-8.355047776554349,-6.769467974702916,-0.0005173364989171844,0.1115393945858453,0.19667274619637087,0.09698602144855523,STRUCTURAL_STRESS,0.008695652173913021,0,0,NET_SELLING,0,0,0,0.22450952423080672,-0.22450952423080672,ACCELERATING,0.19667274619637087,0.06728569484964714
MC-KT-2020-09-30,KT,,Unknown,5255908179,2020-09-30,2020-Q3,mixed,0.334,0.3,0.0032605072302558397,0.5283576675433289,-19.3,0.00012738325124743915,0.10465160386979523,-0.02448395214690738,4.605170185988091,-2.019775954687048,0.1499999999999999,,,,,,,,,,,,,,,,,,,,,
MC-KT-2022-03-31,KT,,Unknown,5255908179,2022-03-31,2022-Q1,mixed,0.235,0.28,-0.0018465441176470582,0.33284375744425865,-7.736263736263736,0.6504926998407811,0.03082866471018636,0.3712872272392942,0.2020815506041767,-0.23849868083484832,0,,,,,,,,,,,,,,,,,,,,,
MC-JKS-2020-09-30,JKS,,Unknown,5240559069,2020-09-30,2020-Q3,trap,-0.2362,0.3,0.0032605072302558397,0.5283576675433289,79.5,0.0017152043409963433,0.06119563745434127,0.04833944766730282,0.9658733713154192,4.865053177620131,0.25,,,,,,,,,,,,,,,,,,,,,
MC-JKS-2022-03-31,JKS,,Unknown,5240559069,2022-03-31,2022-Q1,trap,-0.614,0.28,-0.0018465441176470582,0.33284375744425865,12.362637362637363,0.6009340012357749,0.05443854425763073,-0.01717338179407185,0.2007583284492567,0.6730039812069734,0.3999999999999999,,,,,,,,,,,,,,,,,,,,,
MC-GLBE-2022-03-31,GLBE,,Unknown,5226156117,2022-03-31,2022-Q1,underperform,0.0554,0.28,-0.0018465441176470582,0.33284375744425865,-12.657142857142857,0.020902343513629493,-0.04103367663545247,-0.12834211316944688,1.630779086342433,0.519369107128727,-0.09999999999999998,,,,,,,,,,,,,,,,,,,,,
MC-AVTR-2020-09-30,AVTR,0001722482,Health Care,5222522779,2020-09-30,2020-Q3,trap,-0.0627,0.3,0.0032605072302558397,0.5283576675433289,0.2,0.992820438766251,0.02207091601286534,0.07042119011819506,4.605170185988091,0.004414183202573068,0.050000000000000044,,,,,-0.002055664605067622,0.14302714435421843,0.0176279890990952,0.11472575534474866,STRUCTURAL_STRESS,0.04999999999999999,-5040806,0,NET_SELLING,-6.702500069697703,0,5040806,,,PEAK,0.0176279890990952,-0.9357780348296603
MC-AVTR-2022-03-31,AVTR,0001722482,Health Care,5222522779,2022-03-31,2022-Q1,trap,-0.5207,0.28,-0.0018465441176470582,0.33284375744425865,-0.12637362637362637,0.43024091519695135,-0.0082334207366495,0.0009813340890865345,1.383517115034547,0.0010404872359502115,-0.09999999999999998,,0.21942409838961624,,,-0.006196507540897754,0.09677438952344175,0.1633680567707899,0.08913621845955375,STRUCTURAL_STRESS,0.014285714285714263,-5040806,0,NET_SELLING,-6.702500069697703,0,5040806,0.36658975893947066,0.36658975893947066,PEAK,0.1633680567707899,-0.4226288199919763
MC-MLCMF-2022-03-31,MLCMF,,Unknown,5162889150,2022-03-31,2022-Q1,mixed,0.355,0.28,-0.0018465441176470582,0.33284375744425865,,,,,,,,,,,,,,,,,,,,,,,,,,,,
MC-GVA-2020-09-30,GVA,,Unknown,5161331577,2020-09-30,2020-Q3,winner,1.159,0.3,0.0032605072302558397,0.5283576675433289,-6.7,0.7092326985331935,0.0364022372327097,-0.0033720029949879642,0.9291282938116548,-0.24389498945915503,0.19999999999999996,,,,,,,,,,,,,,,,,,,,,
MC-GVA-2022-03-31,GVA,,Unknown,5161331577,2022-03-31,2022-Q1,winner,1.2988,0.28,-0.0018465441176470582,0.33284375744425865,1.3076923076923077,0.40345695719263747,-0.05396638298632902,0.016448189296259283,1.3794137990649271,-0.07057142390519949,0.25,,,,,,,,,,,,,,,,,,,,,
MC-DZZ-2020-09-30,DZZ,,Unknown,5144857585,2020-09-30,2020-Q3,underperform,0.094,0.3,0.0032605072302558397,0.5283576675433289,10.8,0.010964405204228131,-0.023263591978089276,2.2841125163347806,4.605170185988091,-0.2512467933633642,-0.09999999999999998,,,,,,,,,,,,,,,,,,,,,
MC-DZZ-2022-03-31,DZZ,,Unknown,5144857585,2022-03-31,2022-Q1,trap,-0.3122,0.28,-0.0018465441176470582,0.33284375744425865,-5.730769230769231,0.018169798934309596,-1.1039194701766903,0.06670967032399928,-0.68149258349346,6.326307732935649,-0.050000000000000044,,,,,,,,,,,,,,,,,,,,,
MC-OGS-2020-09-30,OGS,,Unknown,5136895241,2020-09-30,2020-Q3,trap,-0.0106,0.3,0.0032605072302558397,0.5283576675433289,-22.3,0.9995455667851909,0.03459000735484767,0.04790898296084831,0.4004330243759361,-0.7713571640131031,0,,,,,,,,,,,,,,,,,,,,,
MC-OGS-2022-03-31,OGS,,Unknown,5136895241,2022-03-31,2022-Q1,trap,-0.1434,0.28,-0.0018465441176470582,0.33284375744425865,-2.010989010989011,0.2898051520654305,0.0036079107691364826,0.017559458919068252,0.8743947998211994,-0.007255468909362377,0.050000000000000044,,,,,,,,,,,,,,,,,,,,,
MC-ACA-2020-09-30,ACA,,Unknown,5130749768,2020-09-30,2020-Q3,winner,0.6308,0.3,0.0032605072302558397,0.5283576675433289,14.5,0.9991092457085198,-0.04727709894762471,-0.04107060723023523,1.6579360655211275,-0.6855179347405583,0.050000000000000044,,,,,,,,,,,,,,,,,,,,,
MC-ACA-2022-03-31,ACA,,Unknown,5130749768,2022-03-31,2022-Q1,mixed,0.3471,0.28,-0.0018465441176470582,0.33284375744425865,-5.214285714285714,0.48184435013874966,-0.04224257011149622,-0.010363736057715275,0.4970956595681399,0.22026482986708745,-0.15000000000000002,,,,,,,,,,,,,,,,,,,,,
MC-REZI-2020-09-30,REZI,,Unknown,5082571720,2020-09-30,2020-Q3,mixed,0.4364,0.3,0.0032605072302558397,0.5283576675433289,5,0.8218685151712561,0.07686246770311463,-0.019706409406012322,1.3634969078275243,0.3843123385155731,0.30000000000000004,,,,,,,,,,,,,,,,,,,,,
MC-REZI-2022-03-31,REZI,,Unknown,5082571720,2022-03-31,2022-Q1,trap,-0.2572,0.28,-0.0018465441176470582,0.33284375744425865,5.928571428571429,0.4839918741569479,-0.04585565471761856,0.02871097625315881,0.6322317137626349,-0.27185852439731,0.19999999999999996,,,,,,,,,,,,,,,,,,,,,
MC-ALL-PI-2020-09-30,ALL-PI,,Unknown,5069948076,2020-09-30,2020-Q3,trap,-0.3136,0.3,0.0032605072302558397,0.5283576675433289,,,,,,,,,,,,,,,,,,,,,,,,,,,,
MC-ALL-PI-2022-03-31,ALL-PI,,Unknown,5069948076,2022-03-31,2022-Q1,trap,-0.2122,0.28,-0.0018465441176470582,0.33284375744425865,,,,,,,,,,,,,,,,,,,,,,,,,,,,
MC-LPX-2020-09-30,LPX,0000060519,Materials,5050586645,2020-09-30,2020-Q3,winner,0.8729,0.3,0.0032605072302558397,0.5283576675433289,1.6,0.8600999030102784,0.1177404020788118,0.054288286272224984,1.1462928668596852,0.1883846433260989,0.55,,1.167171068830226,,,-0.00359098334452429,0.02123085121791989,-0.030380964599684993,0.15755989116023505,STRUCTURAL_STRESS,0.02580645161290321,-2092111,0,NET_SELLING,-6.320584930520268,0,2092111,,,TROUGH,-0.030380964599684993,0.10798701504237355
MC-LPX-2022-03-31,LPX,0000060519,Materials,5050586645,2022-03-31,2022-Q1,winner,0.4807,0.28,-0.0018465441176470582,0.33284375744425865,-0.6098901098901099,0.4348172470834549,-0.02826253649235301,-0.012777610879668475,0.308029889576011,0.01723704148709442,-0.15000000000000002,,0.01031572409748079,-0.170058220199404,-2.712186481897806,-0.009573880940761975,0.017018018948144063,0.715447872292867,0.15755989116023505,STRUCTURAL_STRESS,0.0761904761904762,-2092111,0,NET_SELLING,-6.320584930520268,0,2092111,0.14320549789364606,-0.14320549789364606,ACCELERATING,0.715447872292867,0.6652885867404952
MC-WIX-2020-09-30,WIX,,Unknown,5022501499,2020-09-30,2020-Q3,trap,-0.6398,0.3,0.0032605072302558397,0.5283576675433289,4.1,0.21470656997070292,-0.11383573360287204,-0.07823061374760444,2.7410519917622596,-0.4667265077717753,0,,,,,,,,,,,,,,,,,,,,,
MC-WIX-2022-03-31,WIX,,Unknown,5022501499,2022-03-31,2022-Q1,winner,0.564,0.28,-0.0018465441176470582,0.33284375744425865,-2.39010989010989,0.5152085478399678,0.03661334411716023,-0.019881387145567656,0.8984526584473621,-0.08750991588442143,-0.09999999999999998,,,,,,,,,,,,,,,,,,,,,
MC-GNTX-2020-09-30,GNTX,0000355811,Consumer Discretionary,5009665761,2020-09-30,2020-Q3,mixed,0.2637,0.3,0.0032605072302558397,0.5283576675433289,1.7,0.981696528762756,0.06677725785926754,0.06251552709657016,1.6875535926520469,0.11352133836075481,0.3999999999999999,,8.062891472646013,,,-0.04506801566288627,0.0333816637357102,0.4662602011397204,0.07310683199727067,STRUCTURAL_STRESS,-0.01415929203539823,-7014866,0,NET_SELLING,-6.846019441335347,0,7014866,,,ACCELERATING,0.4662602011397204,0.4420449565934654
MC-GNTX-2022-03-31,GNTX,0000355811,Consumer Discretionary,5009665761,2022-03-31,2022-Q1,trap,-0.2012,0.28,-0.0018465441176470582,0.33284375744425865,-0.12637362637362637,0.8711325047188064,-0.10894205829977285,-0.004237372862877738,2.5846078334354194,0.013767402971949316,-0.30000000000000004,,2.424795173943511,0.17626783960803705,-2.752585723921506,-0.003784639461145116,0.039967751867635945,0.11477694613728312,0.07310683199727067,STRUCTURAL_STRESS,-0.016000000000000014,-7014866,0,NET_SELLING,-6.846019441335347,0,7014866,0.33719363470550845,-0.33719363470550845,ACCELERATING,0.11477694613728312,0.18862590801841123
MC-CMS-PC-2022-03-31,CMS-PC,,Unknown,5001822172,2022-03-31,2022-Q1,trap,-0.1716,0.28,-0.0018465441176470582,0.33284375744425865,,,,,,,,,,,,,,,,,,,,,,,,,,,,
MC-MSM-2020-09-30,MSM,0001003078,Industrials,4998275498,2020-09-30,2020-Q3,winner,0.551,0.3,0.0032605072302558397,0.5283576675433289,-2,0.6189019671144156,-0.0517058937473577,0.07451782565193539,0.5914557996510117,0.1034117874947154,-0.050000000000000044,,-1.9856529055379133,,,0.0013941603495119235,0.04795331310132572,0.06842251068543022,0.04764984086300517,STRUCTURAL_STRESS,0.12380952380952381,-60896,0,NET_SELLING,-4.784595898289075,0,60896,,,PEAK,0.06842251068543022,-0.7967086935902354
MC-MSM-2022-03-31,MSM,0001003078,Industrials,4998275498,2022-03-31,2022-Q1,trap,-0.0885,0.28,-0.0018465441176470582,0.33284375744425865,0.46153846153846156,0.3518556028983906,-0.040652495434784795,-0.023271970858657266,0.653768261265228,-0.018762690200669906,0.050000000000000044,,-3.3068672455933834,,,0.0013941603495119235,0.04319080838808253,0.06842251068543022,0.04764984086300517,STRUCTURAL_STRESS,0.09752066115702479,-60896,0,NET_SELLING,-4.784595898289075,0,60896,,,PEAK,0.06842251068543022,-0.7967086935902354
MC-SSRM-2020-09-30,SSRM,,Unknown,4990843291,2020-09-30,2020-Q3,trap,-0.2882,0.3,0.0032605072302558397,0.5283576675433289,30.9,0.015807996037702214,-0.0040232374397835245,0.051364537647820604,2.1239853766525303,-0.1243180368893109,0.050000000000000044,,,,,,,,,,,,,,,,,,,,,
MC-SSRM-2022-03-31,SSRM,,Unknown,4990843291,2022-03-31,2022-Q1,trap,-0.5389,0.28,-0.0018465441176470582,0.33284375744425865,-2.956043956043956,0.5924392290713372,-0.02194951712831252,0.019004610970535296,0.3690649115990124,0.06488373744523152,-0.15000000000000002,,,,,,,,,,,,,,,,,,,,,
MC-KBR-2020-09-30,KBR,0001357615,Industrials,4970535826,2020-09-30,2020-Q3,winner,1.636,0.3,0.0032605072302558397,0.5283576675433289,-2.5,0.0017541702644280094,-0.04783479947341299,0.040638523156004414,1.064678502064281,0.11958699868353247,0.050000000000000044,,4.998538025001164,5.245524124034092,5.145169886433549,0.0005212485780367831,0.039448603918435986,0.059121438064106274,0.16447623558450386,STRUCTURAL_STRESS,0.020338983050847442,-2478795,0,NET_SELLING,-6.394240786663001,0,2478795,0.21569415483302468,-0.21569415483302468,ACCELERATING,0.059121438064106274,0.03851385936131653
MC-KBR-2022-03-31,KBR,0001357615,Industrials,4970535826,2022-03-31,2022-Q1,trap,-0.0899,0.28,-0.0018465441176470582,0.33284375744425865,-0.9725274725274725,0.4242075093513044,-0.017580436556835517,0.04047830893751231,0.3674200425391099,0.017097457530548827,-0.15000000000000002,,0.8939933366434009,0.7814704902904396,2.9125148561570904,0.000643391197248979,0.047192773021491115,0.027853398289784444,0.17615784264792744,STRUCTURAL_STRESS,0.015384615384615385,-2478795,0,NET_SELLING,-6.394240786663001,0,2478795,0.21401202928607907,-0.21401202928607907,ACCELERATING,0.027853398289784444,0.045361636175526715
MC-REXR-PB-2020-09-30,REXR-PB,,Unknown,4917189299,2020-09-30,2020-Q3,trap,-0.2113,0.3,0.0032605072302558397,0.5283576675433289,,,,,,,,,,,,,,,,,,,,,,,,,,,,
MC-REXR-PB-2022-03-31,REXR-PB,,Unknown,4917189299,2022-03-31,2022-Q1,trap,-0.0895,0.28,-0.0018465441176470582,0.33284375744425865,,,,,,,,,,,,,,,,,,,,,,,,,,,,
MC-BKH-2020-09-30,BKH,,Unknown,4903649628,2020-09-30,2020-Q3,trap,-0.0542,0.3,0.0032605072302558397,0.5283576675433289,34,0.8235535266046218,0.08522982948023086,-0.032773187789779404,4.605170185988091,2.8978142023278495,0.30000000000000004,,,,,,,,,,,,,,,,,,,,,
MC-BKH-2022-03-31,BKH,,Unknown,4903649628,2022-03-31,2022-Q1,trap,-0.2125,0.28,-0.0018465441176470582,0.33284375744425865,-8.945054945054945,0.48686777463555087,-0.14888000772217871,0.09068863409841249,0.35763298871595106,1.3317398492950931,0.050000000000000044,,,,,,,,,,,,,,,,,,,,,
MC-CAR-2020-09-30,CAR,0000723612,Industrials,4900715279,2020-09-30,2020-Q3,winner,5.8271,0.3,0.0032605072302558397,0.5283576675433289,-5.6,0.11537644913560909,0.033445389959072896,-0.0044574433794464345,0.3140417222915046,-0.1872941837708082,0.1499999999999999,,-1.6887822419674952,-2.1530256174202558,-3.856031855857553,0.0036129884471198244,0.01627666669003252,-0.2285195940766976,0.2176200333201685,STRUCTURAL_STRESS,0.04242424242424242,45142221,151.407,NET_BUYING,7.654582932202723,45442354,300133,0.01072926635344795,-0.01072926635344795,DECELERATING,-0.2285195940766976,-0.18676220778142455
MC-CAR-2022-03-31,CAR,0000723612,Industrials,4900715279,2022-03-31,2022-Q1,trap,-0.7117,0.28,-0.0018465441176470582,0.33284375744425865,-1.043956043956044,0.5757757492439471,0.026143823628271418,0.0574520185712157,1.058339122260029,-0.02729300268885478,0.19999999999999996,,0.21141610851740222,0.20447346459411664,0.18921203026937616,-0.002882384460521783,0.011490016899154928,0.6631150678748218,0.19538989249499117,STRUCTURAL_STRESS,0.03423423423423422,45142221,151.407,NET_BUYING,7.654582932202723,45442354,300133,0.2236859724451101,-0.2236859724451101,ACCELERATING,0.6631150678748218,0.1032489886984839
MC-MCY-2020-09-30,MCY,,Unknown,4894693120,2020-09-30,2020-Q3,trap,-0.3225,0.3,0.0032605072302558397,0.5283576675433289,9.3,0.6728370727096544,0.0746631942133224,0.0027965249365443645,1.8870404481154877,0.6943677061838984,0.3999999999999999,,,,,,,,,,,,,,,,,,,,,
MC-MCY-2022-03-31,MCY,,Unknown,4894693120,2022-03-31,2022-Q1,underperform,0.0164,0.28,-0.0018465441176470582,0.33284375744425865,-15.912087912087912,0.40555985710994535,0.05128860420243986,-0.0012952861316308066,0.13622787874912254,-0.8161087789575046,-0.050000000000000044,,,,,,,,,,,,,,,,,,,,,
MC-MTN-2020-09-30,MTN,0000812011,Consumer Discretionary,4871853059,2020-09-30,2020-Q3,underperform,0.037,0.3,0.0032605072302558397,0.5283576675433289,-0.7,0.002404621551416695,-0.04863672397753813,0.01032018372658191,0.6368818890233403,0.03404570678427669,-0.09999999999999998,,6.786473491629091,8.002994899262099,9.50300294736355,0.032224073713119535,0.036546561074860484,0.03170997284436795,0.058796596371628165,STRUCTURAL_STRESS,-0.009523809523809545,-94466380,0,NET_SELLING,-7.975277277885732,0,94466380,0.14366392890246044,0.14366392890246044,PEAK,0.03170997284436795,-0.2721726448488627
MC-MTN-2022-03-31,MTN,0000812011,Consumer Discretionary,4871853059,2022-03-31,2022-Q1,trap,-0.3852,0.28,-0.0018465441176470582,0.33284375744425865,0.7142857142857143,0.4577506582706885,-0.17095280727493914,-0.03868078913315692,0.4351557108758865,-0.12210914805352796,-0.050000000000000044,,4.959378706538706,7.023452220945814,7.039369293693763,0.02056182537371968,0.026631421719554963,0.13356621716855488,0.14361085773470517,STRUCTURAL_STRESS,-0.018181818181818188,-94466380,0,NET_SELLING,-7.975277277885732,0,94466380,0.2035313339462525,-0.2035313339462525,PEAK,0.13356621716855488,-0.2871606149636078
MC-LOPE-2020-09-30,LOPE,0001434588,Consumer Discretionary,4866850278,2020-09-30,2020-Q3,mixed,0.4621,0.3,0.0032605072302558397,0.5283576675433289,1.5,0.06503578403877881,0.02457535726170717,-0.06429480116428654,2.9701063414756987,0.03686303589256075,0.19999999999999996,,-0.9135416657673948,-1.1375047705735544,-1.390190626120721,0.00383150866642786,0.09873141670555087,-0.36483265280962557,0.19140144219925379,STRUCTURAL_STRESS,0.009523809523809518,-1553203,0,NET_SELLING,-6.191228500323463,0,1553203,0.0834666222755048,-0.0834666222755048,DECELERATING,-0.36483265280962557,-0.30990794723539516
MC-LOPE-2022-03-31,LOPE,0001434588,Consumer Discretionary,4866850278,2022-03-31,2022-Q1,winner,0.7817,0.28,-0.0018465441176470582,0.33284375744425865,0.8461538461538461,0.4092216064476737,0.07225200705149558,0.07075269082093866,0.5030513829793697,0.061136313658957796,0.3999999999999999,,0.6297929073210285,0.405829802514869,0.15314394696770234,0.00383150866642786,0.08944876965917145,-0.36483265280962557,0.19140144219925379,STRUCTURAL_STRESS,-0.011965811965811979,-1553203,0,NET_SELLING,-6.191228500323463,0,1553203,0.0834666222755048,-0.0834666222755048,DECELERATING,-0.36483265280962557,-0.30990794723539516
MC-ALKS-2020-09-30,ALKS,,Unknown,4865412897,2020-09-30,2020-Q3,winner,0.6904,0.3,0.0032605072302558397,0.5283576675433289,10.6,0.3923935040962538,0.052379940777321055,0.03605950545713222,1.0542056221740288,0.5552273722396032,0.25,,,,,,,,,,,,,,,,,,,,,
MC-ALKS-2022-03-31,ALKS,,Unknown,4865412897,2022-03-31,2022-Q1,mixed,0.255,0.28,-0.0018465441176470582,0.33284375744425865,0.5274725274725275,0.5913617883314524,0.04208332499036449,0.0013321507851083315,0.878260893482896,0.022197797797115337,0.050000000000000044,,,,,,,,,,,,,,,,,,,,,
MC-SAIC-2020-09-30,SAIC,0001571123,Industrials,4858822765,2020-09-30,2020-Q3,mixed,0.3458,0.3,0.0032605072302558397,0.5283576675433289,-0.2,0.5555533039107197,-0.021288655413482918,-0.013164584138639333,1.5096487349851813,0.004257731082696584,0.050000000000000044,,0.7138959003280881,-1.3241044676474965,4.033366068390156,-0.0025903906371983715,0.03786767670474808,0.8827820548466933,0.115677954402048,STRUCTURAL_STRESS,-0.04810126582278482,,,,,,,0.11358783063997167,-0.11358783063997167,ACCELERATING,0.8827820548466933,0.2202940334789714
MC-SAIC-2022-03-31,SAIC,0001571123,Industrials,4858822765,2022-03-31,2022-Q1,mixed,0.2181,0.28,-0.0018465441176470582,0.33284375744425865,-0.23626373626373626,0.4034909325993507,-0.04114971891908789,-0.010021227174403763,0.9439245669858642,0.00972218633802626,0.050000000000000044,,0.4531580196272116,1.6300312374459733,-0.15164178874792011,-0.00310397392472643,0.0303233730556556,0.4398876665460174,0.11188935615183822,STRUCTURAL_STRESS,-0.07096774193548389,,,,,,,0.0994981197641361,0.0994981197641361,ACCELERATING,0.4398876665460174,0.27940162365409604
MC-AX-2020-09-30,AX,,Unknown,4850515362,2020-09-30,2020-Q3,winner,0.6242,0.3,0.0032605072302558397,0.5283576675433289,8.5,0.9990120980549263,0.008839828113457371,-0.006962076368517039,1.5176352233795247,0.07513853896438766,0.19999999999999996,,,,,,,,,,,,,,,,,,,,,
MC-AX-2022-03-31,AX,,Unknown,4850515362,2022-03-31,2022-Q1,mixed,0.3908,0.28,-0.0018465441176470582,0.33284375744425865,5.8901098901098905,0.42182898443830286,-0.02068507657607359,0.15397885324216873,0.5613792755489269,-0.12183737411841147,0.19999999999999996,,,,,,,,,,,,,,,,,,,,,
MC-RITM-2020-09-30,RITM,0001556593,Financials,4847345591,2020-09-30,2020-Q3,underperform,0.1686,0.3,0.0032605072302558397,0.5283576675433289,,,,,,,,,,,,,0.07337287199742393,,,STRUCTURAL_STRESS,-0.09156626506024097,,,,,,,,,,,
MC-RITM-2022-03-31,RITM,0001556593,Financials,4847345591,2022-03-31,2022-Q1,underperform,0.0428,0.28,-0.0018465441176470582,0.33284375744425865,,,,,,,,,2.6120452130982277,,,0.053489952702958324,0.053247956770906525,0.8457337461865237,0.4019765527551188,STRUCTURAL_STRESS,-0.06315789473684211,,,,,,,,,ACCELERATING,0.8457337461865237,1.7050576810228044
MC-PAGP-2020-09-30,PAGP,,Unknown,4832854276,2020-09-30,2020-Q3,winner,1.647,0.3,0.0032605072302558397,0.5283576675433289,19,0.6782731861086078,-0.08344850211566751,-0.000990262510583078,1.2386297982904944,-1.5855215401976828,-0.15000000000000002,,,,,,,,,,,,,,,,,,,,,
MC-PAGP-2022-03-31,PAGP,,Unknown,4832854276,2022-03-31,2022-Q1,winner,0.8494,0.28,-0.0018465441176470582,0.33284375744425865,-9.5,0.4321587504982784,0.050203023106350254,0.01692329084985053,0.31577942117206914,-0.4769287195103274,0.050000000000000044,,,,,,,,,,,,,,,,,,,,,
MC-BC-2020-09-30,BC,0000014930,Consumer Discretionary,4816121561,2020-09-30,2020-Q3,mixed,0.341,0.3,0.0032605072302558397,0.5283576675433289,2,0.9805624233948518,-0.13804438455706894,0.03330050290064969,1.0355931740229727,-0.2760887691141379,-0.050000000000000044,,1.9138960853617633,1.3735747845779942,1.2058228309031838,0.009944415862841513,0.0921128428691845,-0.141540893595112,0.09394043737569663,STRUCTURAL_STRESS,0.12380952380952381,-9671556,0,NET_SELLING,-6.985496395704077,0,9671556,0.4927898234909441,-0.4927898234909441,DECELERATING,-0.141540893595112,-0.5140519318505361
MC-BC-2022-03-31,BC,0000014930,Consumer Discretionary,4816121561,2022-03-31,2022-Q1,trap,-0.3343,0.28,-0.0018465441176470582,0.33284375744425865,0.07142857142857142,0.5374387549065022,-0.054004900373089,0.09917236892691281,0.9416846725518058,-0.0038574928837920713,0.25,,2.961137413085854,2.4993661659089437,2.24641535516217,0.008248427526332513,0.07706998130082407,0.4361242447369871,0.09851843331387963,STRUCTURAL_STRESS,0.11304347826086958,-9671556,0,NET_SELLING,-6.985496395704077,0,9671556,0.42238925646727715,0.42238925646727715,PEAK,0.4361242447369871,-0.1914680024160439
MC-RDN-2020-09-30,RDN,,Unknown,4803040819,2020-09-30,2020-Q3,winner,0.7187,0.3,0.0032605072302558397,0.5283576675433289,-26.6,0.16231232285131128,-0.030200946196305877,-0.014092383769070812,0.6069934662674689,0.8033451688217363,0.050000000000000044,,,,,,,,,,,,,,,,,,,,,
MC-RDN-2022-03-31,RDN,,Unknown,4803040819,2022-03-31,2022-Q1,winner,0.489,0.28,-0.0018465441176470582,0.33284375744425865,-0.09340659340659341,0.40634217849369303,0.1130120993231979,0.1799695941987542,0.25052372878034074,-0.010556075211507497,0.19999999999999996,,,,,,,,,,,,,,,,,,,,,
MC-DAN-2020-09-30,DAN,,Unknown,4764478303,2020-09-30,2020-Q3,underperform,0.1907,0.3,0.0032605072302558397,0.5283576675433289,12.5,0.9999523036703319,-0.03770591747478835,-0.013556095575229746,4.605170185988091,-0.4713239684348544,0.050000000000000044,,,,,,,,,,,,,,,,,,,,,
MC-DAN-2022-03-31,DAN,,Unknown,4764478303,2022-03-31,2022-Q1,trap,-0.2413,0.28,-0.0018465441176470582,0.33284375744425865,1.9615384615384615,0.5628980572969309,-0.11157879734386048,0.05237169647407686,1.6043636352763202,-0.21886610248218785,0.10000000000000009,,,,,,,,,,,,,,,,,,,,,
MC-CHH-2020-09-30,CHH,0001046311,Consumer Discretionary,4744768677,2020-09-30,2020-Q3,mixed,0.4252,0.3,0.0032605072302558397,0.5283576675433289,0.4,0.9046263543855717,0.04124339385306932,0.021190813215742496,0.6580348054335554,0.01649735754122773,0.19999999999999996,,,,,5.494063036719168e-05,0.07134828172037165,-0.13853933182898404,0.14502834955324068,STRUCTURAL_STRESS,-0.026446280991735543,-1608117,0,NET_SELLING,-6.206317913111832,0,1608117,0.18498738787872931,-0.18498738787872931,TROUGH,-0.13853933182898404,0.007956308368904107
MC-CHH-2022-03-31,CHH,0001046311,Consumer Discretionary,4744768677,2022-03-31,2022-Q1,trap,-0.0633,0.28,-0.0018465441176470582,0.33284375744425865,0.0989010989010989,0.35479910231702594,-0.00478326045810041,-0.005692602750738924,0.8813613272289178,-0.0004730697156363043,0.19999999999999996,,,,,-4.112682588949958e-05,0.07145428945404525,0.3471170927107193,0.14502834955324068,STRUCTURAL_STRESS,-0.012030075187969946,-1608117,0,NET_SELLING,-6.206317913111832,0,1608117,0.21561766826618053,-0.21561766826618053,ACCELERATING,0.3471170927107193,0.01071255431956878
MC-FBIN-2020-09-30,FBIN,0001519751,Industrials,4733910131,2020-09-30,2020-Q3,trap,-0.1594,0.3,0.0032605072302558397,0.5283576675433289,,,,,,,,,1.9736703619527762,-0.8381675095802279,3.805473850893288,0.014675858309800824,0.04081147025377603,0.029777387297756995,0.03156461598592798,NATURAL_PROCESS,-0.038709677419354854,-9068207,0,NET_SELLING,-6.9575214731016155,0,9068207,0.4158518577537411,-0.4158518577537411,PEAK,0.029777387297756995,-0.49345913263659896
MC-FBIN-2022-03-31,FBIN,0001519751,Industrials,4733910131,2022-03-31,2022-Q1,trap,-0.0411,0.28,-0.0018465441176470582,0.33284375744425865,,,,,,,,,-0.8302806138500893,-2.468804495430156,-1.2294285768000186,0.007129134378614716,0.03679325170372998,0.2397332458382614,0.03156461598592798,NATURAL_PROCESS,-0.019047619047619063,-9068207,0,NET_SELLING,-6.9575214731016155,0,9068207,0.26087019859684374,-0.26087019859684374,PEAK,0.2397332458382614,-0.22340082703240025
MC-TNL-2020-09-30,TNL,0001361658,Consumer Discretionary,4714759913,2020-09-30,2020-Q3,underperform,0.1941,0.3,0.0032605072302558397,0.5283576675433289,,,,,,,,,-1.3390674620137817,-1.0592647020606671,-1.5990321231900126,-0.012269254793947812,0.08044240138852432,-0.3521230396060438,0.21974760356247733,STRUCTURAL_STRESS,-0.049557522123893805,-1855005,0,NET_SELLING,-6.26834531867488,0,1855005,0.1512325873287232,-0.1512325873287232,DECELERATING,-0.3521230396060438,-0.21454598445007836
MC-TNL-2022-03-31,TNL,0001361658,Consumer Discretionary,4714759913,2022-03-31,2022-Q1,trap,-0.2011,0.28,-0.0018465441176470582,0.33284375744425865,-1.25,0.6828151401850523,0.031975797555740704,0.086234442521715,1.1567539437981849,-0.03996974694467588,0.050000000000000044,,1.4039151434554358,,,,0.06205444861765476,0.4537769880041111,0.09856382078333153,STRUCTURAL_STRESS,-0.016000000000000014,-1855005,0,NET_SELLING,-6.26834531867488,0,1855005,,,ACCELERATING,0.4537769880041111,0.5427241949681176
MC-CPA-2020-09-30,CPA,,Unknown,4691246707,2020-09-30,2020-Q3,winner,0.7704,0.3,0.0032605072302558397,0.5283576675433289,-68.9,1.5106458041198968e-05,-0.01395997468071823,-0.02550178276613113,0.36962844998898753,0.9618422555014862,-0.15000000000000002,,,,,,,,,,,,,,,,,,,,,
MC-CPA-2022-03-31,CPA,,Unknown,4691246707,2022-03-31,2022-Q1,underperform,0.1055,0.28,-0.0018465441176470582,0.33284375744425865,-8.653846153846153,0.4670423433326966,0.020067242225407633,0.004351478678254437,0.34008988020732006,-0.17365882695064297,0,,,,,,,,,,,,,,,,,,,,,
MC-SBRA-2020-09-30,SBRA,,Unknown,4670192200,2020-09-30,2020-Q3,underperform,0.0109,0.3,0.0032605072302558397,0.5283576675433289,-63.3,0.011114079319850591,-0.022536048127741466,-0.039671057639939764,0.4767130062629692,1.4265318464860348,0,,,,,,,,,,,,,,,,,,,,,
MC-SBRA-2022-03-31,SBRA,,Unknown,4670192200,2022-03-31,2022-Q1,underperform,0.1733,0.28,-0.0018465441176470582,0.33284375744425865,4.032967032967033,0.46669968898508857,-0.1440571503304468,0.0023764876172755536,0.2888768263131789,-0.5809777381458678,0.050000000000000044,,,,,,,,,,,,,,,,,,,,,
MC-REXR-PC-2020-09-30,REXR-PC,,Unknown,4664148817,2020-09-30,2020-Q3,trap,-0.2444,0.3,0.0032605072302558397,0.5283576675433289,,,,,,,,,,,,,,,,,,,,,,,,,,,,
MC-REXR-PC-2022-03-31,REXR-PC,,Unknown,4664148817,2022-03-31,2022-Q1,trap,-0.1314,0.28,-0.0018465441176470582,0.33284375744425865,,,,,,,,,,,,,,,,,,,,,,,,,,,,
MC-BFAM-2020-09-30,BFAM,0001437578,Consumer Discretionary,4657162733,2020-09-30,2020-Q3,trap,-0.4642,0.3,0.0032605072302558397,0.5283576675433289,-1.4,0.9893531128421069,-0.10274828735978911,-0.060668583029825,0.7155851404221854,0.14384760230370475,-0.44999999999999996,,0.5887009910488175,-5.932213445239709,-3.8918313926054617,-0.000640905723537559,0.046604207616818286,0.08433063027724916,0.09828437074734556,STRUCTURAL_STRESS,-0.01428571428571429,-4756190,0,NET_SELLING,-6.677259286775177,0,4756190,0.07121420830293375,0.07121420830293375,PEAK,0.08433063027724916,-0.015155335777469844
MC-BFAM-2022-03-31,BFAM,0001437578,Consumer Discretionary,4657162733,2022-03-31,2022-Q1,trap,-0.0426,0.28,-0.0018465441176470582,0.33284375744425865,-0.6428571428571429,0.46361914515835195,-0.08523251050550444,0.05376126745005183,0.47444850259686017,0.05479232818211,0.050000000000000044,,-1.0014358010333186,-4.963622887154575,-5.481968184687598,-0.000640905723537559,0.03558200235269614,0.08433063027724916,0.09828437074734556,STRUCTURAL_STRESS,-0.03116883116883118,-4756190,0,NET_SELLING,-6.677259286775177,0,4756190,0.07121420830293375,0.07121420830293375,PEAK,0.08433063027724916,-0.015155335777469844
MC-KRFG-2020-09-30,KRFG,,Unknown,4655550693,2020-09-30,2020-Q3,trap,-0.1111,0.3,0.0032605072302558397,0.5283576675433289,,,,,,,,,,,,,,,,,,,,,,,,,,,,
MC-KRFG-2022-03-31,KRFG,,Unknown,4655550693,2022-03-31,2022-Q1,trap,-0.9,0.28,-0.0018465441176470582,0.33284375744425865,10.535714285714286,0.9999918498565509,-2.4309494219008685,0.0068860061060020405,,-25.611788552169866,-0.33399999999999996,,,,,,,,,,,,,,,,,,,,,
MC-LAZ-2020-09-30,LAZ,0001311370,Financials,4651601254,2020-09-30,2020-Q3,trap,-0.0617,0.3,0.0032605072302558397,0.5283576675433289,0.9,0.019716059936159793,0.07028775046646685,0.05144542467524844,4.605170185988091,0.06325897541982016,0.25,,1.894947143644502,-1.8156251424989016,1.167177655608144,0.00029716300073374095,0.05326136291165008,-0.11162136572827763,0.058633363485336314,STRUCTURAL_STRESS,-0.00530973451327435,-6621738,0,NET_SELLING,-6.820972058763732,0,6621738,0.19417449146366245,0.19417449146366245,DECELERATING,-0.11162136572827763,-0.03550351470914926
MC-LAZ-2022-03-31,LAZ,0001311370,Financials,4651601254,2022-03-31,2022-Q1,mixed,0.2551,0.28,-0.0018465441176470582,0.33284375744425865,0.17032967032967034,0.43384968547185265,-0.19118861633093417,0.025573706798129203,0.9661365463377842,-0.03256509399043384,0.10000000000000009,,1.792095619712837,0.5851161989825351,-5.679367993837518,-0.0006735867842272701,0.05894534681251873,0.22683936261719587,0.058633363485336314,STRUCTURAL_STRESS,0.00799999999999998,-6621738,0,NET_SELLING,-6.820972058763732,0,6621738,0.19267105695569753,-0.19267105695569753,ACCELERATING,0.22683936261719587,0.0022195854730578113
MC-PECO-2022-03-31,PECO,,Unknown,4617376134,2022-03-31,2022-Q1,underperform,0.0611,0.28,-0.0018465441176470582,0.33284375744425865,-3.7,0.9913911545550913,-0.9284507931546779,-0.8210883286429984,0.2998652466315141,3.4352679346723085,-0.5,,,,,,,,,,,,,,,,,,,,,
MC-OSIS-2020-09-30,OSIS,,Unknown,4614763245,2020-09-30,2020-Q3,winner,0.5209,0.3,0.0032605072302558397,0.5283576675433289,18.6,0.7911309327732235,-0.0036964468815825664,0.046941986070756656,0.8289027232971571,-0.06875391199743575,-0.09999999999999998,,,,,,,,,,,,,,,,,,,,,
MC-OSIS-2022-03-31,OSIS,,Unknown,4614763245,2022-03-31,2022-Q1,winner,1.2831,0.28,-0.0018465441176470582,0.33284375744425865,0.17582417582417584,0.4770606301271642,0.023098811955542274,-0.03715465860751048,0.7551986798029475,0.00406132957460084,0.050000000000000044,,,,,,,,,,,,,,,,,,,,,
MC-PHI-2020-09-30,PHI,,Unknown,4597667040,2020-09-30,2020-Q3,trap,-0.2362,0.3,0.0032605072302558397,0.5283576675433289,10,0.8934139824554522,0.023121666055807732,-0.2153514994596918,0.6112578518616848,0.23121666055807732,0.19999999999999996,,,,,,,,,,,,,,,,,,,,,
MC-PHI-2022-03-31,PHI,,Unknown,4597667040,2022-03-31,2022-Q1,trap,-0.3776,0.28,-0.0018465441176470582,0.33284375744425865,1.8956043956043955,0.09769578095155369,-0.05896256786837625,-0.021484386918838694,0.3197025709731731,-0.11176970282741652,-0.050000000000000044,,,,,,,,,,,,,,,,,,,,,
MC-BDC-2020-09-30,BDC,,Unknown,4589905207,2020-09-30,2020-Q3,winner,2.1025,0.3,0.0032605072302558397,0.5283576675433289,4.3,0.6140357205879877,0.0013875983334228348,3.8131488696628146e-05,0.630771171630886,0.005966672833718189,0.19999999999999996,,,,,,,,,,,,,,,,,,,,,
MC-BDC-2022-03-31,BDC,,Unknown,4589905207,2022-03-31,2022-Q1,winner,0.8096,0.28,-0.0018465441176470582,0.33284375744425865,11.483516483516484,0.6756437826508254,-0.0904234986584738,0.07972470985859383,0.3896683474761079,-1.0383797373418144,0.050000000000000044,,,,,,,,,,,,,,,,,,,,,
MC-BTU-2020-09-30,BTU,,Unknown,4550276091,2020-09-30,2020-Q3,winner,10.3,0.3,0.0032605072302558397,0.5283576675433289,16.4,0.9954335338108129,0.02648317174173822,0.06949577569810553,1.0189637150177917,0.43432401656450675,0.050000000000000044,,,,,,,,,,,,,,,,,,,,,
MC-BTU-2022-03-31,BTU,,Unknown,4550276091,2022-03-31,2022-Q1,trap,-0.4476,0.28,-0.0018465441176470582,0.33284375744425865,17.14835164835165,0.6214871668528864,-0.11271961303145463,0.028127319446205307,0.31159362029336696,-1.9329555619295051,-0.25,,,,,,,,,,,,,,,,,,,,,
MC-MRCY-2020-09-30,MRCY,,Unknown,4545317136,2020-09-30,2020-Q3,trap,-0.5212,0.3,0.0032605072302558397,0.5283576675433289,29.1,0.15895789797120585,0.010377819029331683,-0.019449198312306876,1.6200210595478668,0.301994533753552,0.19999999999999996,,,,,,,,,,,,,,,,,,,,,
MC-MRCY-2022-03-31,MRCY,,Unknown,4545317136,2022-03-31,2022-Q1,trap,-0.3314,0.28,-0.0018465441176470582,0.33284375744425865,-0.18681318681318682,0.501762188085445,-0.040938046327606066,0.017007843928049732,1.1892997521915998,0.007647766896365969,-0.09999999999999998,,,,,,,,,,,,,,,,,,,,,
MC-PSMT-2020-09-30,PSMT,,Unknown,4489886954,2020-09-30,2020-Q3,underperform,0.1201,0.3,0.0032605072302558397,0.5283576675433289,0.9,0.05940540857511541,0.00857690530352561,-0.007104418700719302,0.43989726012364067,0.007719214773173049,-0.15000000000000002,,,,,,,,,,,,,,,,,,,,,
MC-PSMT-2022-03-31,PSMT,,Unknown,4489886954,2022-03-31,2022-Q1,underperform,0.1139,0.28,-0.0018465441176470582,0.33284375744425865,4.423076923076923,0.5700362503020295,-0.08890945768928586,0.02667412344895093,0.5325295182857812,-0.3932533705487644,0.25,,,,,,,,,,,,,,,,,,,,,
MC-NVST-2020-09-30,NVST,0001757073,Health Care,4449339497,2020-09-30,2020-Q3,underperform,0.1297,0.3,0.0032605072302558397,0.5283576675433289,-3.1,0.003256135699648976,-0.08467823793204773,-0.10177381941032881,0.5235069906097969,0.262502537589348,-0.30000000000000004,,,,,,0.077121671767031,-0.1416244048490303,0.25566566833017357,STRUCTURAL_STRESS,0.2444444444444444,,,,,,,,,DECELERATING,-0.1416244048490303,-0.42937123281969225
MC-NVST-2022-03-31,NVST,0001757073,Health Care,4449339497,2022-03-31,2022-Q1,trap,-0.6457,0.28,-0.0018465441176470582,0.33284375744425865,-0.5934065934065934,0.5077363699987033,-0.044569174242893694,-0.0032318896190561552,0.8749505551818344,0.026447641858420433,0.050000000000000044,,6.549197899453718,,,-0.02192254606519065,0.035430518540840325,0.29697066107540526,0.11724319826233799,STRUCTURAL_STRESS,-0.026086956521739146,,,,,,,0.23682879810429588,-0.23682879810429588,PEAK,0.29697066107540526,-0.04237742821035882
MC-BMI-2020-09-30,BMI,,Unknown,4446338588,2020-09-30,2020-Q3,winner,1.2009,0.3,0.0032605072302558397,0.5283576675433289,3.2,4.316169448380616e-06,-0.02622846110190675,-0.008487937182684153,1.8661455624441035,-0.0839310755261016,0.050000000000000044,,,,,,,,,,,,,,,,,,,,,
MC-BMI-2022-03-31,BMI,,Unknown,4446338588,2022-03-31,2022-Q1,winner,0.908,0.28,-0.0018465441176470582,0.33284375744425865,1.1318681318681318,0.4173376374552111,0.002584601583178598,0.014362293107813597,1.5793440678969657,0.0029254281655757756,0.19999999999999996,,,,,,,,,,,,,,,,,,,,,
MC-PFSI-2020-09-30,PFSI,,Unknown,4445955950,2020-09-30,2020-Q3,underperform,0.1459,0.3,0.0032605072302558397,0.5283576675433289,-35.7,0.5708233098957138,0.02892219136380593,-0.007024990334136602,1.2499251247485215,-1.0325222316878717,-0.09999999999999998,,,,,,,,,,,,,,,,,,,,,
MC-PFSI-2022-03-31,PFSI,,Unknown,4445955950,2022-03-31,2022-Q1,winner,0.8818,0.28,-0.0018465441176470582,0.33284375744425865,2.1043956043956045,0.5650864833368846,-0.24050009329117025,-0.0011249154314699732,0.9140503068091814,-0.5061073391786715,-0.15000000000000002,,,,,,,,,,,,,,,,,,,,,
MC-ORLA-2020-09-30,ORLA,,Unknown,4442368523,2020-09-30,2020-Q3,trap,-0.0916,0.3,0.0032605072302558397,0.5283576675433289,,,,,,,,,,,,,,,,,,,,,,,,,,,,
MC-ORLA-2022-03-31,ORLA,,Unknown,4442368523,2022-03-31,2022-Q1,winner,0.952,0.28,-0.0018465441176470582,0.33284375744425865,0.4166666666666667,0.25877078531604664,0.034937195824967605,0.027403051299233854,0.790575153037722,0.014557164927069837,0.19999999999999996,,,,,,,,,,,,,,,,,,,,,
MC-OLED-2020-09-30,OLED,0001005284,Information Technology,4440733140,2020-09-30,2020-Q3,trap,-0.1314,0.3,0.0032605072302558397,0.5283576675433289,-1.8,0.014249548534017803,-0.036964116413639087,0.018585987693258067,0.7343379097171708,0.06653540954455035,-0.09999999999999998,,1.1225844650233912,-0.34704579052247486,3.72857324719349,0.0002745232185838624,0.11295872449255864,0.17262601956882176,0.09003445698349644,STRUCTURAL_STRESS,-0.03495145631067961,,,,,,,0.2317391764099161,0.2317391764099161,PEAK,0.17262601956882176,-0.21251169865682645
MC-OLED-2022-03-31,OLED,0001005284,Information Technology,4440733140,2022-03-31,2022-Q1,trap,-0.1645,0.28,-0.0018465441176470582,0.33284375744425865,0.5,0.5649327442425911,0.03588116464416191,-0.020969312365236095,0.6356644561617854,0.017940582322080956,0.19999999999999996,,0.926311781599646,-14.42373818113871,1.5423616914180656,0.0018426913059004122,0.10968158531965043,0.344943685593608,0.09003445698349644,STRUCTURAL_STRESS,0,,,,,,,0.25042549415288484,0.25042549415288484,PEAK,0.344943685593608,-0.10667858055833435
MC-PHTCF-2020-09-30,PHTCF,,Unknown,4433464602,2020-09-30,2020-Q3,trap,-0.2717,0.3,0.0032605072302558397,0.5283576675433289,,,-0.40878664945602067,-0.1166666666666667,1.8368457506858609,,-0.30000000000000004,,,,,,,,,,,,,,,,,,,,,
MC-PHTCF-2022-03-31,PHTCF,,Unknown,4433464602,2022-03-31,2022-Q1,trap,-0.3883,0.28,-0.0018465441176470582,0.33284375744425865,16.78787878787879,0.9999996006343891,0.2233919098143236,155.79310344827587,4.605170185988091,3.750276304155615,0.25,,,,,,,,,,,,,,,,,,,,,
MC-BDRX-2020-09-30,BDRX,,Unknown,4414712308,2020-09-30,2020-Q3,trap,-0.9983,0.3,0.0032605072302558397,0.5283576675433289,,,,,,,,,,,,,,,,,,,,,,,,,,,,
MC-BDRX-2022-03-31,BDRX,,Unknown,4414712308,2022-03-31,2022-Q1,trap,-1,0.28,-0.0018465441176470582,0.33284375744425865,,,,,,,,,,,,,,,,,,,,,,,,,,,,
MC-VVV-2020-09-30,VVV,0001674910,Consumer Discretionary,4404032484,2020-09-30,2020-Q3,winner,0.6933,0.3,0.0032605072302558397,0.5283576675433289,-0.6,0.9926341878963483,0.032456946856362766,-0.051296336362342376,0.44195978234391375,-0.01947416811381766,0.1499999999999999,,,,,-0.017791303850416947,0.04785553920203059,0.10545793627934337,0.1866254577975572,STRUCTURAL_STRESS,0,-1978543,0,NET_SELLING,-6.296345712800037,0,1978543,,,ACCELERATING,0.10545793627934337,0.051509102506101
MC-VVV-2022-03-31,VVV,0001674910,Consumer Discretionary,4404032484,2022-03-31,2022-Q1,underperform,0.103,0.28,-0.0018465441176470582,0.33284375744425865,-0.23076923076923078,0.5504490493509911,-6.576088280345338e-05,0.04054682341755232,0.894659720183976,1.5175588339258472e-05,0.19999999999999996,,,,,-0.017791303850416947,0.02108901887445194,0.10545793627934337,0.1866254577975572,STRUCTURAL_STRESS,-0.01967213114754099,-1978543,0,NET_SELLING,-6.296345712800037,0,1978543,,,ACCELERATING,0.10545793627934337,0.051509102506101
MC-REYN-2020-09-30,REYN,,Unknown,4398882715,2020-09-30,2020-Q3,trap,-0.163,0.3,0.0032605072302558397,0.5283576675433289,-44.3,0.15972851737594743,-0.09180494675803358,-0.24261197798807865,0.7029643350789493,4.066959141380887,-0.30000000000000004,,,,,,,,,,,,,,,,,,,,,
MC-REYN-2022-03-31,REYN,,Unknown,4398882715,2022-03-31,2022-Q1,trap,-0.1868,0.28,-0.0018465441176470582,0.33284375744425865,-23.313186813186814,0.40182029855857554,-0.15564336648173746,-0.022928642113872265,0.19111939083333176,3.6285428790220444,-0.35,,,,,,,,,,,,,,,,,,,,,
MC-DTW-2020-09-30,DTW,,Unknown,4395610902,2020-09-30,2020-Q3,trap,-0.1547,0.3,0.0032605072302558397,0.5283576675433289,20,0.009797075436375183,-0.8555811055613536,-0.1452618947986779,0.7328395288468532,-17.11162211122707,0,,,,,,,,,,,,,,,,,,,,,
MC-DTW-2022-03-31,DTW,,Unknown,4395610902,2022-03-31,2022-Q1,trap,-0.1257,0.28,-0.0018465441176470582,0.33284375744425865,7.917582417582418,0.4523218341659557,0.11118928710159098,0.48568247800205244,0.8299775197184202,0.8803503445790803,0.25,,,,,,,,,,,,,,,,,,,,,
MC-GPI-2020-09-30,GPI,,Unknown,4390622995,2020-09-30,2020-Q3,winner,2.04,0.3,0.0032605072302558397,0.5283576675433289,-17.7,2.4972905503282095e-05,-0.0016572736726382011,-0.006791673753447962,0.44943954677465225,0.029333744005696157,0,,,,,,,,,,,,,,,,,,,,,
MC-GPI-2022-03-31,GPI,,Unknown,4390622995,2022-03-31,2022-Q1,winner,1.2758,0.28,-0.0018465441176470582,0.33284375744425865,-0.03296703296703297,0.6512654214440622,-0.004060987282313012,0.021838276469492327,0.6418066273062968,0.00013387870161471469,0.050000000000000044,,,,,,,,,,,,,,,,,,,,,
MC-TCBI-2020-09-30,TCBI,,Unknown,4356508676,2020-09-30,2020-Q3,winner,0.8921,0.3,0.0032605072302558397,0.5283576675433289,-8.6,0.0001918881522705228,0.06516965005971764,0.011740261966041273,1.1362009582478527,-0.5604589905135717,0.3999999999999999,,,,,,,,,,,,,,,,,,,,,
MC-TCBI-2022-03-31,TCBI,,Unknown,4356508676,2022-03-31,2022-Q1,mixed,0.3034,0.28,-0.0018465441176470582,0.33284375744425865,-6.604395604395604,0.6459174826310763,9.474968853894622e-05,0.03721150349340313,0.5501737901345947,-0.0006257644265044689,0.19999999999999996,,,,,,,,,,,,,,,,,,,,,
MC-MWA-2020-09-30,MWA,,Unknown,4353467204,2020-09-30,2020-Q3,mixed,0.2204,0.3,0.0032605072302558397,0.5283576675433289,18.6,0.0045101058561002084,0.10628875242752972,0.04656313726310849,0.7896538016244923,1.976970795152053,0.25,,,,,,,,,,,,,,,,,,,,,
MC-MWA-2022-03-31,MWA,,Unknown,4353467204,2022-03-31,2022-Q1,winner,0.9675,0.28,-0.0018465441176470582,0.33284375744425865,7.384615384615385,0.3986566525889617,-0.17533598882085255,0.0195312230020475,0.3893960286841332,-1.2947888405232189,0.050000000000000044,,,,,,,,,,,,,,,,,,,,,
MC-PTEN-2020-09-30,PTEN,,Unknown,4350754833,2020-09-30,2020-Q3,winner,3.8561,0.3,0.0032605072302558397,0.5283576675433289,1.5,0.922345481421529,0.11692898389947642,0.09654668712044571,0.5150487185445503,0.17539347584921464,0.3999999999999999,,,,,,,,,,,,,,,,,,,,,
MC-PTEN-2022-03-31,PTEN,,Unknown,4350754833,2022-03-31,2022-Q1,trap,-0.469,0.28,-0.0018465441176470582,0.33284375744425865,9.307692307692308,0.38545089005929495,-0.06302494335227621,-0.02536649444218414,0.3208679652597809,-0.5866167804327248,-0.050000000000000044,,,,,,,,,,,,,,,,,,,,,
MC-HASI-2020-09-30,HASI,,Unknown,4347708487,2020-09-30,2020-Q3,trap,-0.4985,0.3,0.0032605072302558397,0.5283576675433289,-11.7,0.02387652395980083,0.03285032914543399,-0.01292639667633142,0.9304195361596543,-0.3843488510015776,0.050000000000000044,,,,,,,,,,,,,,,,,,,,,
MC-HASI-2022-03-31,HASI,,Unknown,4347708487,2022-03-31,2022-Q1,trap,-0.3835,0.28,-0.0018465441176470582,0.33284375744425865,-2.065934065934066,0.4873146674410884,-0.033628052851974344,-0.024108513087844743,0.4789340360317344,0.06947333995792503,0,,,,,,,,,,,,,,,,,,,,,
MC-MTH-2020-09-30,MTH,,Unknown,4344708378,2020-09-30,2020-Q3,underperform,0.1087,0.3,0.0032605072302558397,0.5283576675433289,7.4,0.02460978220062577,0.029716340611948888,0.0518743351221144,1.3458712545721412,0.21990092052842178,0.050000000000000044,,,,,,,,,,,,,,,,,,,,,
MC-MTH-2022-03-31,MTH,,Unknown,4344708378,2022-03-31,2022-Q1,winner,0.789,0.28,-0.0018465441176470582,0.33284375744425865,3.3351648351648353,0.5815677180345802,0.10585884014254268,0.0952971262085307,0.434652451993661,0.35305668113474403,0.19999999999999996,,,,,,,,,,,,,,,,,,,,,
MC-CVSA-2020-09-30,CVSA,,Unknown,4337251911,2020-09-30,2020-Q3,winner,0.7461,0.3,0.0032605072302558397,0.5283576675433289,,,,,,,,,,,,,,,,,,,,,,,,,,,,
MC-CVSA-2022-03-31,CVSA,,Unknown,4337251911,2022-03-31,2022-Q1,winner,2.3874,0.28,-0.0018465441176470582,0.33284375744425865,,,,,,,,,,,,,,,,,,,,,,,,,,,,
MC-THO-2020-09-30,THO,0000730263,Consumer Discretionary,4334218036,2020-09-30,2020-Q3,trap,-0.0014,0.3,0.0032605072302558397,0.5283576675433289,1.8,0.9893280806907911,-0.026877968075219735,-0.004541859413058411,2.1711486986951085,-0.048380342535395526,0.050000000000000044,,5.794474401904208,,,0.0012426426388204583,0.13338385796219784,0.17159136511430875,0.12194554982005683,STRUCTURAL_STRESS,-0.08571428571428573,-950294,0.418,MIXED,-5.977858444219846,683893,1634187,,,ACCELERATING,0.17159136511430875,0.14013526119328873
MC-THO-2022-03-31,THO,0000730263,Consumer Discretionary,4334218036,2022-03-31,2022-Q1,trap,-0.0367,0.28,-0.0018465441176470582,0.33284375744425865,-0.07142857142857142,0.4618703378702692,-0.09005296417628567,-0.03768513107446474,1.1857368083968745,0.0064323545840204045,0,,0.7888021110149518,-11.076616854414526,-10.813538816554562,0.0027524582057037463,0.11352940446063695,0.512179949248611,0.09402812716485145,STRUCTURAL_STRESS,-0.08429752066115703,-950294,0.418,MIXED,-5.977858444219846,683893,1634187,0.15108210256783428,0.15108210256783428,ACCELERATING,0.512179949248611,0.263786488694302
MC-CSW-2020-09-30,CSW,,Unknown,4333726938,2020-09-30,2020-Q3,winner,1.2685,0.3,0.0032605072302558397,0.5283576675433289,,,,,,,,,,,,,,,,,,,,,,,,,,,,
MC-CSW-2022-03-31,CSW,,Unknown,4333726938,2022-03-31,2022-Q1,winner,1.4791,0.28,-0.0018465441176470582,0.33284375744425865,,,,,,,,,,,,,,,,,,,,,,,,,,,,
MC-FOLD-2020-09-30,FOLD,,Unknown,4330675140,2020-09-30,2020-Q3,trap,-0.1388,0.3,0.0032605072302558397,0.5283576675433289,-0.3,0.10370448559019334,0.010064291861632184,-0.0036824770787164435,1.3667654816842492,-0.003019287558489655,0.050000000000000044,,,,,,,,,,,,,,,,,,,,,
MC-FOLD-2022-03-31,FOLD,,Unknown,4330675140,2022-03-31,2022-Q1,trap,-0.1383,0.28,-0.0018465441176470582,0.33284375744425865,1.5494505494505495,0.5388360290400824,-0.01913079514034113,0.021482490129765795,1.069217885485224,-0.029642221041627465,0.050000000000000044,,,,,,,,,,,,,,,,,,,,,
MC-HCXY-2020-09-30,HCXY,,Unknown,4327134864,2020-09-30,2020-Q3,trap,-0.0959,0.3,0.0032605072302558397,0.5283576675433289,,,-0.3603470404472358,0.8531236154186974,4.605170185988091,,0.3340000000000001,,,,,,,,,,,,,,,,,,,,,
MC-HCXY-2022-03-31,HCXY,,Unknown,4327134864,2022-03-31,2022-Q1,trap,-0.0277,0.28,-0.0018465441176470582,0.33284375744425865,6.7027972027972025,0.12448115208569498,-0.28193465722561506,0.35159966499162476,4.605170185988091,-1.8897508318234406,0.25,,,,,,,,,,,,,,,,,,,,,
MC-CPAC-2020-09-30,CPAC,,Unknown,4323458099,2020-09-30,2020-Q3,trap,-0.3372,0.3,0.0032605072302558397,0.5283576675433289,120.9,0.8446581459225275,0.23669854124217204,0.2381719624777221,0.9636450753808727,28.6168536361786,0.55,,,,,,,,,,,,,,,,,,,,,
MC-CPAC-2022-03-31,CPAC,,Unknown,4323458099,2022-03-31,2022-Q1,trap,-0.1471,0.28,-0.0018465441176470582,0.33284375744425865,5.362637362637362,0.7099102878515403,-0.38604614193147335,-0.5065779577808007,0.987349286441072,-2.070225464423725,-0.44999999999999996,,,,,,,,,,,,,,,,,,,,,
MC-IMVT-2020-09-30,IMVT,,Unknown,4307667025,2020-09-30,2020-Q3,underperform,0.0909,0.3,0.0032605072302558397,0.5283576675433289,9.9,0.09417688366150814,-0.2446174613981839,-0.15587715857359824,1.1506287084213742,-2.4217128678420208,-0.30000000000000004,,,,,,,,,,,,,,,,,,,,,
MC-IMVT-2022-03-31,IMVT,,Unknown,4307667025,2022-03-31,2022-Q1,winner,2.1016,0.28,-0.0018465441176470582,0.33284375744425865,0.6263736263736264,0.33081266181832697,0.028169317908675072,0.05090652929212647,0.9847641692841265,0.01764451781092834,-0.09999999999999998,,,,,,,,,,,,,,,,,,,,,
MC-TPH-2020-09-30,TPH,,Unknown,4289515184,2020-09-30,2020-Q3,winner,0.5077,0.3,0.0032605072302558397,0.5283576675433289,-0.7,0.9993121429972572,0.0051579450082680995,-0.008496466733790724,3.6743099683143248,-0.0036105615057876695,0.19999999999999996,,,,,,,,,,,,,,,,,,,,,
MC-TPH-2022-03-31,TPH,,Unknown,4289515184,2022-03-31,2022-Q1,winner,0.5896,0.28,-0.0018465441176470582,0.33284375744425865,17.39010989010989,0.527055798887932,0.04869403737897439,0.08015985098931133,0.47417473011040034,0.8467946610134832,0.1499999999999999,,,,,,,,,,,,,,,,,,,,,
MC-PKX-2020-09-30,PKX,,Unknown,4272574014,2020-09-30,2020-Q3,winner,1.4486,0.3,0.0032605072302558397,0.5283576675433289,22.3,0.9897730752302997,-0.18454386803983924,-0.09070038317341675,2.0906691603034755,-4.115328257288415,-0.15000000000000002,,,,,,,,,,,,,,,,,,,,,
MC-PKX-2022-03-31,PKX,,Unknown,4272574014,2022-03-31,2022-Q1,trap,-0.1981,0.28,-0.0018465441176470582,0.33284375744425865,5.1098901098901095,0.476890276216405,-0.2710342364932099,-0.02772293835267574,0.697185856039513,-1.3849551644982703,-0.15000000000000002,,,,,,,,,,,,,,,,,,,,,
MC-SKY-2020-09-30,SKY,,Unknown,4262476392,2020-09-30,2020-Q3,winner,1.3803,0.3,0.0032605072302558397,0.5283576675433289,-16,0.9383841298292946,0.013273617505106292,-0.0392900261924542,0.6045844056360519,-0.21237788008170067,0.050000000000000044,,,,,,,,,,,,,,,,,,,,,
MC-SKY-2022-03-31,SKY,,Unknown,4262476392,2022-03-31,2022-Q1,winner,0.7267,0.28,-0.0018465441176470582,0.33284375744425865,0.07692307692307693,0.5942988040959336,-0.05886029153652769,-0.04720173265204247,0.6507750930573469,-0.004527714733579054,-0.15000000000000002,,,,,,,,,,,,,,,,,,,,,
MC-KEN-2020-09-30,KEN,,Unknown,4234599491,2020-09-30,2020-Q3,trap,-0.007,0.3,0.0032605072302558397,0.5283576675433289,9,0.006156995442520233,-0.08802218667991957,-0.13233717880010154,4.605170185988091,-0.7921996801192761,0,,,,,,,,,,,,,,,,,,,,,
MC-KEN-2022-03-31,KEN,,Unknown,4234599491,2022-03-31,2022-Q1,trap,-0.5292,0.28,-0.0018465441176470582,0.33284375744425865,0.5824175824175825,0.2788785135421862,-0.20732607520226864,0.0630821072304756,0.5968932778879049,-0.1207503514914312,-0.050000000000000044,,,,,,,,,,,,,,,,,,,,,
MC-ASB-2020-09-30,ASB,,Unknown,4219313087,2020-09-30,2020-Q3,mixed,0.3558,0.3,0.0032605072302558397,0.5283576675433289,35.8,0.9702474714067505,-0.11907214024534758,-0.06328563850679511,0.8090327580807166,-4.262782620783443,-0.15000000000000002,,,,,,,,,,,,,,,,,,,,,
MC-ASB-2022-03-31,ASB,,Unknown,4219313087,2022-03-31,2022-Q1,trap,-0.0101,0.28,-0.0018465441176470582,0.33284375744425865,-6.076923076923077,0.46979792003614157,-0.028220982662651783,0.002110938917928187,0.3548601136707696,0.17149674079611468,-0.15000000000000002,,,,,,,,,,,,,,,,,,,,,
MC-MDU-2020-09-30,MDU,0000067716,Utilities,4215351866,2020-09-30,2020-Q3,mixed,0.2675,0.3,0.0032605072302558397,0.5283576675433289,-0.3,0.44590191121426714,-0.05505681992116668,-0.007981931222018082,1.4876416160791575,0.016517045976350002,-0.15000000000000002,,2.6428899886992814,-2.4275365059929865,2.83867442711553,0.00055773452301257,0.029677267052864963,0.09796944092543398,0.18394272816094287,STRUCTURAL_STRESS,-0.03146067415730339,-3446562,0,NET_SELLING,-6.537386221406238,0,3446562,0.15198891213950366,-0.15198891213950366,ACCELERATING,0.09796944092543398,0.07260838339249032
MC-MDU-2022-03-31,MDU,0000067716,Utilities,4215351866,2022-03-31,2022-Q1,winner,0.6693,0.28,-0.0018465441176470582,0.33284375744425865,-0.03296703296703297,0.610582551271373,0.13763455125176247,0.1506826027028489,0.8332839463924117,-0.004537402788519642,0.3999999999999999,,0.6120259860838698,2.759156526436842,3.398577069148582,-8.721471878785321e-05,0.01836346735701318,0.059428804297967416,0.18394272816094287,STRUCTURAL_STRESS,-0.031683168316831684,-3446562,0,NET_SELLING,-6.537386221406238,0,3446562,0.13978594052697582,-0.13978594052697582,ACCELERATING,0.059428804297967416,0.09114340295574921
MC-FELE-2020-09-30,FELE,,Unknown,4205113004,2020-09-30,2020-Q3,winner,0.5167,0.3,0.0032605072302558397,0.5283576675433289,-1.8,0.4179263343316173,-0.0329444079033848,-0.028804176351802404,1.1183401122733303,0.05929993422609264,0.050000000000000044,,,,,,,,,,,,,,,,,,,,,
MC-FELE-2022-03-31,FELE,,Unknown,4205113004,2022-03-31,2022-Q1,underperform,0.1305,0.28,-0.0018465441176470582,0.33284375744425865,2.4285714285714284,0.5064584108399566,-0.06856681436208203,0.09093105399371931,0.9338449340796501,-0.1665194063079135,0.10000000000000009,,,,,,,,,,,,,,,,,,,,,
MC-TDW-2020-09-30,TDW,,Unknown,4158794256,2020-09-30,2020-Q3,winner,9.5917,0.3,0.0032605072302558397,0.5283576675433289,-25.6,0.5406132376489472,0.04489885631551361,-0.02348351204288117,0.554881534353128,-1.1494107216771485,0.050000000000000044,,,,,,,,,,,,,,,,,,,,,
MC-TDW-2022-03-31,TDW,,Unknown,4158794256,2022-03-31,2022-Q1,winner,0.9443,0.28,-0.0018465441176470582,0.33284375744425865,10.604395604395604,0.4761509528058056,-0.0965254501643143,0.42136732653426545,0.36735352083466566,-1.0235940594347614,0.19999999999999996,,,,,,,,,,,,,,,,,,,,,
MC-ABR-PF-2022-03-31,ABR-PF,,Unknown,4157749060,2022-03-31,2022-Q1,trap,-0.1503,0.28,-0.0018465441176470582,0.33284375744425865,,,,,,,,,,,,,,,,,,,,,,,,,,,,
MC-SLGN-2020-09-30,SLGN,0000849869,Materials,4143632339,2020-09-30,2020-Q3,underperform,0.1724,0.3,0.0032605072302558397,0.5283576675433289,-0.8,0.6001460815908816,0.0017512803434364954,0.0002567242847657039,0.861570006452038,-0.0014010242747491963,0.19999999999999996,,-0.8267848165906002,,,-0.004080795017833393,0.03216328470249595,0.017985417249756393,0.22819742735747245,STRUCTURAL_STRESS,0.021238938053097345,,,,,,,,,PEAK,0.017985417249756393,-0.3007641307594572
MC-SLGN-2022-03-31,SLGN,0000849869,Materials,4143632339,2022-03-31,2022-Q1,underperform,0.1058,0.28,-0.0018465441176470582,0.33284375744425865,-0.14285714285714285,0.5063751546771657,-0.02368639051394256,-0.02311872369467354,0.7227873212535102,0.0033837700734203656,0.050000000000000044,,-1.1351102715122348,,,-0.004080795017833393,0.03432181390359716,0.017985417249756393,0.22819742735747245,STRUCTURAL_STRESS,0.015999999999999986,,,,,,,,,PEAK,0.017985417249756393,-0.3007641307594572
MC-CNO-2020-09-30,CNO,,Unknown,4131956111,2020-09-30,2020-Q3,mixed,0.4794,0.3,0.0032605072302558397,0.5283576675433289,29.5,0.825582938654313,-0.003410222899067363,0.0073186882156760225,1.441101485446627,-0.10060157552248722,-0.09999999999999998,,,,,,,,,,,,,,,,,,,,,
MC-CNO-2022-03-31,CNO,,Unknown,4131956111,2022-03-31,2022-Q1,winner,0.66,0.28,-0.0018465441176470582,0.33284375744425865,3.467032967032967,0.5458719641740921,-0.09040245104872431,0.07460129471845073,1.0221973686413375,-0.31342827808651125,0.10000000000000009,,,,,,,,,,,,,,,,,,,,,
MC-STVN-2022-03-31,STVN,,Unknown,4124715306,2022-03-31,2022-Q1,underperform,0.0149,0.28,-0.0018465441176470582,0.33284375744425865,-64,0.40243036157338674,-0.019289186083273825,-0.1522362186415856,0.7386557934140071,1.2345079093295248,0.050000000000000044,,,,,,,,,,,,,,,,,,,,,
MC-CAAP-2020-09-30,CAAP,,Unknown,4123005616,2020-09-30,2020-Q3,winner,4.9821,0.3,0.0032605072302558397,0.5283576675433289,3.9,0.17330974489148734,-0.014143024850984478,-0.04639231627063375,0.22161108291460008,-0.055157796918839465,0.1499999999999999,,,,,,,,,,,,,,,,,,,,,
MC-CAAP-2022-03-31,CAAP,,Unknown,4123005616,2022-03-31,2022-Q1,winner,2.05,0.28,-0.0018465441176470582,0.33284375744425865,-7.208791208791209,0.5667833437612204,-3.210520792932966,0.04930053164252013,0.16857320004130988,23.143974067736547,-0.09999999999999998,,,,,,,,,,,,,,,,,,,,,
MC-AB-2020-09-30,AB,,Unknown,4089622173,2020-09-30,2020-Q3,underperform,0.1224,0.3,0.0032605072302558397,0.5283576675433289,33.5,0.003435445518981843,0.07502346331751915,-0.13427289851585159,0.29054453160703003,2.5132860211368913,0.25,,,,,,,,,,,,,,,,,,,,,
MC-AB-2022-03-31,AB,,Unknown,4089622173,2022-03-31,2022-Q1,trap,-0.1852,0.28,-0.0018465441176470582,0.33284375744425865,-4.664835164835165,0.4046287685366607,-0.004189236834198067,0.021663272360559198,0.21348951590316584,0.019542099297989887,-0.15000000000000002,,,,,,,,,,,,,,,,,,,,,
MC-CRSP-2020-09-30,CRSP,,Unknown,4078576173,2020-09-30,2020-Q3,trap,-0.4573,0.3,0.0032605072302558397,0.5283576675433289,-20.2,0.9210181215802699,-0.02728126233811992,0.10763230379930624,0.7766562868242131,0.5510814992300224,-0.09999999999999998,,,,,,,,,,,,,,,,,,,,,
MC-CRSP-2022-03-31,CRSP,,Unknown,4078576173,2022-03-31,2022-Q1,trap,-0.4579,0.28,-0.0018465441176470582,0.33284375744425865,5.285714285714286,0.5617568765919297,-0.05226269851284436,-0.027403214441587904,0.5216099197768873,-0.2762456921393202,-0.30000000000000004,,,,,,,,,,,,,,,,,,,,,
MC-SHO-PH-2022-03-31,SHO-PH,,Unknown,4076667425,2022-03-31,2022-Q1,trap,-0.1792,0.28,-0.0018465441176470582,0.33284375744425865,,,,,,,,,,,,,,,,,,,,,,,,,,,,
MC-FSLY-2020-09-30,FSLY,,Unknown,4068357022,2020-09-30,2020-Q3,trap,-0.7954,0.3,0.0032605072302558397,0.5283576675433289,19.7,0.03492525851478634,-0.03129543384573384,0.014132759559949214,1.1362097741469999,-0.6165200467609566,-0.09999999999999998,,,,,,,,,,,,,,,,,,,,,
MC-FSLY-2022-03-31,FSLY,,Unknown,4068357022,2022-03-31,2022-Q1,trap,-0.6358,0.28,-0.0018465441176470582,0.33284375744425865,-16.934065934065934,0.5050923022181794,-0.022112575250960026,-0.007567121649822463,0.581727349258922,0.37445580727175165,-0.09999999999999998,,,,,,,,,,,,,,,,,,,,,
MC-MTB-PH-2022-03-31,MTB-PH,,Unknown,4059036439,2022-03-31,2022-Q1,trap,-0.1226,0.28,-0.0018465441176470582,0.33284375744425865,,,,,,,,,,,,,,,,,,,,,,,,,,,,
MC-MEOH-2020-09-30,MEOH,,Unknown,4007319244,2020-09-30,2020-Q3,winner,0.8463,0.3,0.0032605072302558397,0.5283576675433289,13.3,0.2092933067107649,-0.003145587242772297,-0.06416195261903208,1.849110983480209,-0.04183631032887156,0.19999999999999996,,,,,,,,,,,,,,,,,,,,,
MC-MEOH-2022-03-31,MEOH,,Unknown,4007319244,2022-03-31,2022-Q1,trap,-0.3569,0.28,-0.0018465441176470582,0.33284375744425865,6.604395604395604,0.3785554523238273,-0.04248075791190559,-0.06866973759024778,0.5593660888209144,-0.280559730824783,0.19999999999999996,,,,,,,,,,,,,,,,,,,,,
MC-CBT-2020-09-30,CBT,,Unknown,4004799432,2020-09-30,2020-Q3,winner,0.9226,0.3,0.0032605072302558397,0.5283576675433289,-15.7,5.605815824489698e-05,0.028585882821263654,0.043513402627816146,0.667014343631622,-0.44879836029383935,0.050000000000000044,,,,,,,,,,,,,,,,,,,,,
MC-CBT-2022-03-31,CBT,,Unknown,4004799432,2022-03-31,2022-Q1,mixed,0.2153,0.28,-0.0018465441176470582,0.33284375744425865,-2.4395604395604398,0.513113121320537,-0.11478842904901035,0.08742079982866233,0.6878593211473076,0.28003331042725604,-0.050000000000000044,,,,,,,,,,,,,,,,,,,,,
MC-NWE-2020-09-30,NWE,,Unknown,3986322665,2020-09-30,2020-Q3,trap,-0.0119,0.3,0.0032605072302558397,0.5283576675433289,27.4,0.10497396081517174,0.03829973985814558,0.04817459622621009,1.02399076012518,1.0494128721131888,0.050000000000000044,,,,,,,,,,,,,,,,,,,,,
MC-NWE-2022-03-31,NWE,,Unknown,3986322665,2022-03-31,2022-Q1,trap,-0.0433,0.28,-0.0018465441176470582,0.33284375744425865,4.664835164835165,0.4508669211193905,-0.07240145032370651,0.0742835824942688,1.2788376629638059,-0.3377408314550925,0.10000000000000009,,,,,,,,,,,,,,,,,,,,,
MC-AIR-2020-09-30,AIR,,Unknown,3980061391,2020-09-30,2020-Q3,winner,2.1665,0.3,0.0032605072302558397,0.5283576675433289,-13.7,0.9896510553606845,0.06769685476038541,0.08278707988942297,0.6479165052525883,-0.9274469102172801,0.3999999999999999,,,,,,,,,,,,,,,,,,,,,
MC-AIR-2022-03-31,AIR,,Unknown,3980061391,2022-03-31,2022-Q1,underperform,0.1561,0.28,-0.0018465441176470582,0.33284375744425865,-8.472527472527473,0.44847533001672707,-0.002785607819837725,-0.03090901303425724,0.368923269072833,0.023601138781262482,-0.15000000000000002,,,,,,,,,,,,,,,,,,,,,
MC-CCU-2020-09-30,CCU,,Unknown,3975850987,2020-09-30,2020-Q3,trap,-0.0285,0.3,0.0032605072302558397,0.5283576675433289,-18.5,0.5122071971600938,-0.3691060407479776,-0.29476253563851795,3.4246833293791936,6.828461753837585,-0.15000000000000002,,,,,,,,,,,,,,,,,,,,,
MC-CCU-2022-03-31,CCU,,Unknown,3975850987,2022-03-31,2022-Q1,underperform,0.016,0.28,-0.0018465441176470582,0.33284375744425865,-6.697802197802198,0.6024620460509735,0.23003887256538547,0.017507673568811388,0.35055411747117626,-1.5407548662483785,0.3500000000000001,,,,,,,,,,,,,,,,,,,,,
MC-VISN-2020-09-30,VISN,,Unknown,3965161264,2020-09-30,2020-Q3,trap,-0.6267,0.3,0.0032605072302558397,0.5283576675433289,,,,,,,,,,,,,,,,,,,,,,,,,,,,
MC-VISN-2022-03-31,VISN,,Unknown,3965161264,2022-03-31,2022-Q1,trap,-0.3261,0.28,-0.0018465441176470582,0.33284375744425865,,,,,,,,,,,,,,,,,,,,,,,,,,,,
MC-CTLPP-2020-09-30,CTLPP,,Unknown,3943867050,2020-09-30,2020-Q3,underperform,0.0772,0.3,0.0032605072302558397,0.5283576675433289,,,,,,,,,,,,,,,,,,,,,,,,,,,,
MC-CTLPP-2022-03-31,CTLPP,,Unknown,3943867050,2022-03-31,2022-Q1,underperform,0.1714,0.28,-0.0018465441176470582,0.33284375744425865,,,,,,,,,,,,,,,,,,,,,,,,,,,,
MC-MZTI-2020-09-30,MZTI,,Unknown,3907228305,2020-09-30,2020-Q3,trap,-0.077,0.3,0.0032605072302558397,0.5283576675433289,,,,,,,,,,,,,,,,,,,,,,,,,,,,
MC-MZTI-2022-03-31,MZTI,,Unknown,3907228305,2022-03-31,2022-Q1,underperform,0.1733,0.28,-0.0018465441176470582,0.33284375744425865,,,,,,,,,,,,,,,,,,,,,,,,,,,,
MC-BILL-2020-09-30,BILL,0001786352,Information Technology,3889274200,2020-09-30,2020-Q3,underperform,0.0823,0.3,0.0032605072302558397,0.5283576675433289,2.9,0.09859626977220214,-0.2291632063027928,-0.20327541258893647,0.4434523775349494,-0.6645732982780991,-0.050000000000000044,,,,,,0.21924036637528405,0.4519968833561976,0.08537927941906705,STRUCTURAL_STRESS,,,,,,,,,,PEAK,0.4519968833561976,-0.1661375174282586
MC-BILL-2022-03-31,BILL,0001786352,Information Technology,3889274200,2022-03-31,2022-Q1,trap,-0.7977,0.28,-0.0018465441176470582,0.33284375744425865,-0.5879120879120879,0.527800878666063,0.03483760075100416,0.008008262127579172,0.8415949108733103,-0.020481446595370576,-0.09999999999999998,,0.541435130391665,,,-0.003356341334602739,0.12193120794061929,1.3832990289968916,0.12724235520886687,STRUCTURAL_STRESS,,,,,,,,0.13438929960501997,0.13438929960501997,ACCELERATING,1.3832990289968916,0.5368864126883895
MC-TEX-2020-09-30,TEX,,Unknown,3889047980,2020-09-30,2020-Q3,winner,1.9762,0.3,0.0032605072302558397,0.5283576675433289,14.6,0.9990589291977865,0.02301388068283246,-0.00451726012357961,1.0468324043298223,0.3360026579693539,0.3500000000000001,,,,,,,,,,,,,,,,,,,,,
MC-TEX-2022-03-31,TEX,,Unknown,3889047980,2022-03-31,2022-Q1,underperform,0.0595,0.28,-0.0018465441176470582,0.33284375744425865,7.56043956043956,0.6050852136571152,-0.057155107360937776,0.06449356201811911,0.5448913879824647,-0.4321177347728043,0.10000000000000009,,,,,,,,,,,,,,,,,,,,,
MC-IRTC-2020-09-30,IRTC,,Unknown,3857101063,2020-09-30,2020-Q3,trap,-0.6041,0.3,0.0032605072302558397,0.5283576675433289,3.8,0.1551120642373474,0.06143525092077251,-0.021904027356945365,4.283729698641265,0.23345395349893552,0.1499999999999999,,,,,,,,,,,,,,,,,,,,,
MC-IRTC-2022-03-31,IRTC,,Unknown,3857101063,2022-03-31,2022-Q1,trap,-0.3352,0.28,-0.0018465441176470582,0.33284375744425865,23.318681318681318,0.20407213637948574,-0.05983043736078088,-0.05786694323083852,0.38613308830313536,-1.395166901973374,-0.050000000000000044,,,,,,,,,,,,,,,,,,,,,
MC-TAC-2020-09-30,TAC,,Unknown,3849438707,2020-09-30,2020-Q3,mixed,0.4146,0.3,0.0032605072302558397,0.5283576675433289,-14.8,4.8157132399432746e-05,-0.21484545633641255,-0.11612244476721569,1.2199257374436054,3.179712753778906,0,,,,,,,,,,,,,,,,,,,,,
MC-TAC-2022-03-31,TAC,,Unknown,3849438707,2022-03-31,2022-Q1,trap,-0.0975,0.28,-0.0018465441176470582,0.33284375744425865,12.983516483516484,0.3065077667475321,-0.2015090091972438,-0.34589137371330747,0.3694836189877457,-2.6162955424894894,-0.050000000000000044,,,,,,,,,,,,,,,,,,,,,
MC-VKTX-2020-09-30,VKTX,0001607678,Health Care,3844487458,2020-09-30,2020-Q3,winner,0.9021,0.3,0.0032605072302558397,0.5283576675433289,0.5,0.9957997914732903,-0.023520746018977842,-0.034283401804580574,3.0774070026484304,-0.011760373009488921,-0.09999999999999998,,,,,,0.26280481255763627,,,STRUCTURAL_STRESS,,-532656,0.176,NET_SELLING,-5.726447638747511,113800,646456,,,,,
MC-VKTX-2022-03-31,VKTX,0001607678,Health Care,3844487458,2022-03-31,2022-Q1,winner,7.05,0.28,-0.0018465441176470582,0.33284375744425865,0.4230769230769231,0.6742993829605317,0.04223756885359713,0.09788663465961904,0.26230219361554036,0.017869740668829553,0.30000000000000004,,,,,,0.36922304678862045,,,STRUCTURAL_STRESS,0.2444444444444444,-532656,0.176,NET_SELLING,-5.726447638747511,113800,646456,,,,,
MC-TFSL-2020-09-30,TFSL,,Unknown,3844143682,2020-09-30,2020-Q3,trap,-0.1954,0.3,0.0032605072302558397,0.5283576675433289,10.1,2.2476389847318025e-05,0.08123615048083065,0.046038886856347196,4.605170185988091,0.8204851198563895,0.25,,,,,,,,,,,,,,,,,,,,,
MC-TFSL-2022-03-31,TFSL,,Unknown,3844143682,2022-03-31,2022-Q1,trap,-0.2536,0.28,-0.0018465441176470582,0.33284375744425865,8.197802197802197,0.4802085485965344,-0.14756349457758447,-0.06649079317880302,0.9746970200688033,-1.2096963401634946,0,,,,,,,,,,,,,,,,,,,,,
MC-SKT-2020-09-30,SKT,,Unknown,3831261985,2020-09-30,2020-Q3,winner,2.7479,0.3,0.0032605072302558397,0.5283576675433289,-1.2,0.026099675469198464,-0.012523194146950613,-0.014214804239612959,0.6129111898207555,0.015027832976340735,0.050000000000000044,,,,,,,,,,,,,,,,,,,,,
MC-SKT-2022-03-31,SKT,,Unknown,3831261985,2022-03-31,2022-Q1,winner,0.9657,0.28,-0.0018465441176470582,0.33284375744425865,0.02197802197802198,0.40613672809233,0.07351582764097117,0.08966280857924418,0.6110395558354769,0.0016157324756257401,0.3999999999999999,,,,,,,,,,,,,,,,,,,,,
MC-LRN-2020-09-30,LRN,,Unknown,3826007905,2020-09-30,2020-Q3,winner,0.7096,0.3,0.0032605072302558397,0.5283576675433289,-7.2,0.8622673526826735,-0.14609535452756459,-0.05480102043799724,0.4741912256130207,1.051886552598465,-0.5,,,,,,,,,,,,,,,,,,,,,
MC-LRN-2022-03-31,LRN,,Unknown,3826007905,2022-03-31,2022-Q1,winner,2.482,0.28,-0.0018465441176470582,0.33284375744425865,-16.802197802197803,0.4910219932708522,-0.011445162664952262,0.01933387518891127,0.3675866602657619,0.19230388697485723,-0.15000000000000002,,,,,,,,,,,,,,,,,,,,,
MC-SKYW-2020-09-30,SKYW,,Unknown,3790215133,2020-09-30,2020-Q3,mixed,0.4046,0.3,0.0032605072302558397,0.5283576675433289,-46.9,0.7015415827031436,-0.013510056956906772,0.032371094861550716,0.43905668401143266,0.6336216712789275,-0.15000000000000002,,,,,,,,,,,,,,,,,,,,,
MC-SKYW-2022-03-31,SKYW,,Unknown,3790215133,2022-03-31,2022-Q1,winner,2.0284,0.28,-0.0018465441176470582,0.33284375744425865,-5.131868131868132,0.504342931940108,-0.1767137810458912,0.06712168639357222,0.8223960415513016,0.9068718214113318,0.10000000000000009,,,,,,,,,,,,,,,,,,,,,
MC-CVCO-2020-09-30,CVCO,,Unknown,3787334388,2020-09-30,2020-Q3,mixed,0.4734,0.3,0.0032605072302558397,0.5283576675433289,0.2,0.002277387592238365,0.029245647319758754,0.0206886609787627,0.5422079053379972,0.005849129463951751,0.050000000000000044,,,,,,,,,,,,,,,,,,,,,
MC-CVCO-2022-03-31,CVCO,,Unknown,3787334388,2022-03-31,2022-Q1,winner,1.1575,0.28,-0.0018465441176470582,0.33284375744425865,-1.6263736263736264,0.5857489895721097,-0.024210307934952435,0.1110650319759873,0.33924345852077026,0.03937500631179077,-0.15000000000000002,,,,,,,,,,,,,,,,,,,,,
MC-ELF-2020-09-30,ELF,0001600033,Consumer Staples,3771938748,2020-09-30,2020-Q3,winner,4.9788,0.3,0.0032605072302558397,0.5283576675433289,0.3,0.9984527252467219,-0.007273603196605145,-0.0410182217278767,2.244184266771763,-0.0021820809589815434,-0.09999999999999998,,3.825609524325802,4.009629786217697,6.711786543575608,0.026156180012152506,0.07455982563149167,0.8022564019068948,0.20812987445164083,STRUCTURAL_STRESS,-0.09361702127659575,-23053248,0,NET_SELLING,-7.362732141150226,0,23053248,0.2842035640845511,-0.2842035640845511,ACCELERATING,0.8022564019068948,0.3378515502758383
MC-ELF-2022-03-31,ELF,0001600033,Consumer Staples,3771938748,2022-03-31,2022-Q1,winner,1.4309,0.28,-0.0018465441176470582,0.33284375744425865,0.01098901098901099,0.5511939425605483,0.01618093147344811,0.04871403591301167,1.2356463525119763,0.00017781243377415506,0.19999999999999996,,4.798060373522579,7.336043606890425,5.969092839423693,-0.006182115378236122,0.060779038941474406,0.3474966533397608,0.2015141623758937,STRUCTURAL_STRESS,-0.08524590163934427,-23053248,0,NET_SELLING,-7.362732141150226,0,23053248,0.37091080098028756,0.37091080098028756,ACCELERATING,0.3474966533397608,0.6403332969731127
MC-PRTC-2022-03-31,PRTC,,Unknown,3770885664,2022-03-31,2022-Q1,trap,-0.2169,0.28,-0.0018465441176470582,0.33284375744425865,30.25,0.9999983939816253,-0.6482683664381337,0.1636148772242172,0.5295898534399931,-19.610118084753545,-0.050000000000000044,,,,,,,,,,,,,,,,,,,,,
MC-GTX-2020-09-30,GTX,,Unknown,3759879782,2020-09-30,2020-Q3,winner,1.2841,0.3,0.0032605072302558397,0.5283576675433289,,,-0.4545867522406615,-0.39202561876254355,0.6722757779500504,,-0.19999999999999996,,,,,,,,,,,,,,,,,,,,,
MC-GTX-2022-03-31,GTX,,Unknown,3759879782,2022-03-31,2022-Q1,underperform,0.1641,0.28,-0.0018465441176470582,0.33284375744425865,-37.05,0.05029468957270798,0.004241431300443661,0.003299397701488318,0.2348411808947589,-0.15714502968143762,-0.15000000000000002,,,,,,,,,,,,,,,,,,,,,
MC-KBH-2020-09-30,KBH,,Unknown,3745660567,2020-09-30,2020-Q3,mixed,0.2055,0.3,0.0032605072302558397,0.5283576675433289,-0.3,0.8280881535862934,0.0024723774675317056,0.030961475144396816,1.051687687506082,-0.0007417132402595117,0.19999999999999996,,,,,,,,,,,,,,,,,,,,,
MC-KBH-2022-03-31,KBH,,Unknown,3745660567,2022-03-31,2022-Q1,winner,0.7949,0.28,-0.0018465441176470582,0.33284375744425865,-2.6868131868131866,0.23492505978565037,-0.005719220858011534,-0.0818817355077824,0.47855969195810766,0.015366478019602416,-0.15000000000000002,,,,,,,,,,,,,,,,,,,,,
MC-UCB-2020-09-30,UCB,,Unknown,3744574838,2020-09-30,2020-Q3,winner,0.5009,0.3,0.0032605072302558397,0.5283576675433289,,,,,,,,,,,,,,,,,,,,,,,,,,,,
MC-UCB-2022-03-31,UCB,,Unknown,3744574838,2022-03-31,2022-Q1,trap,-0.1917,0.28,-0.0018465441176470582,0.33284375744425865,,,,,,,,,,,,,,,,,,,,,,,,,,,,
MC-AMRX-2020-09-30,AMRX,,Unknown,3738194203,2020-09-30,2020-Q3,underperform,0.0876,0.3,0.0032605072302558397,0.5283576675433289,-46.5,0.06973143777721334,-0.0018134142275328252,0.01751290005933906,0.46351726875109767,0.08432376158027638,0,,,,,,,,,,,,,,,,,,,,,
MC-AMRX-2022-03-31,AMRX,,Unknown,3738194203,2022-03-31,2022-Q1,winner,1.0096,0.28,-0.0018465441176470582,0.33284375744425865,3.21978021978022,0.5894434778869686,-0.09943735974073684,0.014353596051375116,1.0120378320927315,-0.32016644400039446,0.25,,,,,,,,,,,,,,,,,,,,,
MC-MMS-2020-09-30,MMS,,Unknown,3737324211,2020-09-30,2020-Q3,underperform,0.0917,0.3,0.0032605072302558397,0.5283576675433289,0.3,0.4589240327651385,0.0011480589067222914,0.00713030085389944,1.2106136129625018,0.00034441767201668743,0.050000000000000044,,,,,,,,,,,,,,,,,,,,,
MC-MMS-2022-03-31,MMS,,Unknown,3737324211,2022-03-31,2022-Q1,trap,-0.0902,0.28,-0.0018465441176470582,0.33284375744425865,1.5494505494505495,0.6007675458437672,-0.06958654228903209,0.03454495139130128,2.480430866031086,-0.10782090618410467,-0.050000000000000044,,,,,,,,,,,,,,,,,,,,,
MC-BFH-2020-09-30,BFH,,Unknown,3725618867,2020-09-30,2020-Q3,underperform,0.0209,0.3,0.0032605072302558397,0.5283576675433289,,,,,,,,,,,,,,,,,,,,,,,,,,,,
MC-BFH-2022-03-31,BFH,,Unknown,3725618867,2022-03-31,2022-Q1,trap,-0.1081,0.28,-0.0018465441176470582,0.33284375744425865,,,,,,,,,,,,,,,,,,,,,,,,,,,,
MC-ASO-2020-09-30,ASO,,Unknown,3712744690,2020-09-30,2020-Q3,winner,2.639,0.3,0.0032605072302558397,0.5283576675433289,,,,,,,,,,,,,,,,,,,,,,,,,,,,
MC-ASO-2022-03-31,ASO,,Unknown,3712744690,2022-03-31,2022-Q1,underperform,0.1576,0.28,-0.0018465441176470582,0.33284375744425865,-4.733333333333333,0.2645992099135202,-0.10516419166444702,-0.05905593649767957,0.9374726069667818,0.49777717387838255,-0.15000000000000002,,,,,,,,,,,,,,,,,,,,,
MC-NTRSO-2020-09-30,NTRSO,,Unknown,3698687287,2020-09-30,2020-Q3,trap,-0.2214,0.3,0.0032605072302558397,0.5283576675433289,-59.9,0.05218588019744169,-0.056328462647565386,0.14816753383574768,0.4978999258126451,3.3740749125891667,-0.09999999999999998,,,,,,,,,,,,,,,,,,,,,
MC-NTRSO-2022-03-31,NTRSO,,Unknown,3698687287,2022-03-31,2022-Q1,trap,-0.2013,0.28,-0.0018465441176470582,0.33284375744425865,-4.587912087912088,0.5519604713105544,-1.8187721357336328,0.15844953212166651,0.34606821629094436,8.344366666690018,0.050000000000000044,,,,,,,,,,,,,,,,,,,,,
MC-STNG-2020-09-30,STNG,,Unknown,3689812217,2020-09-30,2020-Q3,winner,3.8889,0.3,0.0032605072302558397,0.5283576675433289,-10,0.7301888181530459,-0.03292476696757429,-0.005179224082503504,0.2707578649374731,0.3292476696757429,-0.15000000000000002,,,,,,,,,,,,,,,,,,,,,
MC-STNG-2022-03-31,STNG,,Unknown,3689812217,2022-03-31,2022-Q1,winner,0.7577,0.28,-0.0018465441176470582,0.33284375744425865,7.313186813186813,0.6960491242430714,0.03848831638882127,0.009987990307913912,0.5237685370600319,0.2814722478764896,0.3500000000000001,,,,,,,,,,,,,,,,,,,,,
MC-SXT-2020-09-30,SXT,,Unknown,3688219884,2020-09-30,2020-Q3,underperform,0.0128,0.3,0.0032605072302558397,0.5283576675433289,21.3,0.31869633971230527,-0.027945846091832253,-0.06934975270216166,1.2089780435569728,-0.595246521756027,0.050000000000000044,,,,,,,,,,,,,,,,,,,,,
MC-SXT-2022-03-31,SXT,,Unknown,3688219884,2022-03-31,2022-Q1,trap,-0.1134,0.28,-0.0018465441176470582,0.33284375744425865,-1.7252747252747254,0.6692566987227395,-0.023638972593733723,0.08959540776324629,0.8584961797125277,0.04078372194743071,-0.09999999999999998,,,,,,,,,,,,,,,,,,,,,
MC-AZZ-2020-09-30,AZZ,,Unknown,3684173506,2020-09-30,2020-Q3,mixed,0.3359,0.3,0.0032605072302558397,0.5283576675433289,4.3,0.004971722326756336,-0.02301826330950626,-0.029428369609579848,0.2621916464033708,-0.09897853223087692,-0.15000000000000002,,,,,,,,,,,,,,,,,,,,,
MC-AZZ-2022-03-31,AZZ,,Unknown,3684173506,2022-03-31,2022-Q1,winner,0.7332,0.28,-0.0018465441176470582,0.33284375744425865,5.708791208791209,0.6413001796655203,-0.13122990643496518,0.211611037545485,0.3774412128210826,-0.7491641361864221,0.050000000000000044,,,,,,,,,,,,,,,,,,,,,
MC-OII-2020-09-30,OII,,Unknown,3676139657,2020-09-30,2020-Q3,winner,6.3068,0.3,0.0032605072302558397,0.5283576675433289,2.3,0.14271510055220996,0.03856325547294167,0.006002595104374023,1.0145163933644705,0.08869548758776584,0.050000000000000044,,,,,,,,,,,,,,,,,,,,,
MC-OII-2022-03-31,OII,,Unknown,3676139657,2022-03-31,2022-Q1,mixed,0.4387,0.28,-0.0018465441176470582,0.33284375744425865,0.7472527472527473,0.5213658599850257,-0.13013729489916775,0.07051818441513656,1.022222446358584,-0.09724545113344404,0.25,,,,,,,,,,,,,,,,,,,,,
MC-RSMDF-2020-09-30,RSMDF,,Unknown,3661392161,2020-09-30,2020-Q3,trap,-0.157,0.3,0.0032605072302558397,0.5283576675433289,14.3,1.0624732395228191e-21,-8.727431895620867,1.80988924599896,0.03929695282162041,-124.8022761073784,-0.19999999999999996,,,,,,,,,,,,,,,,,,,,,
MC-RSMDF-2022-03-31,RSMDF,,Unknown,3661392161,2022-03-31,2022-Q1,mixed,0.2336,0.28,-0.0018465441176470582,0.33284375744425865,-5.475524475524476,0.6646380051103573,-1.5279091799039248,-0.058335435732769336,1.1052040939034424,8.36610411094247,-0.44999999999999996,,,,,,,,,,,,,,,,,,,,,
MC-QFIN-2020-09-30,QFIN,,Unknown,3651999678,2020-09-30,2020-Q3,mixed,0.2864,0.3,0.0032605072302558397,0.5283576675433289,25.7,0.9926171364830243,-0.2664438711403335,-0.1458127327341222,0.6664163617322025,-6.847607488306571,-0.30000000000000004,,,,,,,,,,,,,,,,,,,,,
MC-QFIN-2022-03-31,QFIN,,Unknown,3651999678,2022-03-31,2022-Q1,winner,1.9181,0.28,-0.0018465441176470582,0.33284375744425865,-4.428571428571429,0.7467757482365548,0.15572879565077202,0.06801752271190542,0.35467577306399,-0.6896560950248476,0.19999999999999996,,,,,,,,,,,,,,,,,,,,,
MC-CUZ-2020-09-30,CUZ,0000025232,Real Estate,3651645370,2020-09-30,2020-Q3,trap,-0.2875,0.3,0.0032605072302558397,0.5283576675433289,1.4,0.007802515554211136,-0.048699965564707806,-0.02727150146512436,0.7038615205781108,-0.06817995179059093,0.19999999999999996,,0.8676245944021619,0.7192434172345447,5.079250592005527,-0.0007691145763805214,0.039078288227227795,0.3520554973624456,0.15051652901317453,STRUCTURAL_STRESS,0.044444444444444425,-2547249,0.025,NET_SELLING,-6.4060715709127,64250,2611499,0.17830060378508833,0.17830060378508833,PEAK,0.3520554973624456,-0.05983583933595746
MC-CUZ-2022-03-31,CUZ,0000025232,Real Estate,3651645370,2022-03-31,2022-Q1,trap,-0.2678,0.28,-0.0018465441176470582,0.33284375744425865,0.07142857142857142,0.3936064642426898,-0.0304989594561854,0.02916318159753708,0.7056389343412933,-0.0021784971040132426,0.050000000000000044,,2.3981925703082294,1.5664012635284479,3.7799330736313674,-0.0016745075688811778,0.04647751842964886,0.006531496300392738,0.15051652901317453,STRUCTURAL_STRESS,0.06315789473684208,-2547249,0.025,NET_SELLING,-6.4060715709127,64250,2611499,0.18254104671711072,0.18254104671711072,PEAK,0.006531496300392738,-0.03759780258622325
MC-SHO-PI-2022-03-31,SHO-PI,,Unknown,3642466206,2022-03-31,2022-Q1,trap,-0.1888,0.28,-0.0018465441176470582,0.33284375744425865,,,,,,,,,,,,,,,,,,,,,,,,,,,,
MC-PATK-2020-09-30,PATK,,Unknown,3639011092,2020-09-30,2020-Q3,mixed,0.3048,0.3,0.0032605072302558397,0.5283576675433289,2,0.11038125630193495,0.04719207065420055,0.014178771492798725,0.8308119607488065,0.0943841413084011,0.050000000000000044,,,,,,,,,,,,,,,,,,,,,
MC-PATK-2022-03-31,PATK,,Unknown,3639011092,2022-03-31,2022-Q1,winner,1.1035,0.28,-0.0018465441176470582,0.33284375744425865,5.208791208791209,0.5645988012334968,-0.03795750876354768,-0.011975675296919733,1.0098661524762527,-0.1977127379551824,0.19999999999999996,,,,,,,,,,,,,,,,,,,,,
MC-PBI-PB-2020-09-30,PBI-PB,,Unknown,3633804890,2020-09-30,2020-Q3,trap,-0.0847,0.3,0.0032605072302558397,0.5283576675433289,,,,,,,,,,,,,,,,,,,,,,,,,,,,
MC-PBI-PB-2022-03-31,PBI-PB,,Unknown,3633804890,2022-03-31,2022-Q1,trap,-0.1351,0.28,-0.0018465441176470582,0.33284375744425865,,,,,,,,,,,,,,,,,,,,,,,,,,,,
MC-PEGA-2020-09-30,PEGA,0001013857,Information Technology,3621496683,2020-09-30,2020-Q3,trap,-0.6414,0.3,0.0032605072302558397,0.5283576675433289,-1.1,0.9992086388886737,-0.005696604073243691,-0.002110689970978165,0.6266232051340133,0.00626626448056806,-0.09999999999999998,,-1.2769355928325397,-0.39813435791685303,-0.1659744171276858,-0.002662405905740986,0.044493963306279444,0.6301373375703917,0.15016214600405853,STRUCTURAL_STRESS,-0.09320388349514565,,,,,,,0.1877939933827189,0.1877939933827189,ACCELERATING,0.6301373375703917,0.12866421659882807
MC-PEGA-2022-03-31,PEGA,0001013857,Information Technology,3621496683,2022-03-31,2022-Q1,trap,-0.1381,0.28,-0.0018465441176470582,0.33284375744425865,-0.17582417582417584,0.36118019595338907,0.10738604554365906,0.08873062947499491,0.4249277222779657,-0.018881062952731266,0.19999999999999996,,-1.2047014206816424,-0.3259001857659558,-0.09374024497678857,-0.002662405905740986,0.03847429758057701,0.6301373375703917,0.15016214600405853,STRUCTURAL_STRESS,-0.08695652173913045,,,,,,,0.1877939933827189,0.1877939933827189,ACCELERATING,0.6301373375703917,0.12866421659882807
MC-PPENF-2020-09-30,PPENF,,Unknown,3603049948,2020-09-30,2020-Q3,winner,1.7632,0.3,0.0032605072302558397,0.5283576675433289,,,,,,,,,,,,,,,,,,,,,,,,,,,,
MC-PPENF-2022-03-31,PPENF,,Unknown,3603049948,2022-03-31,2022-Q1,winner,7.3947,0.28,-0.0018465441176470582,0.33284375744425865,,,,,,,,,,,,,,,,,,,,,,,,,,,,
MC-BANF-2020-09-30,BANF,,Unknown,3600275636,2020-09-30,2020-Q3,winner,1.1237,0.3,0.0032605072302558397,0.5283576675433289,-21.1,0.9924961288167655,-0.10617653009671398,0.05122524983260665,0.40545929899389077,2.240324785040665,-0.25,,,,,,,,,,,,,,,,,,,,,
MC-BANF-2022-03-31,BANF,,Unknown,3600275636,2022-03-31,2022-Q1,mixed,0.3204,0.28,-0.0018465441176470582,0.33284375744425865,0.9120879120879121,0.44557721943489315,-0.09399965309667538,0.12487614818760268,0.390528888835797,-0.08573594732993468,0.19999999999999996,,,,,,,,,,,,,,,,,,,,,
MC-SMG-2020-09-30,SMG,0000825542,Materials,3574227134,2020-09-30,2020-Q3,trap,-0.662,0.3,0.0032605072302558397,0.5283576675433289,-2.2,0.046939056783886095,0.024442756540886207,-0.05044977646732744,1.7154809386300105,-0.05377406438994966,0.050000000000000044,,1.8491520162277342,1.1094729423061738,4.208362942531046,-0.0029147486317694106,0.11871967494544061,0.23266949426126926,0.19751630055573716,STRUCTURAL_STRESS,0.05688073394495413,,,,,,,0.1392616443901528,0.1392616443901528,ACCELERATING,0.23266949426126926,0.11632660126367324
MC-SMG-2022-03-31,SMG,0000825542,Materials,3574227134,2022-03-31,2022-Q1,trap,-0.5536,0.28,-0.0018465441176470582,0.33284375744425865,-0.5054945054945055,0.3094194497793114,-0.05277399444197363,0.0014133826506532235,2.0212988221591637,0.02667696422341524,-0.050000000000000044,,2.3925252869040006,4.619135113221299,4.127399552222117,-0.00710396942043865,0.10347939159062117,0.1784791728425332,0.11245389570762546,STRUCTURAL_STRESS,0.04793388429752066,,,,,,,0.20133703279737833,-0.20133703279737833,ACCELERATING,0.1784791728425332,0.16777838541184575
MC-OTTR-2020-09-30,OTTR,,Unknown,3572529548,2020-09-30,2020-Q3,winner,1.099,0.3,0.0032605072302558397,0.5283576675433289,-1.1,0.04832388962421301,0.033255740264544836,0.030943460173173384,0.49119289361292484,-0.036581314290999326,-0.15000000000000002,,,,,,,,,,,,,,,,,,,,,
MC-OTTR-2022-03-31,OTTR,,Unknown,3572529548,2022-03-31,2022-Q1,mixed,0.2859,0.28,-0.0018465441176470582,0.33284375744425865,2.8241758241758244,0.47830457304107127,-0.0361248670189204,0.14618513603705463,0.6275026823279596,-0.10202297608640157,0.050000000000000044,,,,,,,,,,,,,,,,,,,,,
MC-CVLT-2020-09-30,CVLT,,Unknown,3570845864,2020-09-30,2020-Q3,winner,0.6571,0.3,0.0032605072302558397,0.5283576675433289,19.9,0.013264072299586132,-1.95189087016049e-05,-0.011855423820525457,1.529997305690518,-0.0003884262831619375,0.19999999999999996,,,,,,,,,,,,,,,,,,,,,
MC-CVLT-2022-03-31,CVLT,,Unknown,3570845864,2022-03-31,2022-Q1,winner,1.3777,0.28,-0.0018465441176470582,0.33284375744425865,10.384615384615385,0.44592560100706863,-0.0015187210589270028,0.07893636403194076,0.5909250151564736,-0.015771334073472722,0.19999999999999996,,,,,,,,,,,,,,,,,,,,,
MC-CDP-2020-09-30,CDP,,Unknown,3529746583,2020-09-30,2020-Q3,underperform,0.0046,0.3,0.0032605072302558397,0.5283576675433289,,,,,,,,,,,,,,,,,,,,,,,,,,,,
MC-CDP-2022-03-31,CDP,,Unknown,3529746583,2022-03-31,2022-Q1,trap,-0.0445,0.28,-0.0018465441176470582,0.33284375744425865,,,,,,,,,,,,,,,,,,,,,,,,,,,,
MC-WELPM-2020-09-30,WELPM,,Unknown,3529001626,2020-09-30,2020-Q3,trap,-0.3333,0.3,0.0032605072302558397,0.5283576675433289,,,,,,,,,,,,,,,,,,,,,,,,,,,,
MC-WELPM-2022-03-31,WELPM,,Unknown,3529001626,2022-03-31,2022-Q1,trap,-0.2733,0.28,-0.0018465441176470582,0.33284375744425865,-0.5595238095238095,0.40825528327131044,0,0,1.7514655899969436,-0.0,0.19999999999999996,,,,,,,,,,,,,,,,,,,,,
MC-DLO-2022-03-31,DLO,,Unknown,3528472583,2022-03-31,2022-Q1,trap,-0.7332,0.28,-0.0018465441176470582,0.33284375744425865,-73.2,0.9209940374024795,0.08158884736581654,0.0010196902544291307,0.3820154029941951,-5.97230362717777,0.19999999999999996,,,,,,,,,,,,,,,,,,,,,
MC-BNL-2020-09-30,BNL,,Unknown,3524870997,2020-09-30,2020-Q3,trap,-0.1478,0.3,0.0032605072302558397,0.5283576675433289,,,,,,,,,,,,,,,,,,,,,,,,,,,,
MC-BNL-2022-03-31,BNL,,Unknown,3524870997,2022-03-31,2022-Q1,trap,-0.2176,0.28,-0.0018465441176470582,0.33284375744425865,-13.8,0.12150515141811796,-0.010617738063706871,-0.0011536554558782743,0.9345589315987857,0.14652478527915483,-0.09999999999999998,,,,,,,,,,,,,,,,,,,,,
MC-MNDY-2022-03-31,MNDY,,Unknown,3522653982,2022-03-31,2022-Q1,winner,0.5383,0.28,-0.0018465441176470582,0.33284375744425865,-13.6,0.0296272562450778,-0.3200651783674219,-0.08179229233554139,1.4077347485821834,4.352886425796937,-0.30000000000000004,,,,,,,,,,,,,,,,,,,,,
MC-KAI-2020-09-30,KAI,,Unknown,3520591652,2020-09-30,2020-Q3,winner,1.0576,0.3,0.0032605072302558397,0.5283576675433289,19.3,0.8561863538892333,0.063855807325301,0.03439081179656984,0.9591364810692857,1.2324170813783093,0.3999999999999999,,,,,,,,,,,,,,,,,,,,,
MC-KAI-2022-03-31,KAI,,Unknown,3520591652,2022-03-31,2022-Q1,winner,0.735,0.28,-0.0018465441176470582,0.33284375744425865,8.527472527472527,0.5684219316261825,-0.06958419849599998,0.06265538163692275,0.8068021003624449,-0.593377341020835,0.25,,,,,,,,,,,,,,,,,,,,,
MC-FIBK-2020-09-30,FIBK,,Unknown,3501798952,2020-09-30,2020-Q3,trap,-0.217,0.3,0.0032605072302558397,0.5283576675433289,-14.9,0.9955074452011802,-0.1181774158986627,-0.08107734919700502,1.2184706082689414,1.7608434968900741,-0.30000000000000004,,,,,,,,,,,,,,,,,,,,,
MC-FIBK-2022-03-31,FIBK,,Unknown,3501798952,2022-03-31,2022-Q1,trap,-0.2208,0.28,-0.0018465441176470582,0.33284375744425865,9.010989010989011,0.5089391470309275,0.1370870506345909,0.04508930014327503,0.31109160298149896,1.2352899068171928,0.050000000000000044,,,,,,,,,,,,,,,,,,,,,
MC-CATY-2020-09-30,CATY,,Unknown,3486150376,2020-09-30,2020-Q3,winner,0.6033,0.3,0.0032605072302558397,0.5283576675433289,14.5,0.9494317907569086,0.06186046672609568,0.040096823646549956,0.6507484051520428,0.8969767675283874,0.3999999999999999,,,,,,,,,,,,,,,,,,,,,
MC-CATY-2022-03-31,CATY,,Unknown,3486150376,2022-03-31,2022-Q1,trap,-0.0384,0.28,-0.0018465441176470582,0.33284375744425865,8.54945054945055,0.4334388930013581,-0.04357000256766998,0.03539553307845041,0.8193521735658791,-0.3724995823917279,0.19999999999999996,,,,,,,,,,,,,,,,,,,,,
MC-VSCO-2022-03-31,VSCO,,Unknown,3485295229,2022-03-31,2022-Q1,trap,-0.6382,0.28,-0.0018465441176470582,0.33284375744425865,-77.5,0.9913915094578063,0.11602189993967807,-0.046637038291353294,1.079258707977734,-8.991697245325051,0.1499999999999999,,,,,,,,,,,,,,,,,,,,,
MC-DTG-2022-03-31,DTG,,Unknown,3481671994,2022-03-31,2022-Q1,trap,-0.2239,0.28,-0.0018465441176470582,0.33284375744425865,,,-0.08534935208319616,0.19362282560742067,0.5443898320685865,,0.19999999999999996,,,,,,,,,,,,,,,,,,,,,
MC-DTB-2020-09-30,DTB,,Unknown,3481671994,2020-09-30,2020-Q3,trap,-0.2457,0.3,0.0032605072302558397,0.5283576675433289,,,,,,,,,,,,,,,,,,,,,,,,,,,,
MC-DTB-2022-03-31,DTB,,Unknown,3481671994,2022-03-31,2022-Q1,trap,-0.1932,0.28,-0.0018465441176470582,0.33284375744425865,-13.366666666666667,0.9771549004214443,-0.004436663242818634,0.1091392722335591,1.2229965204889004,0.05930339867900907,-0.25,,,,,,,,,,,,,,,,,,,,,
MC-IRT-2020-09-30,IRT,,Unknown,3463711755,2020-09-30,2020-Q3,mixed,0.214,0.3,0.0032605072302558397,0.5283576675433289,-4.1,0.38654201211490713,-0.010788952929419539,0.00215294099468402,0.6291818205809924,0.04423470701062011,0.050000000000000044,,,,,,,,,,,,,,,,,,,,,
MC-IRT-2022-03-31,IRT,,Unknown,3463711755,2022-03-31,2022-Q1,trap,-0.197,0.28,-0.0018465441176470582,0.33284375744425865,13.478021978021978,0.717019631171484,-0.17362530903601442,-0.07985974708307607,0.27460365322120694,-2.34012573112826,-0.5,,,,,,,,,,,,,,,,,,,,,
MC-KLIC-2020-09-30,KLIC,,Unknown,3456560128,2020-09-30,2020-Q3,winner,1.171,0.3,0.0032605072302558397,0.5283576675433289,21.4,0.9467162676254858,0.06704668421686147,0.03536485620886182,3.367282417699447,1.4347990422408354,0.3999999999999999,,,,,,,,,,,,,,,,,,,,,
MC-KLIC-2022-03-31,KLIC,,Unknown,3456560128,2022-03-31,2022-Q1,trap,-0.4113,0.28,-0.0018465441176470582,0.33284375744425865,-10.225274725274724,0.4848012091269032,0.012241177202572437,0.01605570853829888,0.2107891617236899,-0.1251693998570731,-0.15000000000000002,,,,,,,,,,,,,,,,,,,,,
MC-ENVA-2020-09-30,ENVA,,Unknown,3456346956,2020-09-30,2020-Q3,winner,2.1037,0.3,0.0032605072302558397,0.5283576675433289,-28.9,0.9692088578367152,-0.01626624136007239,0.07637803175862366,0.8301259663460617,0.47009437530609205,-0.09999999999999998,,,,,,,,,,,,,,,,,,,,,
MC-ENVA-2022-03-31,ENVA,,Unknown,3456346956,2022-03-31,2022-Q1,winner,1.5431,0.28,-0.0018465441176470582,0.33284375744425865,-3.840659340659341,0.4751565644372502,-0.3208261794121876,0.030558033438344144,0.44164498678337016,1.2321840626874678,0.050000000000000044,,,,,,,,,,,,,,,,,,,,,
MC-RLX-2022-03-31,RLX,,Unknown,3455739329,2022-03-31,2022-Q1,underperform,0.0503,0.28,-0.0018465441176470582,0.33284375744425865,-11.273809523809524,0.7107363154612096,-0.10903129791133884,0.030850638453612918,0.8520196489809903,1.2291980847861652,-0.19999999999999996,,,,,,,,,,,,,,,,,,,,,
MC-CVI-2020-09-30,CVI,,Unknown,3453225922,2020-09-30,2020-Q3,winner,1.7488,0.3,0.0032605072302558397,0.5283576675433289,24.2,0.0001368657569400799,-0.07190428934237092,-0.08200179982513256,4.605170185988091,-1.7400838020853762,-0.15000000000000002,,,,,,,,,,,,,,,,,,,,,
MC-CVI-2022-03-31,CVI,,Unknown,3453225922,2022-03-31,2022-Q1,trap,-0.2404,0.28,-0.0018465441176470582,0.33284375744425865,7.670329670329671,0.3452081711992597,-0.017827187890907863,0.003525347937613596,0.9421863778105211,-0.1367404082181724,0.050000000000000044,,,,,,,,,,,,,,,,,,,,,
MC-ASB-PE-2020-09-30,ASB-PE,,Unknown,3441283964,2020-09-30,2020-Q3,trap,-0.3517,0.3,0.0032605072302558397,0.5283576675433289,,,,,,,,,,,,,,,,,,,,,,,,,,,,
MC-ASB-PE-2022-03-31,ASB-PE,,Unknown,3441283964,2022-03-31,2022-Q1,trap,-0.1868,0.28,-0.0018465441176470582,0.33284375744425865,,,,,,,,,,,,,,,,,,,,,,,,,,,,
MC-TMDX-2020-09-30,TMDX,,Unknown,3440293396,2020-09-30,2020-Q3,winner,2.9731,0.3,0.0032605072302558397,0.5283576675433289,38.3,0.9839361546022437,-0.06063634798013612,-0.06621303247225846,2.0003605041750365,-2.322372127639213,-0.30000000000000004,,,,,,,,,,,,,,,,,,,,,
MC-TMDX-2022-03-31,TMDX,,Unknown,3440293396,2022-03-31,2022-Q1,winner,1.4974,0.28,-0.0018465441176470582,0.33284375744425865,8.857142857142858,0.5777445453571664,-0.027323356611683003,0.08887263570142345,0.39003310830678556,-0.24200687284633518,0,,,,,,,,,,,,,,,,,,,,,
MC-CSTM-2020-09-30,CSTM,,Unknown,3437383336,2020-09-30,2020-Q3,winner,1.3185,0.3,0.0032605072302558397,0.5283576675433289,14.4,0.9917378053176477,0.0074019469340715835,0.03563876876435885,4.605170185988091,0.1065880358506308,0.3500000000000001,,,,,,,,,,,,,,,,,,,,,
MC-CSTM-2022-03-31,CSTM,,Unknown,3437383336,2022-03-31,2022-Q1,trap,-0.4394,0.28,-0.0018465441176470582,0.33284375744425865,-8,0.72179347877225,-0.11159793623967128,-0.029352003900154737,0.6394917073544335,0.8927834899173702,-0.44999999999999996,,,,,,,,,,,,,,,,,,,,,
MC-SII-2020-09-30,SII,,Unknown,3435957890,2020-09-30,2020-Q3,trap,-0.1075,0.3,0.0032605072302558397,0.5283576675433289,,,,,,,,,,,,,,,,,,,,,,,,,,,,
MC-SII-2022-03-31,SII,,Unknown,3435957890,2022-03-31,2022-Q1,trap,-0.1069,0.28,-0.0018465441176470582,0.33284375744425865,-11.409090909090908,0.4146475591043297,-0.1556926104278259,-0.06855221940104494,0.45177950123517824,1.7763111462447407,-0.35,,,,,,,,,,,,,,,,,,,,,
MC-BOX-2020-09-30,BOX,,Unknown,3423023734,2020-09-30,2020-Q3,mixed,0.3946,0.3,0.0032605072302558397,0.5283576675433289,-14.3,0.978478156495904,0.012747773617372995,0.010320256396517336,3.1174330785783706,-0.18229316272843385,0.19999999999999996,,,,,,,,,,,,,,,,,,,,,
MC-BOX-2022-03-31,BOX,,Unknown,3423023734,2022-03-31,2022-Q1,underperform,0.0619,0.28,-0.0018465441176470582,0.33284375744425865,-4.851648351648351,0.5342354130396689,-0.004933282396006072,0.0407782209265176,1.184741363358076,0.02393455140479869,0.050000000000000044,,,,,,,,,,,,,,,,,,,,,
MC-CGAU-2020-09-30,CGAU,,Unknown,3421409743,2020-09-30,2020-Q3,trap,-0.578,0.3,0.0032605072302558397,0.5283576675433289,,,,,,,,,,,,,,,,,,,,,,,,,,,,
MC-CGAU-2022-03-31,CGAU,,Unknown,3421409743,2022-03-31,2022-Q1,trap,-0.3547,0.28,-0.0018465441176470582,0.33284375744425865,13.085714285714285,0.41813769669025547,0.056157393174211576,0.08584774339955364,0.9558414171830628,0.7348596021082543,0.3999999999999999,,,,,,,,,,,,,,,,,,,,,
MC-KRC-2020-09-30,KRC,0001025996,Real Estate,3415331285,2020-09-30,2020-Q3,trap,-0.3916,0.3,0.0032605072302558397,0.5283576675433289,-0.3,0.9430632330705444,0.012606375442094146,-0.006741897212480148,0.4212248423500963,-0.0037819126326282433,0,,-0.20932456148153877,1.532860282710676,-0.31835334769828527,-0.002798276486551717,0.0164904933455501,0.10047538705790347,0.10708844722598229,STRUCTURAL_STRESS,-0.06725663716814159,,,,,,,0.059337032733782165,0.059337032733782165,ACCELERATING,0.10047538705790347,0.04385876280688226
MC-KRC-2022-03-31,KRC,0001025996,Real Estate,3415331285,2022-03-31,2022-Q1,trap,-0.5713,0.28,-0.0018465441176470582,0.33284375744425865,-0.7032967032967034,0.407552039674808,0.002501684866329337,0.0021430559958215047,0.5120344659723686,-0.0017594267191766767,-0.09999999999999998,,-3.734680529969793,-3.2326511813808945,-3.6397022515989814,-0.004059316283810008,0.019900914088716987,0.06857839021316134,0.10708844722598229,STRUCTURAL_STRESS,-0.032,,,,,,,0.062377706317757846,-0.062377706317757846,ACCELERATING,0.06857839021316134,0.004812218195026391
MC-WPPGF-2020-09-30,WPPGF,,Unknown,3398227531,2020-09-30,2020-Q3,mixed,0.247,0.3,0.0032605072302558397,0.5283576675433289,-3.6,0.9908473135602153,0.04904973868577887,0.0866786223181862,0.5160034761597438,-0.17657905926880393,0.050000000000000044,,,,,,,,,,,,,,,,,,,,,
MC-WPPGF-2022-03-31,WPPGF,,Unknown,3398227531,2022-03-31,2022-Q1,trap,-0.3648,0.28,-0.0018465441176470582,0.33284375744425865,0.16483516483516483,0.6435753177671478,-0.013480667010850975,-0.06302373863757363,1.5603666204673092,-0.002222087968821589,0.050000000000000044,,,,,,,,,,,,,,,,,,,,,
MC-WSC-2020-09-30,WSC,0001647088,Industrials,3386959905,2020-09-30,2020-Q3,winner,1.4934,0.3,0.0032605072302558397,0.5283576675433289,0.5,0.2287435711556714,-0.03233648273528722,0.11805438137172088,0.824831685016926,-0.01616824136764361,-0.09999999999999998,,0.49571925947202156,0.5906697754611729,0.4819200863867341,0.009555094893364313,0.08597217072274112,0.14364712281482134,0.09265605718426176,STRUCTURAL_STRESS,0.3806451612903226,-5141885,0,NET_SELLING,-6.7111224437343475,0,5141885,0.3266544774972983,0.3266544774972983,PEAK,0.14364712281482134,-0.04137750611438623
MC-WSC-2022-03-31,WSC,0001647088,Industrials,3386959905,2022-03-31,2022-Q1,trap,-0.2895,0.28,-0.0018465441176470582,0.33284375744425865,0.21978021978021978,0.5622086062015991,0.0170833724773425,0.039293526208779433,0.7429297539986952,0.003754587357657692,0.050000000000000044,,0.5931021504763007,0.5024727154195158,-1.4710083290098837,0.0054030607830463226,0.07046606513822753,0.44790562030933456,0.09265605718426176,STRUCTURAL_STRESS,0.2186046511627907,-5141885,0,NET_SELLING,-6.7111224437343475,0,5141885,0.30799689181807344,0.30799689181807344,PEAK,0.44790562030933456,-0.23043714085638373
MC-GFF-2020-09-30,GFF,,Unknown,3380815811,2020-09-30,2020-Q3,winner,1.0302,0.3,0.0032605072302558397,0.5283576675433289,33.3,0.12672428654298998,0.04443008374412544,0.008824412818184768,0.3703826610739184,1.479521788679377,0,,,,,,,,,,,,,,,,,,,,,
MC-GFF-2022-03-31,GFF,,Unknown,3380815811,2022-03-31,2022-Q1,winner,2.5696,0.28,-0.0018465441176470582,0.33284375744425865,25.76923076923077,0.5493278128562242,-0.2508040037900948,-0.11533485795092872,0.17199588695344986,-6.463026251513982,-0.050000000000000044,,,,,,,,,,,,,,,,,,,,,
MC-ASB-PF-2020-09-30,ASB-PF,,Unknown,3366473319,2020-09-30,2020-Q3,trap,-0.391,0.3,0.0032605072302558397,0.5283576675433289,,,,,,,,,,,,,,,,,,,,,,,,,,,,
MC-ASB-PF-2022-03-31,ASB-PF,,Unknown,3366473319,2022-03-31,2022-Q1,trap,-0.215,0.28,-0.0018465441176470582,0.33284375744425865,,,,,,,,,,,,,,,,,,,,,,,,,,,,
MC-NGL-PC-2020-09-30,NGL-PC,,Unknown,3359738089,2020-09-30,2020-Q3,winner,0.7021,0.3,0.0032605072302558397,0.5283576675433289,,,,,,,,,,,,,,,,,,,,,,,,,,,,
MC-NGL-PC-2022-03-31,NGL-PC,,Unknown,3359738089,2022-03-31,2022-Q1,mixed,0.3999,0.28,-0.0018465441176470582,0.33284375744425865,,,,,,,,,,,,,,,,,,,,,,,,,,,,
MC-DSX-PB-2020-09-30,DSX-PB,,Unknown,3345434896,2020-09-30,2020-Q3,underperform,0.1105,0.3,0.0032605072302558397,0.5283576675433289,,,,,,,,,,,,,,,,,,,,,,,,,,,,
MC-DSX-PB-2022-03-31,DSX-PB,,Unknown,3345434896,2022-03-31,2022-Q1,trap,-0.0121,0.28,-0.0018465441176470582,0.33284375744425865,,,,,,,,,,,,,,,,,,,,,,,,,,,,
MC-USAC-2020-09-30,USAC,,Unknown,3344874407,2020-09-30,2020-Q3,winner,1.3836,0.3,0.0032605072302558397,0.5283576675433289,-21.1,0.0027110734289718537,0.10651705540646003,0.07010163794163278,1.0957112427666635,-2.247509869076307,0.3999999999999999,,,,,,,,,,,,,,,,,,,,,
MC-USAC-2022-03-31,USAC,,Unknown,3344874407,2022-03-31,2022-Q1,winner,0.5321,0.28,-0.0018465441176470582,0.33284375744425865,9.912087912087912,0.4547288347178682,-0.02395152031624595,0.06652425312579435,0.549029870478599,-0.23740957500278953,0.19999999999999996,,,,,,,,,,,,,,,,,,,,,
MC-GBDC-2020-09-30,GBDC,,Unknown,3329352396,2020-09-30,2020-Q3,underperform,0.108,0.3,0.0032605072302558397,0.5283576675433289,-51.7,0.008187194286702776,-0.026264954266116122,-0.06803097108392543,1.599065731666722,1.3578981355582036,0.19999999999999996,,,,,,,,,,,,,,,,,,,,,
MC-GBDC-2022-03-31,GBDC,,Unknown,3329352396,2022-03-31,2022-Q1,trap,-0.0046,0.28,-0.0018465441176470582,0.33284375744425865,11.10989010989011,0.38335288019755515,-0.016968156724282486,0.022050029160738654,0.516849610903381,-0.18851435657417134,0.19999999999999996,,,,,,,,,,,,,,,,,,,,,
MC-NGL-PB-2020-09-30,NGL-PB,,Unknown,3324081488,2020-09-30,2020-Q3,winner,1.0306,0.3,0.0032605072302558397,0.5283576675433289,,,,,,,,,,,,,,,,,,,,,,,,,,,,
MC-NGL-PB-2022-03-31,NGL-PB,,Unknown,3324081488,2022-03-31,2022-Q1,mixed,0.4495,0.28,-0.0018465441176470582,0.33284375744425865,,,,,,,,,,,,,,,,,,,,,,,,,,,,
MC-NOAH-2020-09-30,NOAH,,Unknown,3314666836,2020-09-30,2020-Q3,trap,-0.5217,0.3,0.0032605072302558397,0.5283576675433289,0,0.5003516187053075,0.021178166631839437,-0.014292405683375458,0.73005603698145,0.0,0.19999999999999996,,,,,,,,,,,,,,,,,,,,,
MC-NOAH-2022-03-31,NOAH,,Unknown,3314666836,2022-03-31,2022-Q1,trap,-0.5984,0.28,-0.0018465441176470582,0.33284375744425865,6.5989010989010985,0.38087881223116543,-0.05401902870218085,-0.04207928825777783,0.558057762944098,-0.3564662278643912,0,,,,,,,,,,,,,,,,,,,,,
MC-AVNT-2020-09-30,AVNT,,Unknown,3312847355,2020-09-30,2020-Q3,mixed,0.3348,0.3,0.0032605072302558397,0.5283576675433289,,,,,,,,,,,,,,,,,,,,,,,,,,,,
MC-AVNT-2022-03-31,AVNT,,Unknown,3312847355,2022-03-31,2022-Q1,trap,-0.2258,0.28,-0.0018465441176470582,0.33284375744425865,-1.2363636363636363,0.46676528284122315,-0.07347016914007216,0.066587934665551,1.8638084226308202,0.09083584548227104,0.25,,,,,,,,,,,,,,,,,,,,,
MC-MHO-2020-09-30,MHO,,Unknown,3304709213,2020-09-30,2020-Q3,winner,0.825,0.3,0.0032605072302558397,0.5283576675433289,-12.9,0.08798566678705458,0.022181564500886732,0.02995879709095512,0.8897238419171907,-0.2861421820614389,0.050000000000000044,,,,,,,,,,,,,,,,,,,,,
MC-MHO-2022-03-31,MHO,,Unknown,3304709213,2022-03-31,2022-Q1,winner,1.5745,0.28,-0.0018465441176470582,0.33284375744425865,1.2747252747252746,0.52367478649045,-0.07342802611143998,0.02611317742057049,0.6902974815847978,-0.09360056075743996,0.10000000000000009,,,,,,,,,,,,,,,,,,,,,
MC-KFY-2020-09-30,KFY,,Unknown,3304407559,2020-09-30,2020-Q3,winner,0.6359,0.3,0.0032605072302558397,0.5283576675433289,8.5,0.9207594546672228,-0.1012606340976855,0.014621545723325635,1.5416918507018256,-0.8607153898303268,-0.050000000000000044,,,,,,,,,,,,,,,,,,,,,
MC-KFY-2022-03-31,KFY,,Unknown,3304407559,2022-03-31,2022-Q1,underperform,0.0445,0.28,-0.0018465441176470582,0.33284375744425865,5.521978021978022,0.5279729259447068,-0.06321623441224226,0.009361694361632622,1.1933019846712543,-0.3490786570566125,0.10000000000000009,,,,,,,,,,,,,,,,,,,,,
MC-OLN-2020-09-30,OLN,0000074303,Materials,3301122440,2020-09-30,2020-Q3,winner,3.0372,0.3,0.0032605072302558397,0.5283576675433289,1.4,0.2031470626812291,-0.0020872175778126056,-0.006907223468753172,1.6928288046772322,-0.0029221046089376477,0.19999999999999996,,-0.04445975969315394,-0.9806935965028764,1.3375573259708167,-0.002289351433915638,0.01588398265901284,-0.12164660427674213,0.12054510351391846,STRUCTURAL_STRESS,-0.049557522123893805,601105,999,NET_BUYING,5.778951062944306,601105,0,0.0635447595297108,-0.0635447595297108,DECELERATING,-0.12164660427674213,-0.19558916328749176
MC-OLN-2022-03-31,OLN,0000074303,Materials,3301122440,2022-03-31,2022-Q1,trap,-0.5363,0.28,-0.0018465441176470582,0.33284375744425865,0.6043956043956044,0.5916317029792934,-0.020192413571450695,0.05609283615407691,0.6359876650563001,-0.012204206004722946,0.19999999999999996,,0.24248352662914638,3.5921202478596217,4.094594669088263,-0.005084323328086278,0.019769617020086214,0.4905207459113203,0.09618729600106529,STRUCTURAL_STRESS,-0.064,601105,999,NET_BUYING,5.778951062944306,601105,0,0.10876247869765819,-0.10876247869765819,ACCELERATING,0.4905207459113203,0.18996348957423806
MC-BXMT-2020-09-30,BXMT,,Unknown,3292905455,2020-09-30,2020-Q3,trap,-0.01,0.3,0.0032605072302558397,0.5283576675433289,-48.2,0.004982824882102056,-0.006938431492867946,0.04659211965634527,0.8232394303112919,0.33443239795623503,0.050000000000000044,,,,,,,,,,,,,,,,,,,,,
MC-BXMT-2022-03-31,BXMT,,Unknown,3292905455,2022-03-31,2022-Q1,trap,-0.3709,0.28,-0.0018465441176470582,0.33284375744425865,2.9945054945054945,0.41820563641365555,-0.06164422443457144,-0.04596790689881552,0.6717916961373435,-0.18459396877385403,-0.15000000000000002,,,,,,,,,,,,,,,,,,,,,
MC-DIOD-2020-09-30,DIOD,,Unknown,3289709030,2020-09-30,2020-Q3,mixed,0.3966,0.3,0.0032605072302558397,0.5283576675433289,34.8,0.026909833404642078,0.015021024039994668,-0.055850112270897284,1.169063087175016,0.5227316365918144,0.19999999999999996,,,,,,,,,,,,,,,,,,,,,
MC-DIOD-2022-03-31,DIOD,,Unknown,3289709030,2022-03-31,2022-Q1,trap,-0.5037,0.28,-0.0018465441176470582,0.33284375744425865,11.87912087912088,0.44380506118338586,-0.015987232864856767,0.09003769840366457,0.7969348202334416,-0.18991427172428754,0.19999999999999996,,,,,,,,,,,,,,,,,,,,,
MC-LU-2022-03-31,LU,,Unknown,3276081246,2022-03-31,2022-Q1,trap,-0.8667,0.28,-0.0018465441176470582,0.33284375744425865,17.116666666666667,0.750317797575913,-0.2848833553483297,-0.05053356811745542,0.3134145959170576,-4.876253432378911,-0.35,,,,,,,,,,,,,,,,,,,,,
MC-BTE-2020-09-30,BTE,,Unknown,3264549482,2020-09-30,2020-Q3,winner,11.6,0.3,0.0032605072302558397,0.5283576675433289,8.2,0.9939948640256399,-0.01332266094285314,0.032803263320120506,1.2537255119566268,-0.10924581973139573,-0.09999999999999998,,,,,,,,,,,,,,,,,,,,,
MC-BTE-2022-03-31,BTE,,Unknown,3264549482,2022-03-31,2022-Q1,trap,-0.4885,0.28,-0.0018465441176470582,0.33284375744425865,13.1,0.9824750577216749,0.08990755299391043,0.020023511272267265,1.0531621124282466,1.1777889442202265,0.3999999999999999,,,,,,,,,,,,,,,,,,,,,
MC-ABR-PD-2022-03-31,ABR-PD,,Unknown,3246227720,2022-03-31,2022-Q1,trap,-0.2169,0.28,-0.0018465441176470582,0.33284375744425865,,,,,,,,,,,,,,,,,,,,,,,,,,,,
MC-CC-2020-09-30,CC,,Unknown,3224932194,2020-09-30,2020-Q3,mixed,0.3415,0.3,0.0032605072302558397,0.5283576675433289,-10.4,0.0014596745218566282,0.017474256463430718,0.00603529635542969,0.7703967892414026,-0.18173226721967947,0.050000000000000044,,,,,,,,,,,,,,,,,,,,,
MC-CC-2022-03-31,CC,,Unknown,3224932194,2022-03-31,2022-Q1,trap,-0.5702,0.28,-0.0018465441176470582,0.33284375744425865,6.846153846153846,0.4894461394276346,-0.02357346420524485,0.0019988332365962376,0.3827838983108234,-0.16138756263590706,0.1499999999999999,,,,,,,,,,,,,,,,,,,,,
MC-ABR-PE-2022-03-31,ABR-PE,,Unknown,3221592174,2022-03-31,2022-Q1,trap,-0.2698,0.28,-0.0018465441176470582,0.33284375744425865,,,,,,,,,,,,,,,,,,,,,,,,,,,,
MC-VNO-PL-2020-09-30,VNO-PL,,Unknown,3221490110,2020-09-30,2020-Q3,trap,-0.4241,0.3,0.0032605072302558397,0.5283576675433289,,,,,,,,,,,,,,,,,,,,,,,,,,,,
MC-VNO-PL-2022-03-31,VNO-PL,,Unknown,3221490110,2022-03-31,2022-Q1,trap,-0.2827,0.28,-0.0018465441176470582,0.33284375744425865,,,,,,,,,,,,,,,,,,,,,,,,,,,,
MC-PII-2020-09-30,PII,,Unknown,3188156340,2020-09-30,2020-Q3,underperform,0.1039,0.3,0.0032605072302558397,0.5283576675433289,58.4,0.045111871811172925,0.06146284040059624,-0.012629342823554851,3.0554392979302625,3.5894298793948205,0.30000000000000004,,,,,,,,,,,,,,,,,,,,,
MC-PII-2022-03-31,PII,,Unknown,3188156340,2022-03-31,2022-Q1,trap,-0.6113,0.28,-0.0018465441176470582,0.33284375744425865,-13.82967032967033,0.6392834225606221,-0.012126322989294475,0.005891574922928966,0.20366932115823955,0.16770304925304502,-0.30000000000000004,,,,,,,,,,,,,,,,,,,,,
MC-AVA-2020-09-30,AVA,,Unknown,3172999734,2020-09-30,2020-Q3,trap,-0.0513,0.3,0.0032605072302558397,0.5283576675433289,-13.3,0.9988928420377315,-0.08928869432868786,-0.058880655608440524,4.605170185988091,1.1875396345715485,-0.30000000000000004,,,,,,,,,,,,,,,,,,,,,
MC-AVA-2022-03-31,AVA,,Unknown,3172999734,2022-03-31,2022-Q1,trap,-0.0726,0.28,-0.0018465441176470582,0.33284375744425865,6.43956043956044,0.5898011543238355,-0.04766308505290591,0.0007345214300843797,0.46501358697021317,-0.3069293169340974,0.1499999999999999,,,,,,,,,,,,,,,,,,,,,
MC-HWKN-2020-09-30,HWKN,,Unknown,3167395389,2020-09-30,2020-Q3,winner,1.5531,0.3,0.0032605072302558397,0.5283576675433289,-18.1,0.6102410130587614,-0.08221335583419681,-0.009970167216030796,2.0621231122817774,1.4880617405989625,-0.44999999999999996,,,,,,,,,,,,,,,,,,,,,
MC-HWKN-2022-03-31,HWKN,,Unknown,3167395389,2022-03-31,2022-Q1,winner,1.3076,0.28,-0.0018465441176470582,0.33284375744425865,-4.445054945054945,0.46719674262006966,-0.19908919864313016,0.037735447533933236,1.0054369885078498,0.884962426935672,-0.050000000000000044,,,,,,,,,,,,,,,,,,,,,
MC-ZIM-2022-03-31,ZIM,,Unknown,3161112491,2022-03-31,2022-Q1,trap,-0.7993,0.28,-0.0018465441176470582,0.33284375744425865,-5.75,0.42308479737077803,-0.18844067098349843,0.022146032486648703,1.0142219796056988,1.083533858155116,-0.050000000000000044,,,,,,,,,,,,,,,,,,,,,
MC-CNS-2020-09-30,CNS,,Unknown,3157066679,2020-09-30,2020-Q3,underperform,0.1247,0.3,0.0032605072302558397,0.5283576675433289,25.5,0.055359658427358974,0.06095475300650398,-0.01802390431812909,4.605170185988091,1.5543462016658514,0.30000000000000004,,,,,,,,,,,,,,,,,,,,,
MC-CNS-2022-03-31,CNS,,Unknown,3157066679,2022-03-31,2022-Q1,trap,-0.0657,0.28,-0.0018465441176470582,0.33284375744425865,2.802197802197802,0.6550430376240078,-0.021812787813196125,0.06280273139404802,0.6784471545827782,-0.06112374606994518,0.050000000000000044,,,,,,,,,,,,,,,,,,,,,
MC-USAS-2020-09-30,USAS,,Unknown,3156530756,2020-09-30,2020-Q3,trap,-0.8636,0.3,0.0032605072302558397,0.5283576675433289,-60.2,0.9523454500278629,-0.14298570927956117,-0.15871868142452505,0.35872580143094385,8.607739698629583,-0.5,,,,,,,,,,,,,,,,,,,,,
MC-USAS-2022-03-31,USAS,,Unknown,3156530756,2022-03-31,2022-Q1,trap,-0.5074,0.28,-0.0018465441176470582,0.33284375744425865,-18,0.5899467805701107,0.021152053041325235,0.03052919086143842,0.4537915131270306,-0.3807369547438542,-0.15000000000000002,,,,,,,,,,,,,,,,,,,,,
MC-LCII-2020-09-30,LCII,,Unknown,3151074341,2020-09-30,2020-Q3,underperform,0.1047,0.3,0.0032605072302558397,0.5283576675433289,20.5,0.976371695344929,-0.09802927850873043,-0.1559400456808943,4.605170185988091,-2.009600209428974,-0.30000000000000004,,,,,,,,,,,,,,,,,,,,,
MC-LCII-2022-03-31,LCII,,Unknown,3151074341,2022-03-31,2022-Q1,trap,-0.1578,0.28,-0.0018465441176470582,0.33284375744425865,-7.945054945054945,0.6043001986027874,-0.00985717643821897,-0.0025045716728557335,0.5906620645039293,0.07831580840475072,-0.25,,,,,,,,,,,,,,,,,,,,,
MC-RYN-2020-09-30,RYN,0000052827,Real Estate,3145367104,2020-09-30,2020-Q3,underperform,0.0764,0.3,0.0032605072302558397,0.5283576675433289,0.3,0.003375274398291953,0.005760936233531071,0.033827494244998244,2.4138390856458494,0.0017282808700593213,0.050000000000000044,,1.3005384832966966,2.115558793672239,0.9381247624085534,-0.0001439561473407438,0.05769464461679537,0.16498080408933555,0.10393229577528447,STRUCTURAL_STRESS,-0.036206896551724155,,,,,,,0.14495446679926174,-0.14495446679926174,ACCELERATING,0.16498080408933555,0.01221327125831212
MC-RYN-2022-03-31,RYN,0000052827,Real Estate,3145367104,2022-03-31,2022-Q1,trap,-0.322,0.28,-0.0018465441176470582,0.33284375744425865,0.24725274725274726,0.5074762711497848,0.04150649136643588,-0.00493214757090223,0.9339720543370735,0.010262594019173708,-0.09999999999999998,,-0.26941707676867005,2.1773147101960726,1.1227706092998648,8.280041428408114e-05,0.0648154353270634,0.20247207114603902,0.10393229577528447,STRUCTURAL_STRESS,-0.03593750000000001,,,,,,,0.23406986241100744,-0.23406986241100744,ACCELERATING,0.20247207114603902,0.19671066544249372
MC-ICUI-2020-09-30,ICUI,,Unknown,3129850387,2020-09-30,2020-Q3,trap,-0.3488,0.3,0.0032605072302558397,0.5283576675433289,41,0.30557315534154483,-0.024047071049185426,0.005428676639851852,4.605170185988091,-0.9859299130166025,0.19999999999999996,,,,,,,,,,,,,,,,,,,,,
MC-ICUI-2022-03-31,ICUI,,Unknown,3129850387,2022-03-31,2022-Q1,trap,-0.3763,0.28,-0.0018465441176470582,0.33284375744425865,-0.03296703296703297,0.6262393570649345,-0.034703298971713294,0.0025837131537274766,0.8226408183272489,0.0011440648012652735,-0.25,,,,,,,,,,,,,,,,,,,,,
MC-FIZZ-2020-09-30,FIZZ,,Unknown,3117367640,2020-09-30,2020-Q3,mixed,0.3825,0.3,0.0032605072302558397,0.5283576675433289,0.7,0.9464468097298028,-0.0589721223589394,-0.020502523175796573,0.8727262811948128,-0.04128048565125758,-0.30000000000000004,,,,,,,,,,,,,,,,,,,,,
MC-FIZZ-2022-03-31,FIZZ,,Unknown,3117367640,2022-03-31,2022-Q1,trap,-0.0451,0.28,-0.0018465441176470582,0.33284375744425865,0.08241758241758242,0.5891849755058762,0.04574896285170038,0.027767835070758213,0.44098554199143164,0.0037705189163489325,0.1499999999999999,,,,,,,,,,,,,,,,,,,,,
MC-FUL-2020-09-30,FUL,,Unknown,3115935238,2020-09-30,2020-Q3,mixed,0.4987,0.3,0.0032605072302558397,0.5283576675433289,37.4,0.013655730072710884,0.027658889525115218,0.019105142869164364,4.605170185988091,1.0344424682393092,0.050000000000000044,,,,,,,,,,,,,,,,,,,,,
MC-FUL-2022-03-31,FUL,,Unknown,3115935238,2022-03-31,2022-Q1,trap,-0.1506,0.28,-0.0018465441176470582,0.33284375744425865,10.005494505494505,0.695656204219343,0.005611503263522506,0.05560223420659503,1.781433445640963,0.056145865070738925,0.3500000000000001,,,,,,,,,,,,,,,,,,,,,
MC-FHB-2020-09-30,FHB,0000036377,Financials,3108739081,2020-09-30,2020-Q3,mixed,0.2474,0.3,0.0032605072302558397,0.5283576675433289,-1.5,0.9876440866558974,0.09875571586961954,0.5778999822796606,0.6908592429634971,-0.14813357380442932,0.25,,-4.587711633180609,,,,0.16251907680819117,-0.03011628704661707,0.03993313364953896,STRUCTURAL_STRESS,0.0641509433962264,,,,,,,,,DECELERATING,-0.03011628704661707,-0.04961796081409907
MC-FHB-2022-03-31,FHB,0000036377,Financials,3108739081,2022-03-31,2022-Q1,trap,-0.1237,0.28,-0.0018465441176470582,0.33284375744425865,-1.0054945054945055,0.43093922895751674,-0.00834463931979116,-0.016217319943451672,0.37719302824437034,0.00839048898638342,0,,5.556256388635455,8.747575423324639,9.716785503614197,-0.013193767722422875,0.17688180803386946,-0.011537893957344473,0.03993313364953896,STRUCTURAL_STRESS,0.07692307692307693,,,,,,,0.10193334187926706,-0.10193334187926706,DECELERATING,-0.011537893957344473,-0.032565244761263594
MC-AEO-2020-09-30,AEO,,Unknown,3087075594,2020-09-30,2020-Q3,underperform,0.1215,0.3,0.0032605072302558397,0.5283576675433289,-29.5,0.27406176589291564,0.01565136626534705,0.06771322288533778,0.7223517485095969,-0.461715304827738,-0.09999999999999998,,,,,,,,,,,,,,,,,,,,,
MC-AEO-2022-03-31,AEO,,Unknown,3087075594,2022-03-31,2022-Q1,trap,-0.3083,0.28,-0.0018465441176470582,0.33284375744425865,-5.961538461538462,0.5094993941845306,-0.003313600836301304,-0.02550434484003601,2.2899935527669903,0.019754158831796237,0.050000000000000044,,,,,,,,,,,,,,,,,,,,,
MC-VNO-PM-2020-09-30,VNO-PM,,Unknown,3082172194,2020-09-30,2020-Q3,trap,-0.4235,0.3,0.0032605072302558397,0.5283576675433289,,,,,,,,,,,,,,,,,,,,,,,,,,,,
MC-VNO-PM-2022-03-31,VNO-PM,,Unknown,3082172194,2022-03-31,2022-Q1,trap,-0.2939,0.28,-0.0018465441176470582,0.33284375744425865,,,,,,,,,,,,,,,,,,,,,,,,,,,,
MC-VNO-PN-2022-03-31,VNO-PN,,Unknown,3082172194,2022-03-31,2022-Q1,trap,-0.2893,0.28,-0.0018465441176470582,0.33284375744425865,,,,,,,,,,,,,,,,,,,,,,,,,,,,
MC-IRDM-2020-09-30,IRDM,0001418819,Communication,3081236533,2020-09-30,2020-Q3,winner,0.7783,0.3,0.0032605072302558397,0.5283576675433289,,0.9722113173576225,0.018007461186924766,-0.0469835044193678,4.605170185988091,,0.19999999999999996,,1.7956244112177668,5.95994663944169,3.6575675341013127,-0.013354030263559993,0.07113618584391262,0.04602396313012803,0.33397684460474075,STRUCTURAL_STRESS,-0.045238095238095244,-17238853,0,NET_SELLING,-7.236508391534,0,17238853,0.4097876881444373,0.4097876881444373,PEAK,0.04602396313012803,-0.05279605382845036
MC-IRDM-2022-03-31,IRDM,0001418819,Communication,3081236533,2022-03-31,2022-Q1,trap,-0.3224,0.28,-0.0018465441176470582,0.33284375744425865,,0.274902771881444,-0.0014217486435329745,0.011378801511017358,0.6310013824692553,,0.050000000000000044,,-5.680116547894966,-3.5158441705119063,-8.128196848172196,-0.00516132097744218,0.06999984648584778,0.8240802221759191,0.3460741802874216,STRUCTURAL_STRESS,-0.052272727272727276,-17238853,0,NET_SELLING,-7.236508391534,0,17238853,0.3506213597644202,0.3506213597644202,ACCELERATING,0.8240802221759191,0.21079328371173772
MC-CBU-2020-09-30,CBU,,Unknown,3052570675,2020-09-30,2020-Q3,trap,-0.2249,0.3,0.0032605072302558397,0.5283576675433289,9.1,0.002796956607578238,0.01191375875413617,-0.003016262285062062,1.0118019073659785,0.10841520466263914,0.19999999999999996,,,,,,,,,,,,,,,,,,,,,
MC-CBU-2022-03-31,CBU,,Unknown,3052570675,2022-03-31,2022-Q1,trap,-0.1895,0.28,-0.0018465441176470582,0.33284375744425865,2.9395604395604398,0.3661969351069817,0.008441998841310732,0.03315060753725324,1.1574728137538155,0.0248157658247321,0.050000000000000044,,,,,,,,,,,,,,,,,,,,,
MC-SXI-2020-09-30,SXI,,Unknown,3040197452,2020-09-30,2020-Q3,winner,1.461,0.3,0.0032605072302558397,0.5283576675433289,26.4,0.9614004640328216,-0.09694096982797362,0.012623941523426857,0.7903432413837373,-2.5592416034585033,-0.050000000000000044,,,,,,,,,,,,,,,,,,,,,
MC-SXI-2022-03-31,SXI,,Unknown,3040197452,2022-03-31,2022-Q1,winner,0.6152,0.28,-0.0018465441176470582,0.33284375744425865,2.9175824175824174,0.7247000793924815,-0.3194116055461308,0.0787748454363579,0.8007083331287069,-0.9319096843131618,-0.050000000000000044,,,,,,,,,,,,,,,,,,,,,
MC-COLM-2020-09-30,COLM,,Unknown,3035000641,2020-09-30,2020-Q3,trap,-0.1481,0.3,0.0032605072302558397,0.5283576675433289,30.4,0.012050570930124085,0.021903827192726703,-0.045918606911205605,0.9686153323717012,0.6658763466588917,0.19999999999999996,,,,,,,,,,,,,,,,,,,,,
MC-COLM-2022-03-31,COLM,,Unknown,3035000641,2022-03-31,2022-Q1,trap,-0.1639,0.28,-0.0018465441176470582,0.33284375744425865,15.23076923076923,0.42193048279271145,-0.06041959486981306,0.00693053206068827,0.18524406074347036,-0.9202369064786912,0.19999999999999996,,,,,,,,,,,,,,,,,,,,,
MC-DNN-2020-09-30,DNN,,Unknown,3009595925,2020-09-30,2020-Q3,winner,3.0244,0.3,0.0032605072302558397,0.5283576675433289,12.4,0.03532206151761947,0.016577644242766504,0.004420591897179443,4.605170185988091,0.20556278861030466,0.050000000000000044,,,,,,,,,,,,,,,,,,,,,
MC-DNN-2022-03-31,DNN,,Unknown,3009595925,2022-03-31,2022-Q1,trap,-0.1875,0.28,-0.0018465441176470582,0.33284375744425865,25.065934065934066,0.32245543713737795,-0.04295686403650045,-0.004719003174046726,0.39199056969560864,-1.0767539216182147,-0.15000000000000002,,,,,,,,,,,,,,,,,,,,,
MC-PBH-2020-09-30,PBH,,Unknown,2991094772,2020-09-30,2020-Q3,winner,0.5703,0.3,0.0032605072302558397,0.5283576675433289,-12.5,0.6052482559430521,0.05048360760510395,0.0005743563195211958,1.2513655067672365,-0.6310450950637994,0.3999999999999999,,,,,,,,,,,,,,,,,,,,,
MC-PBH-2022-03-31,PBH,,Unknown,2991094772,2022-03-31,2022-Q1,winner,0.6239,0.28,-0.0018465441176470582,0.33284375744425865,9.23076923076923,0.4705248861992262,0.020015143149362303,-0.03468430685217816,0.5005804770094903,0.1847551675325751,0.19999999999999996,,,,,,,,,,,,,,,,,,,,,
MC-TLPPF-2020-09-30,TLPPF,,Unknown,2989089753,2020-09-30,2020-Q3,winner,5.3162,0.3,0.0032605072302558397,0.5283576675433289,,,,,,,,,,,,,,,,,,,,,,,,,,,,
MC-TLPPF-2022-03-31,TLPPF,,Unknown,2989089753,2022-03-31,2022-Q1,winner,4.2273,0.28,-0.0018465441176470582,0.33284375744425865,-27.488095238095237,7.93010306278599e-11,-0.6672187838495187,0.302140198546895,4.605170185988091,18.34057347510165,-0.050000000000000044,,,,,,,,,,,,,,,,,,,,,
MC-FMCC-2020-09-30,FMCC,,Unknown,2983773447,2020-09-30,2020-Q3,trap,-0.6911,0.3,0.0032605072302558397,0.5283576675433289,-30.2,0.004726670455748932,0.08193646448524458,0.08432277748616426,0.6689715993321445,-2.4744812274543864,0.10000000000000009,,,,,,,,,,,,,,,,,,,,,
MC-FMCC-2022-03-31,FMCC,,Unknown,2983773447,2022-03-31,2022-Q1,winner,5.7722,0.28,-0.0018465441176470582,0.33284375744425865,-9.021978021978022,0.6445530109212502,0.0032975324112422136,-0.039674096554844086,1.776217970651639,-0.029750264940987443,0.050000000000000044,,,,,,,,,,,,,,,,,,,,,
MC-KD-2022-03-31,KD,0001867072,Information Technology,2983143457,2022-03-31,2022-Q1,winner,1.3933,0.28,-0.0018465441176470582,0.33284375744425865,,,0.001913478490408415,0.05365499872598195,0.4211432383769246,,0,,0.4823187410761373,,,,0.3058066950454648,-0.22382184960759613,0.20353415861618906,STRUCTURAL_STRESS,,-894517,0.217,NET_SELLING,-5.951589084111912,248371,1142889,,,TROUGH,-0.22382184960759613,0.3404662125759795
MC-HRI-2020-09-30,HRI,,Unknown,2982986553,2020-09-30,2020-Q3,winner,2.0028,0.3,0.0032605072302558397,0.5283576675433289,-34.2,0.7300492715620157,0.05616872354491192,0.04454124099763174,0.2880591772198873,-1.9209703452359879,0.19999999999999996,,,,,,,,,,,,,,,,,,,,,
MC-HRI-2022-03-31,HRI,,Unknown,2982986553,2022-03-31,2022-Q1,trap,-0.1964,0.28,-0.0018465441176470582,0.33284375744425865,5.686813186813187,0.4041814539687989,-0.029070684148630573,-0.015112455615770036,0.5590251841741078,-0.16531954996611342,0.050000000000000044,,,,,,,,,,,,,,,,,,,,,
MC-NMIH-2020-09-30,NMIH,,Unknown,2943522715,2020-09-30,2020-Q3,winner,0.5219,0.3,0.0032605072302558397,0.5283576675433289,-38.3,0.7532285824342597,0.031087127536827,0.062285978344606245,0.3506924245911358,-1.1906369846604739,0,,,,,,,,,,,,,,,,,,,,,
MC-NMIH-2022-03-31,NMIH,,Unknown,2943522715,2022-03-31,2022-Q1,winner,0.7483,0.28,-0.0018465441176470582,0.33284375744425865,5.9010989010989015,0.5611271582979508,-0.061835445364118814,0.12202495455115998,0.4598922466653721,-0.3648970786871627,0.19999999999999996,,,,,,,,,,,,,,,,,,,,,
MC-BOH-2020-09-30,BOH,,Unknown,2942660110,2020-09-30,2020-Q3,trap,-0.0164,0.3,0.0032605072302558397,0.5283576675433289,14.7,0.004729617983672033,0.027955357657807774,0.022956035800280203,1.048410836142332,0.41094375756977425,0.050000000000000044,,,,,,,,,,,,,,,,,,,,,
MC-BOH-2022-03-31,BOH,,Unknown,2942660110,2022-03-31,2022-Q1,trap,-0.1781,0.28,-0.0018465441176470582,0.33284375744425865,-0.3626373626373626,0.5600222559929164,-0.006672041636815684,0.025931421637375274,1.1095129555871803,0.0024195315825815116,0.19999999999999996,,,,,,,,,,,,,,,,,,,,,
MC-MTRN-2020-09-30,MTRN,,Unknown,2921250153,2020-09-30,2020-Q3,winner,0.9587,0.3,0.0032605072302558397,0.5283576675433289,8,0.14484641977186416,-0.020961752542196187,-0.014353404755870137,0.7541054648045162,-0.1676940203375695,-0.09999999999999998,,,,,,,,,,,,,,,,,,,,,
MC-MTRN-2022-03-31,MTRN,,Unknown,2921250153,2022-03-31,2022-Q1,trap,-0.0483,0.28,-0.0018465441176470582,0.33284375744425865,2.489010989010989,0.5139450748998311,-0.13169730023106835,0.0029973149062437754,1.349062716759342,-0.3277960274982086,0.10000000000000009,,,,,,,,,,,,,,,,,,,,,
MC-HIMX-2020-09-30,HIMX,,Unknown,2921054147,2020-09-30,2020-Q3,winner,0.6404,0.3,0.0032605072302558397,0.5283576675433289,-38.2,0.9903374208314808,0.020324714041926005,-0.014953902481853215,1.4693839653968068,-0.7764040764015735,0.19999999999999996,,,,,,,,,,,,,,,,,,,,,
MC-HIMX-2022-03-31,HIMX,,Unknown,2921054147,2022-03-31,2022-Q1,trap,-0.3232,0.28,-0.0018465441176470582,0.33284375744425865,-11.917582417582418,0.6974590772483558,0.02567659010755735,0.033813083482669384,0.2768107343336816,-0.3060028788092961,0,,,,,,,,,,,,,,,,,,,,,
MC-ITGR-2020-09-30,ITGR,,Unknown,2918994909,2020-09-30,2020-Q3,mixed,0.3291,0.3,0.0032605072302558397,0.5283576675433289,49.6,0.9999183229050552,-0.11075913490518492,-0.00689734112899254,1.9017253430009935,-5.493653091297173,-0.30000000000000004,,,,,,,,,,,,,,,,,,,,,
MC-ITGR-2022-03-31,ITGR,,Unknown,2918994909,2022-03-31,2022-Q1,mixed,0.4647,0.28,-0.0018465441176470582,0.33284375744425865,-1.7472527472527473,0.4778567976532942,0.019499052007496766,-0.014026439016844736,1.4538875830262326,-0.034069772188922924,0.19999999999999996,,,,,,,,,,,,,,,,,,,,,
MC-PI-2020-09-30,PI,,Unknown,2904610328,2020-09-30,2020-Q3,winner,1.0884,0.3,0.0032605072302558397,0.5283576675433289,5.5,0.4249725229708732,-0.021118569454471638,0.01572008149548258,3.255736661636321,-0.11615213199959401,0.050000000000000044,,,,,,,,,,,,,,,,,,,,,
MC-PI-2022-03-31,PI,,Unknown,2904610328,2022-03-31,2022-Q1,mixed,0.4274,0.28,-0.0018465441176470582,0.33284375744425865,5.868131868131868,0.5840626900409034,-0.018229837198963948,0.0012016469095307153,0.7922420942303691,-0.10697508861809613,0.19999999999999996,,,,,,,,,,,,,,,,,,,,,
MC-ZIONP-2020-09-30,ZIONP,,Unknown,2879452875,2020-09-30,2020-Q3,trap,-0.199,0.3,0.0032605072302558397,0.5283576675433289,-2.4,7.078033526257902e-06,0.003371331347081828,2.806719224924012,4.605170185988091,-0.008091195232996387,0.050000000000000044,,,,,,,,,,,,,,,,,,,,,
MC-ZIONP-2022-03-31,ZIONP,,Unknown,2879452875,2022-03-31,2022-Q1,underperform,0.081,0.28,-0.0018465441176470582,0.33284375744425865,7.1,0.7414294173718035,-4.3140604890604894,-4.363396624472574,2.5666445165839753,-30.629829472329472,-0.15000000000000002,,,,,,,,,,,,,,,,,,,,,
MC-SYNA-2020-09-30,SYNA,,Unknown,2867674888,2020-09-30,2020-Q3,underperform,0.1122,0.3,0.0032605072302558397,0.5283576675433289,4.2,0.5779958026562064,0.015297085034855622,-0.02693824634853389,4.605170185988091,0.06424775714639362,0.050000000000000044,,,,,,,,,,,,,,,,,,,,,
MC-SYNA-2022-03-31,SYNA,,Unknown,2867674888,2022-03-31,2022-Q1,trap,-0.6806,0.28,-0.0018465441176470582,0.33284375744425865,12.884615384615385,0.6799326580471792,-0.1304061258901148,0.006299637458942988,0.5697376210723551,-1.6802327758918638,0.10000000000000009,,,,,,,,,,,,,,,,,,,,,
MC-OPLN-2020-09-30,OPLN,,Unknown,2867347007,2020-09-30,2020-Q3,underperform,0.0361,0.3,0.0032605072302558397,0.5283576675433289,,,,,,,,,,,,,,,,,,,,,,,,,,,,
MC-OPLN-2022-03-31,OPLN,,Unknown,2867347007,2022-03-31,2022-Q1,underperform,0.0681,0.28,-0.0018465441176470582,0.33284375744425865,,,,,,,,,,,,,,,,,,,,,,,,,,,,
MC-FSK-2020-09-30,FSK,,Unknown,2853876835,2020-09-30,2020-Q3,mixed,0.2415,0.3,0.0032605072302558397,0.5283576675433289,-76.1,0.03341539963673547,-5.026532672788332e-05,0.007946672311643917,0.29751249426121046,0.0038251913639919207,0.1499999999999999,,,,,,,,,,,,,,,,,,,,,
MC-FSK-2022-03-31,FSK,,Unknown,2853876835,2022-03-31,2022-Q1,trap,-0.0819,0.28,-0.0018465441176470582,0.33284375744425865,16.52747252747253,0.3480813736507019,-0.14853579513335055,-0.14887696316910282,0.12363607358136815,-2.4549212734127392,-0.050000000000000044,,,,,,,,,,,,,,,,,,,,,
MC-DHT-2020-09-30,DHT,,Unknown,2850898864,2020-09-30,2020-Q3,winner,0.9961,0.3,0.0032605072302558397,0.5283576675433289,-25.9,0.006340209934853642,0.054249608065521725,-0.012225755533119782,0.2746079774681058,-1.4050648488970126,0.10000000000000009,,,,,,,,,,,,,,,,,,,,,
MC-DHT-2022-03-31,DHT,,Unknown,2850898864,2022-03-31,2022-Q1,winner,0.8103,0.28,-0.0018465441176470582,0.33284375744425865,0.7087912087912088,0.3166187018279638,-0.052341000437712434,0.08231680369128104,0.40172332547210116,-0.037098840969587384,0.19999999999999996,,,,,,,,,,,,,,,,,,,,,
MC-POWI-2020-09-30,POWI,,Unknown,2849496607,2020-09-30,2020-Q3,mixed,0.3774,0.3,0.0032605072302558397,0.5283576675433289,5,0.9996185644882013,-0.2139582569159774,0.018145076049296473,2.8994304597349934,-1.069791284579887,-0.19999999999999996,,,,,,,,,,,,,,,,,,,,,
MC-POWI-2022-03-31,POWI,,Unknown,2849496607,2022-03-31,2022-Q1,trap,-0.4551,0.28,-0.0018465441176470582,0.33284375744425865,7.802197802197802,0.34222692392663,-0.018533971206702558,-0.02123325684870253,0.7073571500116245,-0.14460570941493203,0.050000000000000044,,,,,,,,,,,,,,,,,,,,,
MC-SKE-2020-09-30,SKE,,Unknown,2847706519,2020-09-30,2020-Q3,trap,-0.4335,0.3,0.0032605072302558397,0.5283576675433289,,,,,,,,,,,,,,,,,,,,,,,,,,,,
MC-SKE-2022-03-31,SKE,,Unknown,2847706519,2022-03-31,2022-Q1,trap,-0.0934,0.28,-0.0018465441176470582,0.33284375744425865,,,0.01552267521850186,-0.022326719209294195,4.605170185988091,,0.10000000000000009,,,,,,,,,,,,,,,,,,,,,
MC-QTWO-2020-09-30,QTWO,,Unknown,2824458527,2020-09-30,2020-Q3,trap,-0.6464,0.3,0.0032605072302558397,0.5283576675433289,-3.1,0.16684525325081484,0.0145944104811884,-0.006178550989386626,4.605170185988091,-0.045242672491684045,0.050000000000000044,,,,,,,,,,,,,,,,,,,,,
MC-QTWO-2022-03-31,QTWO,,Unknown,2824458527,2022-03-31,2022-Q1,mixed,0.2978,0.28,-0.0018465441176470582,0.33284375744425865,5.406593406593407,0.2675503800561759,0.028988783745530794,0.0069495728831588804,0.6507551370400755,0.1567305670637489,0.19999999999999996,,,,,,,,,,,,,,,,,,,,,
MC-ARIS-2020-09-30,ARIS,,Unknown,2823775606,2020-09-30,2020-Q3,trap,-0.5221,0.3,0.0032605072302558397,0.5283576675433289,,,,,,,,,,,,,,,,,,,,,,,,,,,,
MC-ARIS-2022-03-31,ARIS,,Unknown,2823775606,2022-03-31,2022-Q1,trap,-0.0022,0.28,-0.0018465441176470582,0.33284375744425865,,,-0.032678493118775034,0.08020382284155703,0.8126261934462143,,0.10000000000000009,,,,,,,,,,,,,,,,,,,,,
MC-BCC-2020-09-30,BCC,,Unknown,2818041788,2020-09-30,2020-Q3,winner,1.5812,0.3,0.0032605072302558397,0.5283576675433289,41.1,0.9978788110708866,-0.002042584140657444,-0.033370891168597754,0.41516798499766217,-0.08395020818102096,0,,,,,,,,,,,,,,,,,,,,,
MC-BCC-2022-03-31,BCC,,Unknown,2818041788,2022-03-31,2022-Q1,mixed,0.412,0.28,-0.0018465441176470582,0.33284375744425865,7.252747252747253,0.5665565392436794,0.032579682319594336,0.036476223555903645,0.49614480933430344,0.23629220143881607,0,,,,,,,,,,,,,,,,,,,,,
MC-IDYA-2020-09-30,IDYA,,Unknown,2809074891,2020-09-30,2020-Q3,winner,1.1481,0.3,0.0032605072302558397,0.5283576675433289,-1.3,0.6618367711706756,-0.04003540889248321,-0.1780401218601687,1.3946202656140212,0.05204603156022817,-0.25,,,,,,,,,,,,,,,,,,,,,
MC-IDYA-2022-03-31,IDYA,,Unknown,2809074891,2022-03-31,2022-Q1,mixed,0.4638,0.28,-0.0018465441176470582,0.33284375744425865,-11.967032967032967,0.43700495338803985,-0.002140882852365699,0.041747941451185336,0.5905008650961702,0.025620015672815893,-0.09999999999999998,,,,,,,,,,,,,,,,,,,,,
MC-FSM-2020-09-30,FSM,,Unknown,2805276698,2020-09-30,2020-Q3,trap,-0.5723,0.3,0.0032605072302558397,0.5283576675433289,30.1,0.5762476387065183,-6.825021478326643e-05,-0.006280349325210377,1.3649684002295481,-0.0020543314649763196,0.050000000000000044,,,,,,,,,,,,,,,,,,,,,
MC-FSM-2022-03-31,FSM,,Unknown,2805276698,2022-03-31,2022-Q1,winner,0.601,0.28,-0.0018465441176470582,0.33284375744425865,6.258241758241758,0.4892108344501019,0.02209996269550442,0.02513461947883624,0.7452353286028132,0.13830690939659085,-0.09999999999999998,,,,,,,,,,,,,,,,,,,,,
MC-GPK-2020-09-30,GPK,0001408075,Materials,2804003149,2020-09-30,2020-Q3,winner,0.5813,0.3,0.0032605072302558397,0.5283576675433289,-0.3,0.6876520549905946,0.0756953558743273,0.05559006258169579,0.595156101683494,-0.02270860676229819,0.25,,0.5427168746975328,1.3655661988978143,2.495924783817175,-0.0040585273158215,0.030591804339019073,0.047949482560117114,0.08431765491953257,STRUCTURAL_STRESS,0.052427184466019405,-4754476,0.022,NET_SELLING,-6.677102750819965,109389,4863865,0.09090119504556322,0.09090119504556322,PEAK,0.047949482560117114,-0.21905395312190423
MC-GPK-2022-03-31,GPK,0001408075,Materials,2804003149,2022-03-31,2022-Q1,mixed,0.2954,0.28,-0.0018465441176470582,0.33284375744425865,-0.2802197802197802,0.428257970341502,-0.09278863608915697,0.056151116535162034,1.852969028100254,0.026001211211796733,0.10000000000000009,,-0.15830211633729935,1.5150035666221149,-1.5538572612958017,-0.004508498067437003,0.02954729551744696,0.14002872604945596,0.08431765491953257,STRUCTURAL_STRESS,0.043478260869565216,-4754476,0.022,NET_SELLING,-6.677102750819965,109389,4863865,0.0746004273664226,-0.0746004273664226,PEAK,0.14002872604945596,-0.08979658861974388
MC-CMBT-2020-09-30,CMBT,,Unknown,2792113516,2020-09-30,2020-Q3,winner,0.8607,0.3,0.0032605072302558397,0.5283576675433289,,,,,,,,,,,,,,,,,,,,,,,,,,,,
MC-CMBT-2022-03-31,CMBT,,Unknown,2792113516,2022-03-31,2022-Q1,trap,-0.141,0.28,-0.0018465441176470582,0.33284375744425865,,,,,,,,,,,,,,,,,,,,,,,,,,,,
MC-HAE-2020-09-30,HAE,,Unknown,2789184135,2020-09-30,2020-Q3,underperform,0.0267,0.3,0.0032605072302558397,0.5283576675433289,42.9,0.9695691319436139,-0.029011699190266138,0.09309807444816828,0.7040852659079839,-1.2446018952624174,0.050000000000000044,,,,,,,,,,,,,,,,,,,,,
MC-HAE-2022-03-31,HAE,,Unknown,2789184135,2022-03-31,2022-Q1,underperform,0.0052,0.28,-0.0018465441176470582,0.33284375744425865,1.4120879120879122,0.5584038459013323,-0.08783453546245137,0.045599872074157055,0.9010281427283799,-0.12403008579038464,-0.050000000000000044,,,,,,,,,,,,,,,,,,,,,
MC-TWST-2020-09-30,TWST,,Unknown,2788690889,2020-09-30,2020-Q3,trap,-0.7333,0.3,0.0032605072302558397,0.5283576675433289,12.8,0.6843128269119705,0.022814733868811374,-0.0009728556042615036,4.605170185988091,0.2920285935207856,0.19999999999999996,,,,,,,,,,,,,,,,,,,,,
MC-TWST-2022-03-31,TWST,,Unknown,2788690889,2022-03-31,2022-Q1,trap,-0.2049,0.28,-0.0018465441176470582,0.33284375744425865,4.2032967032967035,0.5376691231520748,-0.04242142273281173,0.012543652435266634,0.46242587934835633,-0.17830982632198336,0,,,,,,,,,,,,,,,,,,,,,
MC-CWK-2020-09-30,CWK,,Unknown,2772803311,2020-09-30,2020-Q3,trap,-0.275,0.3,0.0032605072302558397,0.5283576675433289,-8.3,0.1557752593631905,-0.029604874142299162,-0.0006699936886143728,1.0842874875600885,0.24572045538108306,-0.09999999999999998,,,,,,,,,,,,,,,,,,,,,
MC-CWK-2022-03-31,CWK,,Unknown,2772803311,2022-03-31,2022-Q1,trap,-0.5017,0.28,-0.0018465441176470582,0.33284375744425865,2.1648351648351647,0.5166029956317799,-0.05283355600711517,-0.0031405286446666014,0.6542435731084221,-0.11437593992749108,-0.15000000000000002,,,,,,,,,,,,,,,,,,,,,
MC-MGEE-2020-09-30,MGEE,,Unknown,2772367489,2020-09-30,2020-Q3,underperform,0.0934,0.3,0.0032605072302558397,0.5283576675433289,-24.4,0.8033560230851963,-0.02159923549783582,-0.06775251456148548,0.446081889224375,0.527021346147194,-0.15000000000000002,,,,,,,,,,,,,,,,,,,,,
MC-MGEE-2022-03-31,MGEE,,Unknown,2772367489,2022-03-31,2022-Q1,underperform,0.1651,0.28,-0.0018465441176470582,0.33284375744425865,0.17032967032967034,0.7359701947670468,-0.1925907082161105,0.10935268751045733,0.4146062370326322,-0.032803911839007834,-0.09999999999999998,,,,,,,,,,,,,,,,,,,,,
MC-KMT-2020-09-30,KMT,,Unknown,2754801292,2020-09-30,2020-Q3,trap,-0.1403,0.3,0.0032605072302558397,0.5283576675433289,-44.4,2.038326315979346e-06,0.0032016974988055454,0.03638999800847649,0.5342889950541682,-0.1421553689469662,-0.09999999999999998,,,,,,,,,,,,,,,,,,,,,
MC-KMT-2022-03-31,KMT,,Unknown,2754801292,2022-03-31,2022-Q1,trap,-0.2555,0.28,-0.0018465441176470582,0.33284375744425865,-0.5824175824175825,0.6195044691015231,-0.07352314151399184,-0.018071314298479527,0.8584659268583982,0.042821170332324916,-0.30000000000000004,,,,,,,,,,,,,,,,,,,,,
MC-BANC-2020-09-30,BANC,,Unknown,2747452422,2020-09-30,2020-Q3,mixed,0.2233,0.3,0.0032605072302558397,0.5283576675433289,16.2,0.3791778442546722,0.08827945702072273,0.02488318110478693,1.1597692777417492,1.4301272037357082,0.3999999999999999,,,,,,,,,,,,,,,,,,,,,
MC-BANC-2022-03-31,BANC,,Unknown,2747452422,2022-03-31,2022-Q1,trap,-0.267,0.28,-0.0018465441176470582,0.33284375744425865,1.6428571428571428,0.4433955982349942,-0.016247660170194314,-0.0061189468766042025,0.470790423708651,-0.02669258456531923,-0.15000000000000002,,,,,,,,,,,,,,,,,,,,,
MC-VNO-PO-2022-03-31,VNO-PO,,Unknown,2743419588,2022-03-31,2022-Q1,trap,-0.2696,0.28,-0.0018465441176470582,0.33284375744425865,,,,,,,,,,,,,,,,,,,,,,,,,,,,
MC-CRVL-2020-09-30,CRVL,,Unknown,2743091553,2020-09-30,2020-Q3,winner,1.3016,0.3,0.0032605072302558397,0.5283576675433289,-45.8,0.06260549437394379,-0.03073354952952791,-0.0038647569309662143,0.2285797099608046,1.4075965684523781,-0.15000000000000002,,,,,,,,,,,,,,,,,,,,,
MC-CRVL-2022-03-31,CRVL,,Unknown,2743091553,2022-03-31,2022-Q1,winner,0.9941,0.28,-0.0018465441176470582,0.33284375744425865,-0.7417582417582418,0.36644573211382203,-0.1033978992460856,0.01997464629046106,0.334102286908404,0.0766962439462723,0.19999999999999996,,,,,,,,,,,,,,,,,,,,,
MC-IHS-2022-03-31,IHS,,Unknown,2737550105,2022-03-31,2022-Q1,trap,-0.5289,0.28,-0.0018465441176470582,0.33284375744425865,,,-0.016570818882434377,0.02484998288616677,0.6873874537038023,,0.10000000000000009,,,,,,,,,,,,,,,,,,,,,
MC-PFS-2020-09-30,PFS,,Unknown,2729840204,2020-09-30,2020-Q3,mixed,0.2533,0.3,0.0032605072302558397,0.5283576675433289,10.2,0.8523609228021486,0.1252775281435169,0.047131869605780544,4.605170185988091,1.277830787063872,0.3999999999999999,,,,,,,,,,,,,,,,,,,,,
MC-PFS-2022-03-31,PFS,,Unknown,2729840204,2022-03-31,2022-Q1,trap,-0.2662,0.28,-0.0018465441176470582,0.33284375744425865,8.934065934065934,0.3629772127084984,-0.09653872161872797,-0.00023785235300741517,1.3595475098950252,-0.862483304132152,0,,,,,,,,,,,,,,,,,,,,,
MC-CLSK-2020-09-30,CLSK,,Unknown,2720823559,2020-09-30,2020-Q3,trap,-0.695,0.3,0.0032605072302558397,0.5283576675433289,13,0.26662365936055576,-0.859114735732935,-0.026915679130813025,,-11.168491564528154,-0.46599999999999997,,,,,,,,,,,,,,,,,,,,,
MC-CLSK-2022-03-31,CLSK,,Unknown,2720823559,2022-03-31,2022-Q1,trap,-0.4568,0.28,-0.0018465441176470582,0.33284375744425865,-9.428571428571429,0.5484207967832001,-0.003550725011662304,0.05525603270871826,0.2612741884487124,0.033478264395673155,-0.15000000000000002,,,,,,,,,,,,,,,,,,,,,
MC-PRKA-2020-09-30,PRKA,,Unknown,2718594066,2020-09-30,2020-Q3,underperform,0.0278,0.3,0.0032605072302558397,0.5283576675433289,-10.2,1,-6.725308862356591,-0.0186695806059492,4.605170185988091,68.59815039603723,-0.44999999999999996,,,,,,,,,,,,,,,,,,,,,
MC-PRKA-2022-03-31,PRKA,,Unknown,2718594066,2022-03-31,2022-Q1,trap,-0.1163,0.28,-0.0018465441176470582,0.33284375744425865,10.6,0.9999999030776495,-44.893553497976285,-1.3030800500312738,2.6429229162894856,-475.8716670785486,-0.15000000000000002,,,,,,,,,,,,,,,,,,,,,
MC-UNFI-2020-09-30,UNFI,,Unknown,2703549638,2020-09-30,2020-Q3,trap,-0.0491,0.3,0.0032605072302558397,0.5283576675433289,-23.2,0.02900968935797558,-0.03851186996372901,-0.042156910719973455,0.41861065332249153,0.893475383158513,0,,,,,,,,,,,,,,,,,,,,,
MC-UNFI-2022-03-31,UNFI,,Unknown,2703549638,2022-03-31,2022-Q1,trap,-0.3376,0.28,-0.0018465441176470582,0.33284375744425865,12.291208791208792,0.7071596665367624,-0.06747403318606501,0.002241597138819395,0.5555622978086748,-0.829337429874876,0.10000000000000009,,,,,,,,,,,,,,,,,,,,,
MC-UCTT-2020-09-30,UCTT,,Unknown,2685644210,2020-09-30,2020-Q3,mixed,0.3826,0.3,0.0032605072302558397,0.5283576675433289,19.4,0.7995713959608415,-0.019539779914211897,-0.012201810999624776,1.8760712718493728,-0.3790717303357108,-0.09999999999999998,,,,,,,,,,,,,,,,,,,,,
MC-UCTT-2022-03-31,UCTT,,Unknown,2685644210,2022-03-31,2022-Q1,trap,-0.4949,0.28,-0.0018465441176470582,0.33284375744425865,21.796703296703296,0.48422858499231186,0.06959363066371502,0.1477416887454096,0.24498312170993125,1.5169117189173487,0.3500000000000001,,,,,,,,,,,,,,,,,,,,,
MC-CWT-2020-09-30,CWT,,Unknown,2681739164,2020-09-30,2020-Q3,underperform,0.0888,0.3,0.0032605072302558397,0.5283576675433289,-10.4,0.11296097340695796,-0.010043211953187593,0.03467035155963461,1.6998120520329036,0.10444940431315097,0.050000000000000044,,,,,,,,,,,,,,,,,,,,,
MC-CWT-2022-03-31,CWT,,Unknown,2681739164,2022-03-31,2022-Q1,trap,-0.1825,0.28,-0.0018465441176470582,0.33284375744425865,-0.8791208791208791,0.5167541875476341,-0.013518042668016685,0.07500408321480553,1.9440859234885963,0.011883993554300382,0.050000000000000044,,,,,,,,,,,,,,,,,,,,,
MC-TRMD-2020-09-30,TRMD,,Unknown,2659564099,2020-09-30,2020-Q3,winner,3.0352,0.3,0.0032605072302558397,0.5283576675433289,11.2,2.652694273168472e-05,-0.004131154599170531,-0.01581022071763034,3.5754362557614847,-0.04626893151070994,0.050000000000000044,,,,,,,,,,,,,,,,,,,,,
MC-TRMD-2022-03-31,TRMD,,Unknown,2659564099,2022-03-31,2022-Q1,winner,0.86,0.28,-0.0018465441176470582,0.33284375744425865,18.483516483516482,0.41984446461480623,0.12245808344152007,0.0560255223078641,2.3070418110047015,2.263456003831173,0.10000000000000009,,,,,,,,,,,,,,,,,,,,,
MC-EFXT-2020-09-30,EFXT,,Unknown,2646732538,2020-09-30,2020-Q3,winner,0.5873,0.3,0.0032605072302558397,0.5283576675433289,,,,,,,,,,,,,,,,,,,,,,,,,,,,
MC-EFXT-2022-03-31,EFXT,,Unknown,2646732538,2022-03-31,2022-Q1,mixed,0.1966,0.28,-0.0018465441176470582,0.33284375744425865,,,,,,,,,,,,,,,,,,,,,,,,,,,,
MC-SBLK-2020-09-30,SBLK,,Unknown,2646677520,2020-09-30,2020-Q3,winner,1.7983,0.3,0.0032605072302558397,0.5283576675433289,-6.2,0.8553779901654542,0.05111405693510656,0.01298616588528649,0.3658543937158352,-0.3169071529976607,0.3500000000000001,,,,,,,,,,,,,,,,,,,,,
MC-SBLK-2022-03-31,SBLK,,Unknown,2646677520,2022-03-31,2022-Q1,trap,-0.4759,0.28,-0.0018465441176470582,0.33284375744425865,24.873626373626372,0.24302519978483908,0.004741853484342076,-0.023585160384658382,0.07337984871884058,0.11794709188800316,-0.09999999999999998,,,,,,,,,,,,,,,,,,,,,
MC-ADEA-2020-09-30,ADEA,,Unknown,2618919086,2020-09-30,2020-Q3,winner,1.1403,0.3,0.0032605072302558397,0.5283576675433289,,,,,,,,,,,,,,,,,,,,,,,,,,,,
MC-ADEA-2022-03-31,ADEA,,Unknown,2618919086,2022-03-31,2022-Q1,winner,0.758,0.28,-0.0018465441176470582,0.33284375744425865,,,,,,,,,,,,,,,,,,,,,,,,,,,,
MC-BRSL-2020-09-30,BRSL,,Unknown,2599940916,2020-09-30,2020-Q3,winner,1.7242,0.3,0.0032605072302558397,0.5283576675433289,,,,,,,,,,,,,,,,,,,,,,,,,,,,
MC-BRSL-2022-03-31,BRSL,,Unknown,2599940916,2022-03-31,2022-Q1,trap,-0.3412,0.28,-0.0018465441176470582,0.33284375744425865,,,,,,,,,,,,,,,,,,,,,,,,,,,,
MC-NGVT-2020-09-30,NGVT,,Unknown,2593660633,2020-09-30,2020-Q3,trap,-0.037,0.3,0.0032605072302558397,0.5283576675433289,2.7,0.0013608095739909433,0.039626857549690635,0.002186914146281074,0.5454506335552834,0.10699251538416472,0.050000000000000044,,,,,,,,,,,,,,,,,,,,,
MC-NGVT-2022-03-31,NGVT,,Unknown,2593660633,2022-03-31,2022-Q1,trap,-0.3821,0.28,-0.0018465441176470582,0.33284375744425865,1.7362637362637363,0.6138083034010727,-0.05405968012027197,0.05777251618217882,0.9176483968352631,-0.09386186218684585,0.10000000000000009,,,,,,,,,,,,,,,,,,,,,
MC-NG-2020-09-30,NG,,Unknown,2586818000,2020-09-30,2020-Q3,trap,-0.677,0.3,0.0032605072302558397,0.5283576675433289,-13.7,0.1731917990988917,-0.042542820399647754,-0.04737079134745793,0.2675890380949749,0.5828366394751742,0,,,,,,,,,,,,,,,,,,,,,
MC-NG-2022-03-31,NG,,Unknown,2586818000,2022-03-31,2022-Q1,trap,-0.6223,0.28,-0.0018465441176470582,0.33284375744425865,-7.851648351648351,0.5543144881256834,-0.016157257624595002,0.06889144826434937,0.28480157214131285,0.1268611051953091,0.1499999999999999,,,,,,,,,,,,,,,,,,,,,
MC-HE-2020-09-30,HE,,Unknown,2583534729,2020-09-30,2020-Q3,trap,-0.6297,0.3,0.0032605072302558397,0.5283576675433289,-17.9,6.3089525816240125e-06,-0.00025920738332319004,-0.011830309334561712,0.7265778025759462,0.0046398121614851014,0.050000000000000044,,,,,,,,,,,,,,,,,,,,,
MC-HE-2022-03-31,HE,,Unknown,2583534729,2022-03-31,2022-Q1,trap,-0.7412,0.28,-0.0018465441176470582,0.33284375744425865,15.87912087912088,0.4974678963680919,-0.023540405882757888,0.08012777509436472,0.13330516961690736,-0.37380095055588075,0.1499999999999999,,,,,,,,,,,,,,,,,,,,,
MC-WAFD-2020-09-30,WAFD,,Unknown,2576206717,2020-09-30,2020-Q3,mixed,0.2282,0.3,0.0032605072302558397,0.5283576675433289,26.9,0.9892046442720213,0.10480854315530522,0.047606976298841655,4.605170185988091,2.81934981087771,0.3999999999999999,,,,,,,,,,,,,,,,,,,,,
MC-WAFD-2022-03-31,WAFD,,Unknown,2576206717,2022-03-31,2022-Q1,trap,-0.1292,0.28,-0.0018465441176470582,0.33284375744425865,-1.7142857142857142,0.5488256284700467,-0.15693058425157877,0.01819186761161465,0.8850382213469381,0.26902385871699214,-0.050000000000000044,,,,,,,,,,,,,,,,,,,,,
MC-TRN-2020-09-30,TRN,,Unknown,2573912079,2020-09-30,2020-Q3,mixed,0.2487,0.3,0.0032605072302558397,0.5283576675433289,0.3,0.996047923097562,-0.01603445480486331,0.00815117203672887,0.8210804157416323,-0.004810336441458994,-0.09999999999999998,,,,,,,,,,,,,,,,,,,,,
MC-TRN-2022-03-31,TRN,,Unknown,2573912079,2022-03-31,2022-Q1,trap,-0.1834,0.28,-0.0018465441176470582,0.33284375744425865,2.697802197802198,0.43933760470396893,0.16325740494657204,0.03167656864194217,0.7068785221356662,0.44043618587234545,0.3999999999999999,,,,,,,,,,,,,,,,,,,,,
MC-TRMK-2020-09-30,TRMK,,Unknown,2570370917,2020-09-30,2020-Q3,underperform,0.0149,0.3,0.0032605072302558397,0.5283576675433289,40.6,3.2589652499918576e-07,0.1058763062829273,0.030884591895817888,0.6972376393391727,4.298578035086848,0.3999999999999999,,,,,,,,,,,,,,,,,,,,,
MC-TRMK-2022-03-31,TRMK,,Unknown,2570370917,2022-03-31,2022-Q1,underperform,0.1349,0.28,-0.0018465441176470582,0.33284375744425865,0.7142857142857143,0.5866520781599974,0.021259353388033184,0.06184039250422539,1.014116145507062,0.015185252420023703,0.050000000000000044,,,,,,,,,,,,,,,,,,,,,
MC-BWLP-2020-09-30,BWLP,,Unknown,2565545886,2020-09-30,2020-Q3,winner,2.0578,0.3,0.0032605072302558397,0.5283576675433289,,,,,,,,,,,,,,,,,,,,,,,,,,,,
MC-BWLP-2022-03-31,BWLP,,Unknown,2565545886,2022-03-31,2022-Q1,winner,0.6386,0.28,-0.0018465441176470582,0.33284375744425865,,,,,,,,,,,,,,,,,,,,,,,,,,,,
MC-ASH-2020-09-30,ASH,0001674862,Materials,2557311156,2020-09-30,2020-Q3,underperform,0.1517,0.3,0.0032605072302558397,0.5283576675433289,0.8,0.9693354280371209,0.024821753067389117,0.012225495009538257,4.605170185988091,0.019857402453911294,0.19999999999999996,,-2.6148825368194406,,,-0.00911710893542313,0.15195396398961886,-0.07768301371208704,0.23956799190593575,STRUCTURAL_STRESS,0,,,,,,,,,DECELERATING,-0.07768301371208704,-0.10497270796674987
MC-ASH-2022-03-31,ASH,0001674862,Materials,2557311156,2022-03-31,2022-Q1,trap,-0.3975,0.28,-0.0018465441176470582,0.33284375744425865,-0.4340659340659341,0.5808001251641838,0.011708627939081742,0.03591215553087373,0.5167501221532815,-0.005082316523008009,-0.09999999999999998,,0.3519475952795682,8.882710040390874,2.0652372751013606,0.002283430552097006,0.1432684674526901,-0.03857542679586238,0.209176852097737,STRUCTURAL_STRESS,-0.01967213114754099,,,,,,,0.2325569280483349,-0.2325569280483349,TROUGH,-0.03857542679586238,0.08804271634674646
MC-WOR-2020-09-30,WOR,,Unknown,2550243825,2020-09-30,2020-Q3,winner,0.5159,0.3,0.0032605072302558397,0.5283576675433289,33.2,0.5848763104310455,0.056393248833237944,0.008773486746123979,0.6034833931357895,1.8722558612634999,0.10000000000000009,,,,,,,,,,,,,,,,,,,,,
MC-WOR-2022-03-31,WOR,,Unknown,2550243825,2022-03-31,2022-Q1,winner,0.5801,0.28,-0.0018465441176470582,0.33284375744425865,-10.093406593406593,0.336907577877632,-0.023383868974806335,0.042941842398257046,0.41762833644706654,0.23602289728966613,-0.15000000000000002,,,,,,,,,,,,,,,,,,,,,
MC-ERO-2020-09-30,ERO,,Unknown,2543315927,2020-09-30,2020-Q3,underperform,0.1824,0.3,0.0032605072302558397,0.5283576675433289,,,,,,,,,,,,,,,,,,,,,,,,,,,,
MC-ERO-2022-03-31,ERO,,Unknown,2543315927,2022-03-31,2022-Q1,trap,-0.1721,0.28,-0.0018465441176470582,0.33284375744425865,31.7,0.3677487317702629,0.2284993368155558,0.1930519205385835,0.32762640841520846,7.243428977053118,0.3500000000000001,,,,,,,,,,,,,,,,,,,,,
MC-UE-2020-09-30,UE,,Unknown,2530527524,2020-09-30,2020-Q3,winner,0.57,0.3,0.0032605072302558397,0.5283576675433289,21.6,0.32884229958631567,0.08773522609404004,0.06419768074552859,1.6214305608521085,1.895080883631265,0.3999999999999999,,,,,,,,,,,,,,,,,,,,,
MC-UE-2022-03-31,UE,,Unknown,2530527524,2022-03-31,2022-Q1,trap,-0.0052,0.28,-0.0018465441176470582,0.33284375744425865,-12.340659340659341,0.5125427188248085,-0.12603114604323917,0.014521187312018485,0.7213630964773573,1.555307439632501,-0.050000000000000044,,,,,,,,,,,,,,,,,,,,,
MC-BKE-2020-09-30,BKE,,Unknown,2520411202,2020-09-30,2020-Q3,winner,0.6376,0.3,0.0032605072302558397,0.5283576675433289,0.2,0.13215389631551605,0.02256227367321703,0.008095151409267472,1.3173129784394058,0.004512454734643407,0.19999999999999996,,,,,,,,,,,,,,,,,,,,,
MC-BKE-2022-03-31,BKE,,Unknown,2520411202,2022-03-31,2022-Q1,underperform,0.1598,0.28,-0.0018465441176470582,0.33284375744425865,8.175824175824175,0.3608350660036118,-0.00027699958229827296,-0.045014405757818954,0.5516275824734542,-0.0022646998816474185,0.19999999999999996,,,,,,,,,,,,,,,,,,,,,
MC-PLAB-2020-09-30,PLAB,,Unknown,2518214921,2020-09-30,2020-Q3,winner,1.0291,0.3,0.0032605072302558397,0.5283576675433289,-4.7,0.0008938635031787376,0.025271346241002947,0.0076621161847263974,0.7785166199654999,-0.11877532733271386,0.050000000000000044,,,,,,,,,,,,,,,,,,,,,
MC-PLAB-2022-03-31,PLAB,,Unknown,2518214921,2022-03-31,2022-Q1,mixed,0.2233,0.28,-0.0018465441176470582,0.33284375744425865,5.472527472527473,0.5250831675108442,0.011263287461601768,0.0411055186879426,0.6677469305836987,0.06163865006458989,0.050000000000000044,,,,,,,,,,,,,,,,,,,,,
MC-SNEX-2020-09-30,SNEX,,Unknown,2501317258,2020-09-30,2020-Q3,winner,0.8945,0.3,0.0032605072302558397,0.5283576675433289,,,,,,,,,,,,,,,,,,,,,,,,,,,,
MC-SNEX-2022-03-31,SNEX,,Unknown,2501317258,2022-03-31,2022-Q1,winner,1.3156,0.28,-0.0018465441176470582,0.33284375744425865,10.563636363636364,0.5491210198611968,-0.17022865629796538,0.07084691190384888,0.350978997248963,-1.7982336238021435,0.19999999999999996,,,,,,,,,,,,,,,,,,,,,
MC-GGB-2020-09-30,GGB,,Unknown,2498250221,2020-09-30,2020-Q3,mixed,0.3503,0.3,0.0032605072302558397,0.5283576675433289,78.3,0.06909788569798195,0.11784097624247955,-0.08015365432482736,0.4472429634173231,9.226948439786149,0.25,,,,,,,,,,,,,,,,,,,,,
MC-GGB-2022-03-31,GGB,,Unknown,2498250221,2022-03-31,2022-Q1,trap,-0.4431,0.28,-0.0018465441176470582,0.33284375744425865,23.802197802197803,0.6187327925467554,-0.07500405268639403,0.2933006776144818,0.20303227610696606,-1.785261298008016,0.050000000000000044,,,,,,,,,,,,,,,,,,,,,
MC-PRDO-2020-09-30,PRDO,,Unknown,2497491840,2020-09-30,2020-Q3,mixed,0.3971,0.3,0.0032605072302558397,0.5283576675433289,-12.8,0.9979107108682463,-0.07751196650780642,0.09947532447474638,0.6108623933379425,0.9921531712999223,-0.19999999999999996,,,,,,,,,,,,,,,,,,,,,
MC-PRDO-2022-03-31,PRDO,,Unknown,2497491840,2022-03-31,2022-Q1,winner,1.1934,0.28,-0.0018465441176470582,0.33284375744425865,-2.868131868131868,0.44048306181446456,-0.015427051868934855,0.022026375278433805,0.7314327225036322,0.044246819096615354,0.050000000000000044,,,,,,,,,,,,,,,,,,,,,
MC-AMBP-2022-03-31,AMBP,,Unknown,2480453339,2022-03-31,2022-Q1,trap,-0.6285,0.28,-0.0018465441176470582,0.33284375744425865,54.3,0.0004919996767398332,0.020015990561845623,0.04966590535570842,0.3692670678274337,1.0868682875082172,0.1499999999999999,,,,,,,,,,,,,,,,,,,,,
MC-HMDCF-2020-09-30,HMDCF,,Unknown,2457915030,2020-09-30,2020-Q3,trap,-0.3973,0.3,0.0032605072302558397,0.5283576675433289,,,,,,,,,,,,,,,,,,,,,,,,,,,,
MC-HMDCF-2022-03-31,HMDCF,,Unknown,2457915030,2022-03-31,2022-Q1,trap,-0.3738,0.28,-0.0018465441176470582,0.33284375744425865,,,,,,,,,,,,,,,,,,,,,,,,,,,,
MC-VRNS-2020-09-30,VRNS,,Unknown,2456969897,2020-09-30,2020-Q3,trap,-0.2061,0.3,0.0032605072302558397,0.5283576675433289,-1.6,0.03968256744269817,0.033666759475141014,-0.000803467270102087,4.605170185988091,-0.05386681516022562,0.050000000000000044,,,,,,,,,,,,,,,,,,,,,
MC-VRNS-2022-03-31,VRNS,,Unknown,2456969897,2022-03-31,2022-Q1,trap,-0.1491,0.28,-0.0018465441176470582,0.33284375744425865,15.335164835164836,0.6191795591103871,-0.01473316424498881,-0.014756809126601926,0.609475882941316,-0.22593550224046027,-0.25,,,,,,,,,,,,,,,,,,,,,
MC-RH-2020-09-30,RH,0001528849,Consumer Discretionary,2456133999,2020-09-30,2020-Q3,trap,-0.3091,0.3,0.0032605072302558397,0.5283576675433289,-2.8,0.2870220431938013,0.007100361708279098,-0.0003450070674036951,0.6135964693135151,-0.019881012783181475,0.050000000000000044,,0.1994928154817474,,,0.003216904302770505,0.02192129724300734,-0.1908190078223078,0.04139665509408895,STRUCTURAL_STRESS,-0.0918918918918919,,,,,,,,,DECELERATING,-0.1908190078223078,-0.8244574036475733
MC-RH-2022-03-31,RH,0001528849,Consumer Discretionary,2456133999,2022-03-31,2022-Q1,trap,-0.2811,0.28,-0.0018465441176470582,0.33284375744425865,0.11538461538461539,0.38137038540066864,0.003919114184811029,0.026119081654412693,1.1052613914866445,0.00045220548286281105,0.19999999999999996,,0.07621541349605705,-0.52199436115301,1.8289688446062415,-0.006420334675409509,0.02111976895266226,-0.15913232230081178,0.2720756852707783,STRUCTURAL_STRESS,-0.1090909090909091,,,,,,,0.3560146821810195,-0.3560146821810195,DECELERATING,-0.15913232230081178,-0.7781021447359138
MC-ANDE-2020-09-30,ANDE,,Unknown,2450016720,2020-09-30,2020-Q3,winner,1.687,0.3,0.0032605072302558397,0.5283576675433289,45.7,0.1447868184530396,0.06790164346339114,0.0727446249816436,1.8401551484644338,3.1031051062769754,0.3999999999999999,,,,,,,,,,,,,,,,,,,,,
MC-ANDE-2022-03-31,ANDE,,Unknown,2450016720,2022-03-31,2022-Q1,trap,-0.1458,0.28,-0.0018465441176470582,0.33284375744425865,8.758241758241759,0.42936930085824737,-0.13289456403891395,-0.044704519518929425,1.2528716039995982,-1.1639227202089497,-0.15000000000000002,,,,,,,,,,,,,,,,,,,,,
MC-BBU-2020-09-30,BBU,,Unknown,2440155933,2020-09-30,2020-Q3,trap,-0.2141,0.3,0.0032605072302558397,0.5283576675433289,-0.9,0.10798664942332604,0.014011575390184649,0.017575825057016527,4.605170185988091,-0.012610417851166183,0.19999999999999996,,,,,,,,,,,,,,,,,,,,,
MC-BBU-2022-03-31,BBU,,Unknown,2440155933,2022-03-31,2022-Q1,trap,-0.2363,0.28,-0.0018465441176470582,0.33284375744425865,30.005494505494507,0.41842615125899274,-3.053266147510859,-0.06754098425984756,0.24045351211218094,-91.61476061294945,-0.050000000000000044,,,,,,,,,,,,,,,,,,,,,
MC-TWO-PC-2020-09-30,TWO-PC,,Unknown,2439836260,2020-09-30,2020-Q3,underperform,0.0774,0.3,0.0032605072302558397,0.5283576675433289,,,,,,,,,,,,,,,,,,,,,,,,,,,,
MC-TWO-PC-2022-03-31,TWO-PC,,Unknown,2439836260,2022-03-31,2022-Q1,underperform,0.0583,0.28,-0.0018465441176470582,0.33284375744425865,,,,,,,,,,,,,,,,,,,,,,,,,,,,
MC-TWO-PA-2020-09-30,TWO-PA,,Unknown,2437235749,2020-09-30,2020-Q3,trap,-0.0395,0.3,0.0032605072302558397,0.5283576675433289,,,,,,,,,,,,,,,,,,,,,,,,,,,,
MC-TWO-PA-2022-03-31,TWO-PA,,Unknown,2437235749,2022-03-31,2022-Q1,trap,-0.0272,0.28,-0.0018465441176470582,0.33284375744425865,,,,,,,,,,,,,,,,,,,,,,,,,,,,
MC-CHEF-2020-09-30,CHEF,,Unknown,2434600099,2020-09-30,2020-Q3,mixed,0.4567,0.3,0.0032605072302558397,0.5283576675433289,-75.9,0.011625998658572573,-0.0006434544959103392,0.005199500067853375,0.33811310409858536,0.04883819623959475,-0.15000000000000002,,,,,,,,,,,,,,,,,,,,,
MC-CHEF-2022-03-31,CHEF,,Unknown,2434600099,2022-03-31,2022-Q1,winner,0.6706,0.28,-0.0018465441176470582,0.33284375744425865,-15.076923076923077,0.4943490447255711,-0.00772054258702896,-0.009806712449614351,0.6022418645507117,0.1164020266967443,0.19999999999999996,,,,,,,,,,,,,,,,,,,,,
MC-HTGC-2020-09-30,HTGC,,Unknown,2434554564,2020-09-30,2020-Q3,mixed,0.4192,0.3,0.0032605072302558397,0.5283576675433289,-4.8,0.40643932448065623,0.09868337516418155,0.006396163705980493,4.605170185988091,-0.4736802007880714,0.3999999999999999,,,,,,,,,,,,,,,,,,,,,
MC-HTGC-2022-03-31,HTGC,,Unknown,2434554564,2022-03-31,2022-Q1,underperform,0.0631,0.28,-0.0018465441176470582,0.33284375744425865,-6.071428571428571,0.5351026175878771,0.0442805739293055,-0.03966186947103059,0.2654293846794425,-0.2688463417136405,-0.15000000000000002,,,,,,,,,,,,,,,,,,,,,
MC-FBK-2020-09-30,FBK,,Unknown,2425864812,2020-09-30,2020-Q3,underperform,0.129,0.3,0.0032605072302558397,0.5283576675433289,10.6,0.9998963510536898,0.11049980470653496,0.023979036358135395,0.5676711767318732,1.1712979298892705,0.3999999999999999,,,,,,,,,,,,,,,,,,,,,
MC-FBK-2022-03-31,FBK,,Unknown,2425864812,2022-03-31,2022-Q1,underperform,0.0437,0.28,-0.0018465441176470582,0.33284375744425865,7.538461538461538,0.6255593718196849,-0.045238294570516244,0.07654754839801894,0.49493100911171606,-0.34102714368543013,0,,,,,,,,,,,,,,,,,,,,,
MC-TWO-PB-2020-09-30,TWO-PB,,Unknown,2408109515,2020-09-30,2020-Q3,trap,-0.0285,0.3,0.0032605072302558397,0.5283576675433289,,,,,,,,,,,,,,,,,,,,,,,,,,,,
MC-TWO-PB-2022-03-31,TWO-PB,,Unknown,2408109515,2022-03-31,2022-Q1,trap,-0.0374,0.28,-0.0018465441176470582,0.33284375744425865,,,,,,,,,,,,,,,,,,,,,,,,,,,,
MC-VC-2020-09-30,VC,,Unknown,2378749528,2020-09-30,2020-Q3,winner,0.9947,0.3,0.0032605072302558397,0.5283576675433289,23.3,0.5554375501957336,0.04280243311440553,0.026909054102672893,1.166453716231148,0.9972966915656488,0.19999999999999996,,,,,,,,,,,,,,,,,,,,,
MC-VC-2022-03-31,VC,,Unknown,2378749528,2022-03-31,2022-Q1,trap,-0.2887,0.28,-0.0018465441176470582,0.33284375744425865,8.846153846153847,0.7149287557390804,-0.0017382284409697187,0.008028970388285872,0.33399111865999015,-0.015376636208578282,0,,,,,,,,,,,,,,,,,,,,,
MC-ABM-2020-09-30,ABM,,Unknown,2377412916,2020-09-30,2020-Q3,underperform,0.0914,0.3,0.0032605072302558397,0.5283576675433289,49,0.3442912220521429,0.06690702073689317,0.0027113315235027004,0.8264154290379954,3.2784440161077653,0.3999999999999999,,,,,,,,,,,,,,,,,,,,,
MC-ABM-2022-03-31,ABM,,Unknown,2377412916,2022-03-31,2022-Q1,underperform,0.0287,0.28,-0.0018465441176470582,0.33284375744425865,8.082417582417582,0.5165332386150244,-0.016250469234210946,0.04091114490109185,0.7609475954696655,-0.13134307826112254,0.050000000000000044,,,,,,,,,,,,,,,,,,,,,
MC-UPST-2022-03-31,UPST,,Unknown,2373699522,2022-03-31,2022-Q1,trap,-0.5781,0.28,-0.0018465441176470582,0.33284375744425865,10.976190476190476,0.36073294042428267,-0.13963189237031914,0.020323517310783513,0.4715433492825587,-1.5326262472075507,-0.09999999999999998,,,,,,,,,,,,,,,,,,,,,
MC-CXT-2020-09-30,CXT,0000025445,Information Technology,2370155216,2020-09-30,2020-Q3,winner,2.1918,0.3,0.0032605072302558397,0.5283576675433289,,,,,,,,,1.4912263236272671,2.4342740651158667,3.2710322473628124,-0.020074080255661073,0.059062781798051224,-0.06837835114862248,0.1365453450833529,STRUCTURAL_STRESS,0.05663716814159292,-1837891,0.042,NET_SELLING,-6.264319987364498,79609,1917500,0.23998822617147833,-0.23998822617147833,DECELERATING,-0.06837835114862248,-0.380627493534175
MC-CXT-2022-03-31,CXT,0000025445,Information Technology,2370155216,2022-03-31,2022-Q1,mixed,0.3667,0.28,-0.0018465441176470582,0.33284375744425865,,,,,,,,,0.6970058833368363,2.2523107986011373,2.9465760451096967,-0.009202964727005901,0.05442570884947459,0.050456747318737005,0.12910600910260808,STRUCTURAL_STRESS,0.032,-1837891,0.042,NET_SELLING,-6.264319987364498,79609,1917500,0.17268573535527826,-0.17268573535527826,PEAK,0.050456747318737005,-0.2317400028941461
MC-IVT-2020-09-30,IVT,,Unknown,2362538418,2020-09-30,2020-Q3,winner,1.1645,0.3,0.0032605072302558397,0.5283576675433289,,,,,,,,,,,,,,,,,,,,,,,,,,,,
MC-IVT-2022-03-31,IVT,,Unknown,2362538418,2022-03-31,2022-Q1,trap,-0.0458,0.28,-0.0018465441176470582,0.33284375744425865,,,0.00716162340446827,-0.01651542918431592,0.2589418828105055,,-0.19999999999999996,,,,,,,,,,,,,,,,,,,,,
MC-BL-2020-09-30,BL,,Unknown,2359306434,2020-09-30,2020-Q3,trap,-0.3811,0.3,0.0032605072302558397,0.5283576675433289,-7.5,0.009977799273614436,-0.031781179501014764,-0.011284538078364749,4.605170185988091,0.23835884625761072,0.050000000000000044,,,,,,,,,,,,,,,,,,,,,
MC-BL-2022-03-31,BL,,Unknown,2359306434,2022-03-31,2022-Q1,trap,-0.3387,0.28,-0.0018465441176470582,0.33284375744425865,0.1043956043956044,0.6638164552900013,-0.006796888406952296,-0.03083234278581893,0.49912117628738417,-0.0007095652732532617,-0.15000000000000002,,,,,,,,,,,,,,,,,,,,,
MC-NTCT-2020-09-30,NTCT,,Unknown,2339202752,2020-09-30,2020-Q3,mixed,0.2836,0.3,0.0032605072302558397,0.5283576675433289,8,0.9994600726341913,-0.04396090830970838,-0.04949619334061929,4.605170185988091,-0.351687266477667,-0.09999999999999998,,,,,,,,,,,,,,,,,,,,,
MC-NTCT-2022-03-31,NTCT,,Unknown,2339202752,2022-03-31,2022-Q1,trap,-0.3451,0.28,-0.0018465441176470582,0.33284375744425865,6.769230769230769,0.5475037895245835,-0.003960875274484958,0.05103716990443951,0.7982447673223829,-0.026812078781128946,0.19999999999999996,,,,,,,,,,,,,,,,,,,,,
MC-IAUM-2022-03-31,IAUM,,Unknown,2324540590,2022-03-31,2022-Q1,winner,0.61,0.28,-0.0018465441176470582,0.33284375744425865,-8,0.9999966124598691,-3.6013902421480033,0.13386306516723967,4.605170185988091,28.811121937184026,-0.19999999999999996,,,,,,,,,,,,,,,,,,,,,
MC-XTLB-2020-09-30,XTLB,,Unknown,2318043114,2020-09-30,2020-Q3,trap,-0.5276,0.3,0.0032605072302558397,0.5283576675433289,64.1,0.9999999994371538,-1.5956243101269385,-0.6269722686231748,0.9068441684085624,-102.27951827913675,-0.15000000000000002,,,,,,,,,,,,,,,,,,,,,
MC-XTLB-2022-03-31,XTLB,,Unknown,2318043114,2022-03-31,2022-Q1,trap,-0.4958,0.28,-0.0018465441176470582,0.33284375744425865,20.14835164835165,0.3555068229306727,-0.48601382204033394,-0.38001239255392083,0.5958035065233795,-9.792377392428048,-0.30000000000000004,,,,,,,,,,,,,,,,,,,,,
MC-SA-2020-09-30,SA,,Unknown,2311609878,2020-09-30,2020-Q3,trap,-0.4382,0.3,0.0032605072302558397,0.5283576675433289,-4.9,0.08949888779690397,-0.005277358993168188,-0.015816096233130978,0.31757054497586246,0.02585905906652412,0,,,,,,,,,,,,,,,,,,,,,
MC-SA-2022-03-31,SA,,Unknown,2311609878,2022-03-31,2022-Q1,trap,-0.3692,0.28,-0.0018465441176470582,0.33284375744425865,6.263736263736264,0.2691872305973834,0.006299014459450686,0.012921023931920041,0.28585110177866924,0.03945536529546034,0.1499999999999999,,,,,,,,,,,,,,,,,,,,,
MC-HTH-2020-09-30,HTH,,Unknown,2311114188,2020-09-30,2020-Q3,mixed,0.378,0.3,0.0032605072302558397,0.5283576675433289,41.1,0.8310672085044091,0.10098846213784243,0.002729491559034611,1.429640226114536,4.150625793865324,0.3999999999999999,,,,,,,,,,,,,,,,,,,,,
MC-HTH-2022-03-31,HTH,,Unknown,2311114188,2022-03-31,2022-Q1,underperform,0.0357,0.28,-0.0018465441176470582,0.33284375744425865,-10.005494505494505,0.5054483815919897,0.008601265201401712,0.03911912520583551,0.6584519072348984,-0.08605991171292592,-0.09999999999999998,,,,,,,,,,,,,,,,,,,,,
MC-AKR-2020-09-30,AKR,,Unknown,2291870614,2020-09-30,2020-Q3,mixed,0.3667,0.3,0.0032605072302558397,0.5283576675433289,18.9,0.5322653192762931,-0.11954335977130569,-0.0030790190698473663,0.9190186215349377,-2.2593694996776774,-0.15000000000000002,,,,,,,,,,,,,,,,,,,,,
MC-AKR-2022-03-31,AKR,,Unknown,2291870614,2022-03-31,2022-Q1,trap,-0.0332,0.28,-0.0018465441176470582,0.33284375744425865,-6.263736263736264,0.670627430811252,-0.045519090463748475,-0.012603573919738025,1.044378289883341,0.28511957763007284,-0.09999999999999998,,,,,,,,,,,,,,,,,,,,,
MC-CHPT-2020-09-30,CHPT,,Unknown,2291325651,2020-09-30,2020-Q3,trap,-0.6814,0.3,0.0032605072302558397,0.5283576675433289,,,,,,,,,,,,,,,,,,,,,,,,,,,,
MC-CHPT-2022-03-31,CHPT,,Unknown,2291325651,2022-03-31,2022-Q1,trap,-0.9696,0.28,-0.0018465441176470582,0.33284375744425865,4.107142857142857,0.8590934542853843,0.027359443991435677,0.07221598580504807,0.7931519840673559,0.1123691449648251,0.050000000000000044,,,,,,,,,,,,,,,,,,,,,
MC-KN-2020-09-30,KN,,Unknown,2267846359,2020-09-30,2020-Q3,trap,-0.006,0.3,0.0032605072302558397,0.5283576675433289,18.8,0.04675804991502768,-0.019562376506997804,-0.016193371292858368,1.4098063984756197,-0.36777267833155874,0.050000000000000044,,,,,,,,,,,,,,,,,,,,,
MC-KN-2022-03-31,KN,,Unknown,2267846359,2022-03-31,2022-Q1,trap,-0.294,0.28,-0.0018465441176470582,0.33284375744425865,6.434065934065934,0.5796346336492113,0.08720144210909013,0.0017890959524641814,0.46187830501860877,0.5610598280755195,0.050000000000000044,,,,,,,,,,,,,,,,,,,,,
MC-HIW-2020-09-30,HIW,0000921082,Real Estate,2265480424,2020-09-30,2020-Q3,trap,-0.3861,0.3,0.0032605072302558397,0.5283576675433289,2.6,0.8628222664263971,-0.042762376712605535,0.09778862564042712,4.213953731309405,-0.1111821794527744,0.050000000000000044,,-3.662199583162017,,,-0.009355544195701712,0.041850701547286234,0.054885160555193185,0.11502266916581591,STRUCTURAL_STRESS,-0.03486238532110092,,,,,,,,,ACCELERATING,0.054885160555193185,0.059424176650067016
MC-HIW-2022-03-31,HIW,0000921082,Real Estate,2265480424,2022-03-31,2022-Q1,trap,-0.352,0.28,-0.0018465441176470582,0.33284375744425865,-0.26373626373626374,0.5249193371677524,-0.0059263560781829955,-0.09058321166369046,0.625761600402283,0.0015629950096306801,-0.09999999999999998,,0.12095023358032177,2.3881859758759543,-1.429177996255534,-0.006803582604175566,0.03609277044254635,0.040339886740071274,0.11599941484410012,STRUCTURAL_STRESS,-0.05123966942148761,,,,,,,0.1310472071196503,-0.1310472071196503,PEAK,0.040339886740071274,-0.005328916402376427
MC-MCW-2022-03-31,MCW,,Unknown,2261896472,2022-03-31,2022-Q1,trap,-0.4665,0.28,-0.0018465441176470582,0.33284375744425865,-77.4,0.26012136117705137,-0.12527714849895594,-0.022163755004189493,0.20978236247503584,9.696451293819191,-0.35,,,,,,,,,,,,,,,,,,,,,
MC-MTX-2020-09-30,MTX,,Unknown,2255795058,2020-09-30,2020-Q3,underperform,0.0716,0.3,0.0032605072302558397,0.5283576675433289,32,0.9693441062981355,0.11895962522976408,-0.0063294363666657125,1.8153366642397193,3.8067080073524506,0.30000000000000004,,,,,,,,,,,,,,,,,,,,,
MC-MTX-2022-03-31,MTX,,Unknown,2255795058,2022-03-31,2022-Q1,trap,-0.039,0.28,-0.0018465441176470582,0.33284375744425865,9.26923076923077,0.5072515676778601,-0.143963621095057,0.05985707130838445,0.9106799578514513,-1.3344320263041825,0.25,,,,,,,,,,,,,,,,,,,,,
MC-NTB-2020-09-30,NTB,,Unknown,2251348854,2020-09-30,2020-Q3,mixed,0.2154,0.3,0.0032605072302558397,0.5283576675433289,7.2,0.058409560277810704,0.11060423499503858,0.010323496075861804,1.0536935915797447,0.7963504919642778,0.25,,,,,,,,,,,,,,,,,,,,,
MC-NTB-2022-03-31,NTB,,Unknown,2251348854,2022-03-31,2022-Q1,underperform,0.0847,0.28,-0.0018465441176470582,0.33284375744425865,-3.5274725274725274,0.36889732000603165,-0.12741788090431314,-0.02574527389354589,0.6659286411672662,0.44946307439873096,-0.15000000000000002,,,,,,,,,,,,,,,,,,,,,
MC-EXK-2020-09-30,EXK,,Unknown,2245492377,2020-09-30,2020-Q3,trap,-0.3077,0.3,0.0032605072302558397,0.5283576675433289,68.6,0.9967104763725055,0.11751204108144181,0.02415325422253356,0.30798914807112027,8.061326018186907,0.5,,,,,,,,,,,,,,,,,,,,,
MC-EXK-2022-03-31,EXK,,Unknown,2245492377,2022-03-31,2022-Q1,trap,-0.0817,0.28,-0.0018465441176470582,0.33284375744425865,10.153846153846153,0.43264807722719745,-0.006995733956154774,0.03607749542176006,0.3517153922062979,-0.07103360632403309,0,,,,,,,,,,,,,,,,,,,,,
MC-MFA-PC-2020-09-30,MFA-PC,,Unknown,2239120244,2020-09-30,2020-Q3,underperform,0.037,0.3,0.0032605072302558397,0.5283576675433289,,,,,,,,,,,,,,,,,,,,,,,,,,,,
MC-MFA-PC-2022-03-31,MFA-PC,,Unknown,2239120244,2022-03-31,2022-Q1,underperform,0.0882,0.28,-0.0018465441176470582,0.33284375744425865,,,,,,,,,,,,,,,,,,,,,,,,,,,,
MC-VOYA-PB-2020-09-30,VOYA-PB,,Unknown,2230538628,2020-09-30,2020-Q3,trap,-0.1473,0.3,0.0032605072302558397,0.5283576675433289,,,,,,,,,,,,,,,,,,,,,,,,,,,,
MC-VOYA-PB-2022-03-31,VOYA-PB,,Unknown,2230538628,2022-03-31,2022-Q1,trap,-0.0784,0.28,-0.0018465441176470582,0.33284375744425865,,,,,,,,,,,,,,,,,,,,,,,,,,,,
MC-NSIT-2020-09-30,NSIT,,Unknown,2225708596,2020-09-30,2020-Q3,winner,1.5716,0.3,0.0032605072302558397,0.5283576675433289,2.5,0.031017292138020923,0.038798873445770383,0.01730241493951251,4.605170185988091,0.09699718361442596,0.050000000000000044,,,,,,,,,,,,,,,,,,,,,
MC-NSIT-2022-03-31,NSIT,,Unknown,2225708596,2022-03-31,2022-Q1,mixed,0.3976,0.28,-0.0018465441176470582,0.33284375744425865,0.23076923076923078,0.6749960739897346,0.004110510661464201,0.0664238275418339,0.9798042813349646,0.0009485793834148156,0.19999999999999996,,,,,,,,,,,,,,,,,,,,,
MC-ADAMM-2020-09-30,ADAMM,,Unknown,2205317320,2020-09-30,2020-Q3,underperform,0.1241,0.3,0.0032605072302558397,0.5283576675433289,,,,,,,,,,,,,,,,,,,,,,,,,,,,
MC-ADAMM-2022-03-31,ADAMM,,Unknown,2205317320,2022-03-31,2022-Q1,trap,-0.025,0.28,-0.0018465441176470582,0.33284375744425865,,,,,,,,,,,,,,,,,,,,,,,,,,,,
MC-AMBA-2020-09-30,AMBA,,Unknown,2196441788,2020-09-30,2020-Q3,underperform,0.0163,0.3,0.0032605072302558397,0.5283576675433289,-10.5,0.9079908889435677,-0.012508959095326587,0.028224820920422285,1.4356318606864498,0.13134407050092917,-0.09999999999999998,,,,,,,,,,,,,,,,,,,,,
MC-AMBA-2022-03-31,AMBA,,Unknown,2196441788,2022-03-31,2022-Q1,trap,-0.5203,0.28,-0.0018465441176470582,0.33284375744425865,20.593406593406595,0.3537303858134377,-0.07500227934745983,-0.012550950257902788,0.4187800286534364,-1.5445524340345025,-0.050000000000000044,,,,,,,,,,,,,,,,,,,,,
MC-GLPGF-2020-09-30,GLPGF,,Unknown,2192395582,2020-09-30,2020-Q3,trap,-0.7358,0.3,0.0032605072302558397,0.5283576675433289,-0.1,0.7224523563104084,0.06944979126595763,-0.06618033682373861,0.9191832040162813,-0.006944979126595763,0.30000000000000004,,,,,,,,,,,,,,,,,,,,,
MC-GLPGF-2022-03-31,GLPGF,,Unknown,2192395582,2022-03-31,2022-Q1,trap,-0.6405,0.28,-0.0018465441176470582,0.33284375744425865,1.6483516483516483,0.4462428944946859,-0.0018315221926709507,0.1606687345885811,3.0359766038068146,-0.0030189926252817867,0.19999999999999996,,,,,,,,,,,,,,,,,,,,,
MC-WELPP-2020-09-30,WELPP,,Unknown,2188440286,2020-09-30,2020-Q3,trap,-0.2772,0.3,0.0032605072302558397,0.5283576675433289,,,-0.7029559587699122,-0.5991789109766638,4.605170185988091,,-0.30000000000000004,,,,,,,,,,,,,,,,,,,,,
MC-WELPP-2022-03-31,WELPP,,Unknown,2188440286,2022-03-31,2022-Q1,trap,-0.2354,0.28,-0.0018465441176470582,0.33284375744425865,15.785714285714286,0.7443053288692696,-0.875,-0.1499999999999999,4.605170185988091,-13.8125,-0.15000000000000002,,,,,,,,,,,,,,,,,,,,,
MC-HLIO-2020-09-30,HLIO,,Unknown,2187218066,2020-09-30,2020-Q3,winner,0.5242,0.3,0.0032605072302558397,0.5283576675433289,-22.2,0.016131598390870507,0.009015127663989025,0.01632198202033626,0.37558750080283254,-0.20013583414055633,0,,,,,,,,,,,,,,,,,,,,,
MC-HLIO-2022-03-31,HLIO,,Unknown,2187218066,2022-03-31,2022-Q1,trap,-0.6001,0.28,-0.0018465441176470582,0.33284375744425865,11.362637362637363,0.686416425141653,-0.0727068574152571,0.02259202956013579,0.6654653132412223,-0.8261416545865479,0.10000000000000009,,,,,,,,,,,,,,,,,,,,,
MC-HUN-2020-09-30,HUN,0001307954,Materials,2170947263,2020-09-30,2020-Q3,underperform,0.0986,0.3,0.0032605072302558397,0.5283576675433289,0,0.9915500825622449,0.08847032346473246,0.16391945886016893,4.605170185988091,0.0,0.3999999999999999,,0.4809480067470881,-0.5530705927842483,-1.2640737734381187,-0.0017758208310760374,0.08637434316899878,-0.1924174620072124,0.13343748530045346,STRUCTURAL_STRESS,-0.03185840707964602,,,,,,,0.20257184898478187,-0.20257184898478187,DECELERATING,-0.1924174620072124,-0.12403078485199506
MC-HUN-2022-03-31,HUN,0001307954,Materials,2170947263,2022-03-31,2022-Q1,trap,-0.579,0.28,-0.0018465441176470582,0.33284375744425865,0.17032967032967034,0.6745587513198708,-0.16368114119505134,-0.1061559962514145,0.6774744724933609,-0.027879754818937317,-0.30000000000000004,,0.34862521436565896,-0.5059666334854606,-1.2719129521005985,-0.0013664038567061621,0.07855106263023907,0.600570561019686,0.1509077050423605,STRUCTURAL_STRESS,-0.032,,,,,,,0.2001695141253982,-0.2001695141253982,ACCELERATING,0.600570561019686,0.02847071330860399
MC-SLGL-2020-09-30,SLGL,,Unknown,2165929955,2020-09-30,2020-Q3,trap,-0.7749,0.3,0.0032605072302558397,0.5283576675433289,-57.6,0.5670043527546563,0.017130440993149323,0.013989322013139308,1.5221828650756413,-0.9867134012054011,-0.09999999999999998,,,,,,,,,,,,,,,,,,,,,
MC-SLGL-2022-03-31,SLGL,,Unknown,2165929955,2022-03-31,2022-Q1,trap,-0.9295,0.28,-0.0018465441176470582,0.33284375744425865,-10.395604395604396,0.4571685019256272,0.02655690626046478,0.031933358420742,0.5836305473144205,-0.2760750914549416,-0.09999999999999998,,,,,,,,,,,,,,,,,,,,,
MC-PK-2020-09-30,PK,0001617406,Real Estate,2165921693,2020-09-30,2020-Q3,mixed,0.2332,0.3,0.0032605072302558397,0.5283576675433289,-4.8,0.4747086643202199,-0.08650776085242542,0.05392410467603423,0.20105846510173414,0.41523725209164203,-0.09999999999999998,,1.6503688726230774,,,,0.09339602493676898,0.0026773152704813105,0.20553987480086863,STRUCTURAL_STRESS,-0.04444444444444445,,,,,,,,,PEAK,0.0026773152704813105,-0.02121308970681852
MC-PK-2022-03-31,PK,0001617406,Real Estate,2165921693,2022-03-31,2022-Q1,trap,-0.4531,0.28,-0.0018465441176470582,0.33284375744425865,-0.532967032967033,0.19692862330349734,0.0020149979526351003,0.11213376815873902,0.4847859073032822,-0.0010739274802505753,0.1499999999999999,,2.0106027727228404,,,,0.10037516747692005,0.0026773152704813105,0.20553987480086863,STRUCTURAL_STRESS,-0.04210526315789476,,,,,,,,,PEAK,0.0026773152704813105,-0.02121308970681852
MC-EYE-2020-09-30,EYE,,Unknown,2161030935,2020-09-30,2020-Q3,trap,-0.5769,0.3,0.0032605072302558397,0.5283576675433289,-13.5,0.9086701430325832,-0.009602529923550904,-0.005422411081668275,1.8789655033730557,0.1296341539679372,-0.09999999999999998,,,,,,,,,,,,,,,,,,,,,
MC-EYE-2022-03-31,EYE,,Unknown,2161030935,2022-03-31,2022-Q1,trap,-0.7067,0.28,-0.0018465441176470582,0.33284375744425865,1.9285714285714286,0.4274893065267498,0.0037308349874289205,0.018194357999132455,1.0004368099206478,0.007195181761470061,0.050000000000000044,,,,,,,,,,,,,,,,,,,,,
MC-CXW-2020-09-30,CXW,,Unknown,2154422835,2020-09-30,2020-Q3,mixed,0.4063,0.3,0.0032605072302558397,0.5283576675433289,23.4,0.06758565870527951,0.05482295341979909,0.029749997752047248,4.605170185988091,1.2828571100232986,0.25,,,,,,,,,,,,,,,,,,,,,
MC-CXW-2022-03-31,CXW,,Unknown,2154422835,2022-03-31,2022-Q1,winner,0.8165,0.28,-0.0018465441176470582,0.33284375744425865,-20.03846153846154,0.4750865122051864,-0.008818461707683151,0.019433033481527456,0.20799383939539418,0.1767084057578047,-0.15000000000000002,,,,,,,,,,,,,,,,,,,,,
MC-ALRM-2020-09-30,ALRM,,Unknown,2145244275,2020-09-30,2020-Q3,underperform,0.1066,0.3,0.0032605072302558397,0.5283576675433289,-12.5,0.910066357001786,-0.0435681015604108,-0.037778856394174574,1.7329759678898369,0.544601269505135,-0.09999999999999998,,,,,,,,,,,,,,,,,,,,,
MC-ALRM-2022-03-31,ALRM,,Unknown,2145244275,2022-03-31,2022-Q1,trap,-0.1627,0.28,-0.0018465441176470582,0.33284375744425865,-0.3516483516483517,0.48930407571195433,0.04383547399138758,0.014612998676652422,0.7559544232503322,-0.015414672172795634,0.19999999999999996,,,,,,,,,,,,,,,,,,,,,
MC-CECO-2020-09-30,CECO,,Unknown,2137538250,2020-09-30,2020-Q3,winner,1.1907,0.3,0.0032605072302558397,0.5283576675433289,,,,,,,,,,,,,,,,,,,,,,,,,,,,
MC-CECO-2022-03-31,CECO,,Unknown,2137538250,2022-03-31,2022-Q1,winner,3.153,0.28,-0.0018465441176470582,0.33284375744425865,,,,,,,,,,,,,,,,,,,,,,,,,,,,
MC-DAC-2020-09-30,DAC,,Unknown,2133448545,2020-09-30,2020-Q3,winner,8.0218,0.3,0.0032605072302558397,0.5283576675433289,15.9,0.9999366011211573,-0.09282180734619752,-0.02952155666086211,1.2550146031867881,-1.4758667368045406,-0.30000000000000004,,,,,,,,,,,,,,,,,,,,,
MC-DAC-2022-03-31,DAC,,Unknown,2133448545,2022-03-31,2022-Q1,trap,-0.2393,0.28,-0.0018465441176470582,0.33284375744425865,19.065934065934066,0.5764632587573574,0.1635347359939641,-0.02682741019078419,0.3584672521271383,3.1179424939508538,0.10000000000000009,,,,,,,,,,,,,,,,,,,,,
MC-ADAML-2022-03-31,ADAML,,Unknown,2131957738,2022-03-31,2022-Q1,trap,-0.0565,0.28,-0.0018465441176470582,0.33284375744425865,,,,,,,,,,,,,,,,,,,,,,,,,,,,
MC-CLDX-2020-09-30,CLDX,,Unknown,2107685999,2020-09-30,2020-Q3,winner,0.8557,0.3,0.0032605072302558397,0.5283576675433289,4.5,0.5672942972355829,-0.4702005858934143,-0.06743280909350255,0.1806361716967818,-2.115902636520364,-0.35,,,,,,,,,,,,,,,,,,,,,
MC-CLDX-2022-03-31,CLDX,,Unknown,2107685999,2022-03-31,2022-Q1,trap,-0.4671,0.28,-0.0018465441176470582,0.33284375744425865,-19.516483516483518,0.3578495571549467,-0.021911936542918783,0.029935042559047102,0.28563292597844986,0.4276439483541073,-0.15000000000000002,,,,,,,,,,,,,,,,,,,,,
MC-SEM-2020-09-30,SEM,,Unknown,2100804945,2020-09-30,2020-Q3,mixed,0.2139,0.3,0.0032605072302558397,0.5283576675433289,1.6,0.9440259101202666,0.019125666977413504,-0.03510302931922165,0.7820984406854713,0.030601067163861607,0.19999999999999996,,,,,,,,,,,,,,,,,,,,,
MC-SEM-2022-03-31,SEM,,Unknown,2100804945,2022-03-31,2022-Q1,mixed,0.2916,0.28,-0.0018465441176470582,0.33284375744425865,-1.1153846153846154,0.602402657783051,-0.10475385442545708,0.13240928036669958,0.9485279783642588,0.11684083762839444,-0.19999999999999996,,,,,,,,,,,,,,,,,,,,,
MC-VECO-2020-09-30,VECO,,Unknown,2087428497,2020-09-30,2020-Q3,winner,1.4087,0.3,0.0032605072302558397,0.5283576675433289,-10,0.49873791850875737,-0.10697345492967736,-0.04580887593596005,0.4539470752596814,1.0697345492967736,-0.35,,,,,,,,,,,,,,,,,,,,,
MC-VECO-2022-03-31,VECO,,Unknown,2087428497,2022-03-31,2022-Q1,trap,-0.2615,0.28,-0.0018465441176470582,0.33284375744425865,-9.137362637362637,0.5306992660804282,-0.03812838728438769,-0.03012210394958032,0.6263583572403411,0.3483929013952567,-0.09999999999999998,,,,,,,,,,,,,,,,,,,,,
MC-ATKR-2020-09-30,ATKR,,Unknown,2081810308,2020-09-30,2020-Q3,winner,5.5636,0.3,0.0032605072302558397,0.5283576675433289,11.8,0.9977931415368471,0.22259098874852518,0.18472394163257633,0.5662266856675567,2.626573667232597,0.3999999999999999,,,,,,,,,,,,,,,,,,,,,
MC-ATKR-2022-03-31,ATKR,,Unknown,2081810308,2022-03-31,2022-Q1,trap,-0.3906,0.28,-0.0018465441176470582,0.33284375744425865,3.159340659340659,0.38164037042522536,-0.06078982300449005,0.06865813040370315,0.8777867467554107,-0.19205575949220755,-0.050000000000000044,,,,,,,,,,,,,,,,,,,,,
MC-SPSC-2020-09-30,SPSC,,Unknown,2081338361,2020-09-30,2020-Q3,winner,1.191,0.3,0.0032605072302558397,0.5283576675433289,-0.6,5.725330722224971e-06,-0.0030168419624258674,-0.10321302799710667,4.605170185988091,0.0018101051774555203,0.19999999999999996,,,,,,,,,,,,,,,,,,,,,
MC-SPSC-2022-03-31,SPSC,,Unknown,2081338361,2022-03-31,2022-Q1,underperform,0.0117,0.28,-0.0018465441176470582,0.33284375744425865,-0.18681318681318682,0.5401377905208755,-0.030558984810402118,-0.029439497664341632,0.5276433962359816,0.0057088213382069895,0.050000000000000044,,,,,,,,,,,,,,,,,,,,,
MC-BANR-2020-09-30,BANR,,Unknown,2079995481,2020-09-30,2020-Q3,mixed,0.3137,0.3,0.0032605072302558397,0.5283576675433289,-3.3,0.4630325836493638,-0.03577346429746821,-0.03287471298901194,0.5231287051770616,0.11805243218164507,0.050000000000000044,,,,,,,,,,,,,,,,,,,,,
MC-BANR-2022-03-31,BANR,,Unknown,2079995481,2022-03-31,2022-Q1,underperform,0.0895,0.28,-0.0018465441176470582,0.33284375744425865,6.7032967032967035,0.34002118632465456,-0.09770020002825038,0.011729901417400157,0.7865147792964446,-0.6549134287607993,0.10000000000000009,,,,,,,,,,,,,,,,,,,,,
MC-SPB-2020-09-30,SPB,,Unknown,2064049145,2020-09-30,2020-Q3,mixed,0.3707,0.3,0.0032605072302558397,0.5283576675433289,22.9,0.9856876249359328,0.0675938314276475,-0.02093941544171266,2.0045204878891854,1.5478987396931274,0.44999999999999996,,,,,,,,,,,,,,,,,,,,,
MC-SPB-2022-03-31,SPB,,Unknown,2064049145,2022-03-31,2022-Q1,trap,-0.1935,0.28,-0.0018465441176470582,0.33284375744425865,9.802197802197803,0.5679814973614787,-0.051462795137100656,0.01733028931653685,1.0260262450449977,-0.5044484973878438,0.25,,,,,,,,,,,,,,,,,,,,,
MC-PPBT-2020-09-30,PPBT,,Unknown,2063343586,2020-09-30,2020-Q3,trap,-0.7302,0.3,0.0032605072302558397,0.5283576675433289,,,,,,,,,,,,,,,,,,,,,,,,,,,,
MC-PPBT-2022-03-31,PPBT,,Unknown,2063343586,2022-03-31,2022-Q1,trap,-0.9662,0.28,-0.0018465441176470582,0.33284375744425865,-60.107142857142854,0.32363736504937873,0.0026185407580004046,-0.035416886551466235,0.19923276030520318,-0.15739300341838144,-0.15000000000000002,,,,,,,,,,,,,,,,,,,,,
MC-EXTR-2020-09-30,EXTR,,Unknown,2052397005,2020-09-30,2020-Q3,winner,5.0224,0.3,0.0032605072302558397,0.5283576675433289,-36,0.13629303610827126,-0.06009807539769623,-0.10876597175803425,4.605170185988091,2.1635307143170643,-0.15000000000000002,,,,,,,,,,,,,,,,,,,,,
MC-EXTR-2022-03-31,EXTR,,Unknown,2052397005,2022-03-31,2022-Q1,underperform,0.0835,0.28,-0.0018465441176470582,0.33284375744425865,-1.8956043956043955,0.412434947350241,0.032242703935941516,0.10832430542446611,0.6891156424671577,-0.06111941130714188,-0.09999999999999998,,,,,,,,,,,,,,,,,,,,,
MC-VET-2020-09-30,VET,,Unknown,2051236445,2020-09-30,2020-Q3,winner,5.2479,0.3,0.0032605072302558397,0.5283576675433289,-2.9,0.1790172705954346,-0.14669536180884934,0.003629797739140045,0.2376129545373995,0.4254165492456631,0.19999999999999996,,,,,,,,,,,,,,,,,,,,,
MC-VET-2022-03-31,VET,,Unknown,2051236445,2022-03-31,2022-Q1,trap,-0.6147,0.28,-0.0018465441176470582,0.33284375744425865,16.835164835164836,0.4590660305199227,0.059974195550363256,0.07444161781281727,0.14572347542842407,1.0096754679467748,0.19999999999999996,,,,,,,,,,,,,,,,,,,,,
MC-UTI-2020-09-30,UTI,,Unknown,2050864681,2020-09-30,2020-Q3,winner,0.6496,0.3,0.0032605072302558397,0.5283576675433289,-66.4,0.856082495034746,0.05927622463050777,0.0364863957398847,0.24847006858259585,-3.9359413154657164,0.19999999999999996,,,,,,,,,,,,,,,,,,,,,
MC-UTI-2022-03-31,UTI,,Unknown,2050864681,2022-03-31,2022-Q1,winner,1.9017,0.28,-0.0018465441176470582,0.33284375744425865,-6.368131868131868,0.618994942319638,-0.2433967297821837,0.054436537754267544,0.8288525132429356,1.549982471525005,-0.050000000000000044,,,,,,,,,,,,,,,,,,,,,
MC-SCNI-2020-09-30,SCNI,,Unknown,2050602171,2020-09-30,2020-Q3,trap,-0.9978,0.3,0.0032605072302558397,0.5283576675433289,,,,,,,,,,,,,,,,,,,,,,,,,,,,
MC-SCNI-2022-03-31,SCNI,,Unknown,2050602171,2022-03-31,2022-Q1,trap,-0.9838,0.28,-0.0018465441176470582,0.33284375744425865,,,,,,,,,,,,,,,,,,,,,,,,,,,,
MC-PLUS-2020-09-30,PLUS,,Unknown,2047867420,2020-09-30,2020-Q3,winner,0.7355,0.3,0.0032605072302558397,0.5283576675433289,18.3,0.6216693335747787,-0.028808965634051435,-0.0524309370927507,1.8650209471379584,-0.5272040711031413,-0.09999999999999998,,,,,,,,,,,,,,,,,,,,,
MC-PLUS-2022-03-31,PLUS,,Unknown,2047867420,2022-03-31,2022-Q1,underperform,0.0887,0.28,-0.0018465441176470582,0.33284375744425865,2.269230769230769,0.694258929390926,-0.033408218793223615,0.06168166744368438,0.6624670417981761,-0.07581095803077666,-0.09999999999999998,,,,,,,,,,,,,,,,,,,,,
MC-STRA-2020-09-30,STRA,,Unknown,2044723953,2020-09-30,2020-Q3,trap,-0.1773,0.3,0.0032605072302558397,0.5283576675433289,47.1,0.01751097705895076,0.014175083319392455,-0.06339779283014202,1.0172861391760253,0.6676464243433846,0.050000000000000044,,,,,,,,,,,,,,,,,,,,,
MC-STRA-2022-03-31,STRA,,Unknown,2044723953,2022-03-31,2022-Q1,mixed,0.2648,0.28,-0.0018465441176470582,0.33284375744425865,-6.0989010989010985,0.49008321858373083,-0.014159699972239485,0.04108917352234871,0.8293716904602932,0.08635860972080124,-0.09999999999999998,,,,,,,,,,,,,,,,,,,,,
MC-GTM-2020-09-30,GTM,,Unknown,2029792717,2020-09-30,2020-Q3,trap,-0.6185,0.3,0.0032605072302558397,0.5283576675433289,,,,,,,,,,,,,,,,,,,,,,,,,,,,
MC-GTM-2022-03-31,GTM,,Unknown,2029792717,2022-03-31,2022-Q1,trap,-0.8326,0.28,-0.0018465441176470582,0.33284375744425865,,,,,,,,,,,,,,,,,,,,,,,,,,,,
MC-ADAMN-2020-09-30,ADAMN,,Unknown,2024182430,2020-09-30,2020-Q3,trap,-0.0097,0.3,0.0032605072302558397,0.5283576675433289,,,,,,,,,,,,,,,,,,,,,,,,,,,,
MC-ADAMN-2022-03-31,ADAMN,,Unknown,2024182430,2022-03-31,2022-Q1,trap,-0.0977,0.28,-0.0018465441176470582,0.33284375744425865,,,,,,,,,,,,,,,,,,,,,,,,,,,,
MC-AGYS-2020-09-30,AGYS,,Unknown,2023753888,2020-09-30,2020-Q3,winner,1.7384,0.3,0.0032605072302558397,0.5283576675433289,-6,0.7193587526520443,0.011750093789573887,0.08049923515267676,0.4576761597116972,-0.07050056273744332,0.30000000000000004,,,,,,,,,,,,,,,,,,,,,
MC-AGYS-2022-03-31,AGYS,,Unknown,2023753888,2022-03-31,2022-Q1,winner,0.819,0.28,-0.0018465441176470582,0.33284375744425865,-3.379120879120879,0.3982411548379301,-0.004572713240280225,0.013694071729534199,1.0140589015975356,0.015451750784463399,0.19999999999999996,,,,,,,,,,,,,,,,,,,,,
MC-NBTB-2020-09-30,NBTB,,Unknown,2010176355,2020-09-30,2020-Q3,underperform,0.1816,0.3,0.0032605072302558397,0.5283576675433289,37.1,0.8277424184161647,0.10750991085819131,0.014487664650004953,1.8392139237528966,3.988617692838898,0.55,,,,,,,,,,,,,,,,,,,,,
MC-NBTB-2022-03-31,NBTB,,Unknown,2010176355,2022-03-31,2022-Q1,mixed,0.1874,0.28,-0.0018465441176470582,0.33284375744425865,10.087912087912088,0.3432379705669566,-0.03430396195885492,0.024365562037044656,0.3392485581792661,-0.34605535250800895,0.1499999999999999,,,,,,,,,,,,,,,,,,,,,
MC-MFA-PB-2020-09-30,MFA-PB,,Unknown,2004340603,2020-09-30,2020-Q3,trap,-0.0925,0.3,0.0032605072302558397,0.5283576675433289,,,,,,,,,,,,,,,,,,,,,,,,,,,,
MC-MFA-PB-2022-03-31,MFA-PB,,Unknown,2004340603,2022-03-31,2022-Q1,trap,-0.1305,0.28,-0.0018465441176470582,0.33284375744425865,,,,,,,,,,,,,,,,,,,,,,,,,,,,
MC-IMAX-2020-09-30,IMAX,,Unknown,2001659435,2020-09-30,2020-Q3,winner,0.6154,0.3,0.0032605072302558397,0.5283576675433289,-6.1,0.9913921629004662,0.04223806934282491,0.08364074401734314,0.996135009820531,-0.2576522229912319,0.19999999999999996,,,,,,,,,,,,,,,,,,,,,
MC-IMAX-2022-03-31,IMAX,,Unknown,2001659435,2022-03-31,2022-Q1,mixed,0.392,0.28,-0.0018465441176470582,0.33284375744425865,-7.989010989010989,0.5369587448837106,-0.03601998360118129,-0.053765940006894344,0.4739908973111714,0.28776404481383294,0,,,,,,,,,,,,,,,,,,,,,
MC-INTA-2022-03-31,INTA,,Unknown,2000825629,2022-03-31,2022-Q1,winner,1.4315,0.28,-0.0018465441176470582,0.33284375744425865,-35.7,0.3173963708269212,-0.30684014203926,-0.2549739542052881,0.9081300442341617,10.954193070801583,-0.30000000000000004,,,,,,,,,,,,,,,,,,,,,
